coord_p_true_x,coord_p_true_y,radiusX_p_true,radiusY_p_true,theta_p_true,coord_i_true_x,coord_i_true_y,radiusX_i_true,radiusY_i_true,theta_i_true
102.68121212121211,80.14545454545453,9.629090909090909,9.629090909090909,-0.07,103.79636363636361,80.79515151515152,29.507878787878788,29.081212121212122,-0.14
