coord_p_true_x,coord_p_true_y,radiusX_p_true,radiusY_p_true,theta_p_true,coord_i_true_x,coord_i_true_y,radiusX_i_true,radiusY_i_true,theta_i_true
111.37939393939395,79.66060606060604,9.202424242424243,9.202424242424243,-0.18,111.15636363636364,79.81575757575759,29.313939393939396,29.313939393939396,-0.08
