coord_p_true_x,coord_p_true_y,radiusX_p_true,radiusY_p_true,theta_p_true,coord_i_true_x,coord_i_true_y,radiusX_i_true,radiusY_i_true,theta_i_true
110.74909090909095,77.78909090909094,13.973333333333334,13.973333333333334,-3.01,111.55393939393936,77.23636363636362,23.62181818181818,23.62181818181818,-0.33
