coord_p_true_x,coord_p_true_y,radiusX_p_true,radiusY_p_true,theta_p_true,coord_i_true_x,coord_i_true_y,radiusX_i_true,radiusY_i_true,theta_i_true
103.01090909090911,79.64121212121212,7.38909090909091,7.38909090909091,0.0,105.67757575757578,78.89454545454547,31.806060606060605,31.806060606060605,-0.24
