coord_p_true_x,coord_p_true_y,radiusX_p_true,radiusY_p_true,theta_p_true,coord_i_true_x,coord_i_true_y,radiusX_i_true,radiusY_i_true,theta_i_true
115.12242424242427,77.96363636363634,13.818181818181818,13.818181818181818,0.04,113.88121212121212,78.7878787878788,22.206060606060607,22.206060606060607,-0.07
