coord_p_true_x,coord_p_true_y,radiusX_p_true,radiusY_p_true,theta_p_true,coord_i_true_x,coord_i_true_y,radiusX_i_true,radiusY_i_true,theta_i_true
114.41454545454546,81.16363636363636,8.601212121212122,8.601212121212122,-0.06,113.47393939393938,79.6218181818182,31.97090909090909,32.27151515151515,0.08
