coord_p_true_x,coord_p_true_y,radiusX_p_true,radiusY_p_true,theta_p_true,coord_i_true_x,coord_i_true_y,radiusX_i_true,radiusY_i_true,theta_i_true
105.75515151515152,76.4412121212121,11.59757575757576,11.59757575757576,-0.13,105.41575757575755,77.18787878787882,25.6969696969697,25.6969696969697,-0.06
