coord_p_true_x,coord_p_true_y,radiusX_p_true,radiusY_p_true,theta_p_true,coord_i_true_x,coord_i_true_y,radiusX_i_true,radiusY_i_true,theta_i_true
111.25333333333336,74.61818181818181,12.896969696969698,12.896969696969698,-0.18,113.75515151515147,74.1139393939394,25.813333333333336,25.813333333333336,-0.14
