coord_p_true_x,coord_p_true_y,radiusX_p_true,radiusY_p_true,theta_p_true,coord_i_true_x,coord_i_true_y,radiusX_i_true,radiusY_i_true,theta_i_true
113.10545454545453,81.01818181818183,7.098181818181819,7.098181818181819,-0.01,114.30787878787879,83.78181818181817,23.292121212121213,23.292121212121213,0.13
