coord_p_true_x,coord_p_true_y,radiusX_p_true,radiusY_p_true,theta_p_true,coord_i_true_x,coord_i_true_y,radiusX_i_true,radiusY_i_true,theta_i_true
111.02060606060607,80.19393939393939,7.583030303030304,7.583030303030304,-0.06,113.04727272727277,82.04606060606062,25.667878787878788,25.667878787878788,-0.07
