coord_p_true_x,coord_p_true_y,radiusX_p_true,radiusY_p_true,theta_p_true,coord_i_true_x,coord_i_true_y,radiusX_i_true,radiusY_i_true,theta_i_true
114.9090909090909,80.62060606060605,6.264242424242425,6.264242424242425,-0.25,117.23636363636362,81.37696969696971,23.059393939393942,23.059393939393942,0.08
