coord_p_true_x,coord_p_true_y,radiusX_p_true,radiusY_p_true,theta_p_true,coord_i_true_x,coord_i_true_y,radiusX_i_true,radiusY_i_true,theta_i_true
106.38545454545452,80.81454545454544,8.116363636363635,8.116363636363635,-0.18,104.5818181818182,80.64000000000003,27.50060606060606,27.50060606060606,0.04
