coord_p_true_x,coord_p_true_y,radiusX_p_true,radiusY_p_true,theta_p_true,coord_i_true_x,coord_i_true_y,radiusX_i_true,radiusY_i_true,theta_i_true
108.50909090909089,76.23757575757577,9.696969696969697,9.696969696969697,0.13,107.70424242424242,76.48,25.793939393939397,25.793939393939397,0.05
