coord_p_true_x,coord_p_true_y,radiusX_p_true,radiusY_p_true,theta_p_true,coord_i_true_x,coord_i_true_y,radiusX_i_true,radiusY_i_true,theta_i_true
111.56363636363632,77.7212121212121,14.671515151515152,14.671515151515152,-0.09,113.23151515151514,78.93333333333331,23.612121212121213,23.612121212121213,-0.07
