coord_p_true_x,coord_p_true_y,radiusX_p_true,radiusY_p_true,theta_p_true,coord_i_true_x,coord_i_true_y,radiusX_i_true,radiusY_i_true,theta_i_true
111.64121212121212,76.93575757575755,15.36969696969697,15.36969696969697,0.03,111.22424242424242,78.37090909090908,23.495757575757576,23.495757575757576,-0.02
