coord_p_true_x,coord_p_true_y,radiusX_p_true,radiusY_p_true,theta_p_true,coord_i_true_x,coord_i_true_y,radiusX_i_true,radiusY_i_true,theta_i_true
117.20727272727274,78.77818181818184,9.163636363636364,9.163636363636364,-0.01,117.85696969696967,76.82909090909092,26.24,26.24,-0.09
