coord_p_true_x,coord_p_true_y,radiusX_p_true,radiusY_p_true,theta_p_true,coord_i_true_x,coord_i_true_y,radiusX_i_true,radiusY_i_true,theta_i_true
99.25818181818184,79.68969696969698,5.808484848484849,5.808484848484849,-0.21,101.5951515151515,80.4169696969697,27.490909090909092,27.490909090909092,-0.25
