coord_p_true_x,coord_p_true_y,radiusX_p_true,radiusY_p_true,theta_p_true,coord_i_true_x,coord_i_true_y,radiusX_i_true,radiusY_i_true,theta_i_true
100.76121212121215,71.22424242424242,11.083636363636364,11.083636363636364,-0.06,102.27393939393943,72.7369696969697,20.266666666666666,20.266666666666666,0.02
