coord_p_true_x,coord_p_true_y,radiusX_p_true,radiusY_p_true,theta_p_true,coord_i_true_x,coord_i_true_y,radiusX_i_true,radiusY_i_true,theta_i_true
101.49818181818183,78.36121212121212,5.197575757575758,5.197575757575758,-0.31,100.92606060606059,79.14666666666668,27.830303030303032,27.830303030303032,-0.08
