coord_p_true_x,coord_p_true_y,radiusX_p_true,radiusY_p_true,theta_p_true,coord_i_true_x,coord_i_true_y,radiusX_i_true,radiusY_i_true,theta_i_true
106.28848484848487,73.16363636363636,11.694545454545455,11.694545454545455,-0.06,106.70545454545451,73.08606060606061,22.904242424242426,22.904242424242426,-0.07
