coord_p_true_x,coord_p_true_y,radiusX_p_true,radiusY_p_true,theta_p_true,coord_i_true_x,coord_i_true_y,radiusX_i_true,radiusY_i_true,theta_i_true
107.05454545454543,79.19515151515154,7.631515151515152,7.631515151515152,0.15,108.33454545454548,78.26424242424241,26.802424242424244,26.802424242424244,-0.01
