coord_p_true_x,coord_p_true_y,radiusX_p_true,radiusY_p_true,theta_p_true,coord_i_true_x,coord_i_true_y,radiusX_i_true,radiusY_i_true,theta_i_true
109.65333333333332,78.82666666666668,9.328484848484848,9.328484848484848,0.08,109.98303030303032,78.99151515151513,26.259393939393938,26.259393939393938,-0.05
