coord_p_true_x,coord_p_true_y,radiusX_p_true,radiusY_p_true,theta_p_true,coord_i_true_x,coord_i_true_y,radiusX_i_true,radiusY_i_true,theta_i_true
100.89696969696966,78.10909090909092,7.592727272727273,7.427878787878789,-0.19,101.04242424242429,79.4569696969697,27.917575757575758,27.917575757575758,-0.07
