coord_p_true_x,coord_p_true_y,radiusX_p_true,radiusY_p_true,theta_p_true,coord_i_true_x,coord_i_true_y,radiusX_i_true,radiusY_i_true,theta_i_true
111.25333333333336,75.49090909090911,15.282424242424243,15.282424242424243,-0.26,112.53333333333329,76.18909090909091,24.727272727272727,24.727272727272727,-0.05
