coord_p_true_x,coord_p_true_y,radiusX_p_true,radiusY_p_true,theta_p_true,coord_i_true_x,coord_i_true_y,radiusX_i_true,radiusY_i_true,theta_i_true
111.81575757575759,78.30303030303031,14.75878787878788,14.75878787878788,-0.25,111.68969696969698,77.44969696969697,24.116363636363637,24.116363636363637,0.03
