coord_p_true_x,coord_p_true_y,radiusX_p_true,radiusY_p_true,theta_p_true,coord_i_true_x,coord_i_true_y,radiusX_i_true,radiusY_i_true,theta_i_true
104.29090909090911,75.88848484848484,6.545454545454546,6.545454545454546,-0.2,103.4569696969697,77.24606060606064,25.687272727272727,25.687272727272727,-0.12
