coord_p_true_x,coord_p_true_y,radiusX_p_true,radiusY_p_true,theta_p_true,coord_i_true_x,coord_i_true_y,radiusX_i_true,radiusY_i_true,theta_i_true
111.37939393939395,77.77939393939393,6.206060606060607,6.206060606060607,-0.03,112.35878787878788,76.94545454545457,25.65818181818182,25.65818181818182,-0.07
