coord_p_true_x,coord_p_true_y,radiusX_p_true,radiusY_p_true,theta_p_true,coord_i_true_x,coord_i_true_y,radiusX_i_true,radiusY_i_true,theta_i_true
111.69939393939394,69.56606060606062,15.389090909090909,15.389090909090909,-0.27,112.1260606060606,69.13939393939395,33.70666666666666,33.70666666666666,-0.05
