coord_p_true_x,coord_p_true_y,radiusX_p_true,radiusY_p_true,theta_p_true,coord_i_true_x,coord_i_true_y,radiusX_i_true,radiusY_i_true,theta_i_true
101.44969696969697,70.71030303030305,14.855757575757577,14.855757575757577,-0.49,100.58666666666669,69.29454545454544,32.45575757575757,32.45575757575757,-0.63
