coord_p_true_x,coord_p_true_y,radiusX_p_true,radiusY_p_true,theta_p_true,coord_i_true_x,coord_i_true_y,radiusX_i_true,radiusY_i_true,theta_i_true
108.99393939393937,71.2436363636364,7.893333333333334,8.096969696969698,0.16,112.6593939393939,70.15757575757578,25.92,25.92,-0.21
