coord_p_true_x,coord_p_true_y,radiusX_p_true,radiusY_p_true,theta_p_true,coord_i_true_x,coord_i_true_y,radiusX_i_true,radiusY_i_true,theta_i_true
120.59151515151517,70.76848484848487,7.573333333333333,7.573333333333333,-0.03,120.76606060606063,70.94303030303033,23.796363636363637,23.43757575757576,-0.25
