coord_p_true_x,coord_p_true_y,radiusX_p_true,radiusY_p_true,theta_p_true,coord_i_true_x,coord_i_true_y,radiusX_i_true,radiusY_i_true,theta_i_true
112.59151515151517,80.28121212121215,9.696969696969697,9.696969696969697,0.06,111.15636363636364,80.64969696969699,26.463030303030305,26.463030303030305,0.06
