coord_p_true_x,coord_p_true_y,radiusX_p_true,radiusY_p_true,theta_p_true,coord_i_true_x,coord_i_true_y,radiusX_i_true,radiusY_i_true,theta_i_true
115.8981818181818,80.7757575757576,11.200000000000001,11.200000000000001,-0.14,116.96484848484849,82.1139393939394,26.67636363636364,26.67636363636364,-0.08
