coord_p_true_x,coord_p_true_y,radiusX_p_true,radiusY_p_true,theta_p_true,coord_i_true_x,coord_i_true_y,radiusX_i_true,radiusY_i_true,theta_i_true
108.42181818181818,76.17939393939395,6.661818181818182,6.661818181818182,-0.41,107.37454545454547,77.56606060606062,24.736969696969698,24.736969696969698,-0.12
