coord_p_true_x,coord_p_true_y,radiusX_p_true,radiusY_p_true,theta_p_true,coord_i_true_x,coord_i_true_y,radiusX_i_true,radiusY_i_true,theta_i_true
114.56969696969695,77.48848484848487,6.303030303030303,6.303030303030303,-0.19,114.91878787878787,78.04121212121214,24.62060606060606,24.62060606060606,0.03
