coord_p_true_x,coord_p_true_y,radiusX_p_true,radiusY_p_true,theta_p_true,coord_i_true_x,coord_i_true_y,radiusX_i_true,radiusY_i_true,theta_i_true
113.41575757575755,76.04363636363638,10.608484848484848,10.608484848484848,-0.05,112.25212121212121,74.96727272727273,26.03636363636364,26.03636363636364,-0.06
