coord_p_true_x,coord_p_true_y,radiusX_p_true,radiusY_p_true,theta_p_true,coord_i_true_x,coord_i_true_y,radiusX_i_true,radiusY_i_true,theta_i_true
118.19636363636363,78.71030303030305,9.221818181818183,9.221818181818183,-0.06,119.8739393939394,78.7878787878788,24.504242424242424,24.504242424242424,-0.06
