coord_p_true_x,coord_p_true_y,radiusX_p_true,radiusY_p_true,theta_p_true,coord_i_true_x,coord_i_true_y,radiusX_i_true,radiusY_i_true,theta_i_true
117.28484848484848,78.23515151515153,8.872727272727273,8.872727272727273,-0.06,115.80121212121215,78.43878787878786,24.892121212121214,24.892121212121214,-0.02
