coord_p_true_x,coord_p_true_y,radiusX_p_true,radiusY_p_true,theta_p_true,coord_i_true_x,coord_i_true_y,radiusX_i_true,radiusY_i_true,theta_i_true
115.98545454545456,74.9478787878788,10.26909090909091,10.26909090909091,-0.03,117.5466666666667,75.16121212121212,26.327272727272728,26.327272727272728,-0.09
