coord_p_true_x,coord_p_true_y,radiusX_p_true,radiusY_p_true,theta_p_true,coord_i_true_x,coord_i_true_y,radiusX_i_true,radiusY_i_true,theta_i_true
110.44848484848482,77.5951515151515,11.995151515151514,11.995151515151514,0.07,110.09939393939396,78.4290909090909,23.99030303030303,23.99030303030303,0.06
