coord_p_true_x,coord_p_true_y,radiusX_p_true,radiusY_p_true,theta_p_true,coord_i_true_x,coord_i_true_y,radiusX_i_true,radiusY_i_true,theta_i_true
109.4690909090909,79.57333333333334,12.17939393939394,12.17939393939394,0.11,110.08969696969694,79.83515151515151,23.272727272727273,23.272727272727273,-0.04
