coord_p_true_x,coord_p_true_y,radiusX_p_true,radiusY_p_true,theta_p_true,coord_i_true_x,coord_i_true_y,radiusX_i_true,radiusY_i_true,theta_i_true
126.43878787878786,79.32121212121213,6.623030303030303,6.623030303030303,-0.13,128.60121212121214,81.1927272727273,25.755151515151514,25.755151515151514,0.02
