coord_p_true_x,coord_p_true_y,radiusX_p_true,radiusY_p_true,theta_p_true,coord_i_true_x,coord_i_true_y,radiusX_i_true,radiusY_i_true,theta_i_true
123.85939393939395,79.12727272727275,6.690909090909091,6.690909090909091,0.08,122.23030303030305,80.11636363636364,26.162424242424244,26.162424242424244,0.01
