coord_p_true_x,coord_p_true_y,radiusX_p_true,radiusY_p_true,theta_p_true,coord_i_true_x,coord_i_true_y,radiusX_i_true,radiusY_i_true,theta_i_true
111.30181818181816,72.24242424242425,7.107878787878788,7.204848484848485,-0.56,111.10787878787878,73.96848484848482,26.753939393939394,26.753939393939394,-0.09
