coord_p_true_x,coord_p_true_y,radiusX_p_true,radiusY_p_true,theta_p_true,coord_i_true_x,coord_i_true_y,radiusX_i_true,radiusY_i_true,theta_i_true
110.03151515151518,77.71151515151514,6.487272727272728,6.487272727272728,-0.2,108.63515151515149,81.22181818181818,25.027878787878787,25.027878787878787,-0.07
