coord_p_true_x,coord_p_true_y,radiusX_p_true,radiusY_p_true,theta_p_true,coord_i_true_x,coord_i_true_y,radiusX_i_true,radiusY_i_true,theta_i_true
107.08363636363632,78.65212121212123,6.516363636363637,6.516363636363637,-0.07,109.35272727272726,79.8739393939394,25.03757575757576,25.03757575757576,-0.08
