coord_p_true_x,coord_p_true_y,radiusX_p_true,radiusY_p_true,theta_p_true,coord_i_true_x,coord_i_true_y,radiusX_i_true,radiusY_i_true,theta_i_true
111.2921212121212,72.85333333333332,7.263030303030304,7.263030303030304,-0.51,111.670303030303,74.05575757575758,26.753939393939394,26.753939393939394,-0.18
