coord_p_true_x,coord_p_true_y,radiusX_p_true,radiusY_p_true,theta_p_true,coord_i_true_x,coord_i_true_y,radiusX_i_true,radiusY_i_true,theta_i_true
105.9490909090909,83.05454545454543,7.505454545454546,7.505454545454546,0.15,108.22787878787881,81.26060606060608,24.203636363636367,24.203636363636367,-0.05
