coord_p_true_x,coord_p_true_y,radiusX_p_true,radiusY_p_true,theta_p_true,coord_i_true_x,coord_i_true_y,radiusX_i_true,radiusY_i_true,theta_i_true
108.37333333333332,80.53333333333335,7.0593939393939396,7.0593939393939396,0.16,107.63636363636364,80.04848484848486,24.30060606060606,24.30060606060606,0.03
