coord_p_true_x,coord_p_true_y,radiusX_p_true,radiusY_p_true,theta_p_true,coord_i_true_x,coord_i_true_y,radiusX_i_true,radiusY_i_true,theta_i_true
109.77939393939393,75.8109090909091,7.990303030303031,7.990303030303031,0.04,109.38181818181819,74.55999999999999,22.303030303030305,22.303030303030305,-0.11
