coord_p_true_x,coord_p_true_y,radiusX_p_true,radiusY_p_true,theta_p_true,coord_i_true_x,coord_i_true_y,radiusX_i_true,radiusY_i_true,theta_i_true
118.52606060606062,71.80606060606063,8.804848484848485,8.804848484848485,-0.36,119.68969696969693,73.59030303030302,22.14787878787879,22.14787878787879,-0.22
