coord_p_true_x,coord_p_true_y,radiusX_p_true,radiusY_p_true,theta_p_true,coord_i_true_x,coord_i_true_y,radiusX_i_true,radiusY_i_true,theta_i_true
106.1527272727273,77.2557575757576,10.773333333333333,10.773333333333333,-0.32,105.37696969696971,77.33333333333333,23.922424242424245,23.922424242424245,0.02
