coord_p_true_x,coord_p_true_y,radiusX_p_true,radiusY_p_true,theta_p_true,coord_i_true_x,coord_i_true_y,radiusX_i_true,radiusY_i_true,theta_i_true
108.03393939393936,79.56363636363638,9.735757575757575,9.464242424242425,-0.4,108.87757575757574,78.87515151515149,22.526060606060607,22.526060606060607,-0.19
