coord_p_true_x,coord_p_true_y,radiusX_p_true,radiusY_p_true,theta_p_true,coord_i_true_x,coord_i_true_y,radiusX_i_true,radiusY_i_true,theta_i_true
123.12242424242427,75.47151515151513,8.523636363636363,8.543030303030303,-0.26,124.42181818181814,79.15636363636364,23.524848484848487,24.23272727272727,0.11
