coord_p_true_x,coord_p_true_y,radiusX_p_true,radiusY_p_true,theta_p_true,coord_i_true_x,coord_i_true_y,radiusX_i_true,radiusY_i_true,theta_i_true
118.50666666666665,75.38424242424243,7.621818181818182,7.621818181818182,-0.15,116.68363636363635,77.91515151515154,25.881212121212123,25.881212121212123,0.16
