coord_p_true_x,coord_p_true_y,radiusX_p_true,radiusY_p_true,theta_p_true,coord_i_true_x,coord_i_true_y,radiusX_i_true,radiusY_i_true,theta_i_true
113.28000000000006,80.11636363636364,15.272727272727273,14.593939393939396,0.02,113.71636363636362,80.56242424242423,35.4230303030303,35.4230303030303,-0.07
