coord_p_true_x,coord_p_true_y,radiusX_p_true,radiusY_p_true,theta_p_true,coord_i_true_x,coord_i_true_y,radiusX_i_true,radiusY_i_true,theta_i_true
117.41090909090907,77.65333333333332,14.370909090909091,14.370909090909091,0.1,116.23757575757577,77.04242424242423,35.898181818181826,36.50909090909091,0.01
