coord_p_true_x,coord_p_true_y,radiusX_p_true,radiusY_p_true,theta_p_true,coord_i_true_x,coord_i_true_y,radiusX_i_true,radiusY_i_true,theta_i_true
103.03999999999999,73.40606060606059,4.78060606060606,4.78060606060606,0.27,103.2436363636364,76.56727272727271,24.387878787878787,24.368484848484847,-0.02
