coord_p_true_x,coord_p_true_y,radiusX_p_true,radiusY_p_true,theta_p_true,coord_i_true_x,coord_i_true_y,radiusX_i_true,radiusY_i_true,theta_i_true
115.86909090909091,74.57939393939397,6.865454545454546,6.865454545454546,0.3,114.21090909090907,73.7357575757576,24.70787878787879,24.70787878787879,0.18
