coord_p_true_x,coord_p_true_y,radiusX_p_true,radiusY_p_true,theta_p_true,coord_i_true_x,coord_i_true_y,radiusX_i_true,radiusY_i_true,theta_i_true
112.29090909090905,76.64484848484851,6.875151515151515,6.875151515151515,0.54,113.5224242424243,73.59999999999998,24.62060606060606,24.62060606060606,0.13
