coord_p_true_x,coord_p_true_y,radiusX_p_true,radiusY_p_true,theta_p_true,coord_i_true_x,coord_i_true_y,radiusX_i_true,radiusY_i_true,theta_i_true
115.61696969696972,77.70181818181818,7.670303030303031,7.68,0.6,115.2678787878788,77.06181818181821,24.63030303030303,25.008484848484848,0.23
