coord_p_true_x,coord_p_true_y,radiusX_p_true,radiusY_p_true,theta_p_true,coord_i_true_x,coord_i_true_y,radiusX_i_true,radiusY_i_true,theta_i_true
111.91272727272724,76.74181818181818,7.776969696969696,7.583030303030304,0.71,113.17333333333337,73.51272727272728,26.026666666666667,26.026666666666667,0.17
