coord_p_true_x,coord_p_true_y,radiusX_p_true,radiusY_p_true,theta_p_true,coord_i_true_x,coord_i_true_y,radiusX_i_true,radiusY_i_true,theta_i_true
124.16969696969693,78.24484848484849,10.56,10.395151515151516,0.54,125.04242424242429,79.83515151515151,22.545454545454547,22.652121212121212,0.51
