coord_p_true_x,coord_p_true_y,radiusX_p_true,radiusY_p_true,theta_p_true,coord_i_true_x,coord_i_true_y,radiusX_i_true,radiusY_i_true,theta_i_true
130.01696969696974,74.3660606060606,6.0606060606060606,6.0606060606060606,0.54,132.18909090909096,75.71393939393938,22.235151515151514,22.235151515151514,0.21
