coord_p_true_x,coord_p_true_y,radiusX_p_true,radiusY_p_true,theta_p_true,coord_i_true_x,coord_i_true_y,radiusX_i_true,radiusY_i_true,theta_i_true
128.9018181818182,78.7490909090909,9.793939393939393,9.793939393939393,0.09,129.72606060606057,79.51515151515152,24.242424242424242,24.242424242424242,0.4
