coord_p_true_x,coord_p_true_y,radiusX_p_true,radiusY_p_true,theta_p_true,coord_i_true_x,coord_i_true_y,radiusX_i_true,radiusY_i_true,theta_i_true
131.86909090909091,75.76242424242425,6.1866666666666665,6.176969696969698,0.43,131.00606060606063,76.23757575757577,24.465454545454545,24.465454545454545,0.15
