coord_p_true_x,coord_p_true_y,radiusX_p_true,radiusY_p_true,theta_p_true,coord_i_true_x,coord_i_true_y,radiusX_i_true,radiusY_i_true,theta_i_true
106.95757575757571,81.06666666666669,8.058181818181819,8.34909090909091,0.9,109.63393939393934,80.61090909090909,31.185454545454544,31.185454545454544,0.1
