coord_p_true_x,coord_p_true_y,radiusX_p_true,radiusY_p_true,theta_p_true,coord_i_true_x,coord_i_true_y,radiusX_i_true,radiusY_i_true,theta_i_true
116.85818181818182,79.77696969696969,8.281212121212121,8.087272727272728,0.45,114.31757575757575,79.27272727272728,30.487272727272728,30.487272727272728,0.2
