coord_p_true_x,coord_p_true_y,radiusX_p_true,radiusY_p_true,theta_p_true,coord_i_true_x,coord_i_true_y,radiusX_i_true,radiusY_i_true,theta_i_true
111.98060606060608,77.58545454545454,6.244848484848485,5.992727272727272,0.37,112.95030303030305,78.10909090909092,25.561212121212122,25.561212121212122,-0.17
