coord_p_true_x,coord_p_true_y,radiusX_p_true,radiusY_p_true,theta_p_true,coord_i_true_x,coord_i_true_y,radiusX_i_true,radiusY_i_true,theta_i_true
103.78666666666665,78.0509090909091,7.020606060606061,6.846060606060606,0.16,105.79393939393943,80.20363636363635,23.71878787878788,23.71878787878788,-3.14
