coord_p_true_x,coord_p_true_y,radiusX_p_true,radiusY_p_true,theta_p_true,coord_i_true_x,coord_i_true_y,radiusX_i_true,radiusY_i_true,theta_i_true
100.78060606060602,74.69575757575755,10.773333333333333,10.773333333333333,0.52,102.40969696969698,74.10424242424244,30.167272727272728,30.167272727272728,-3.03
