coord_p_true_x,coord_p_true_y,radiusX_p_true,radiusY_p_true,theta_p_true,coord_i_true_x,coord_i_true_y,radiusX_i_true,radiusY_i_true,theta_i_true
103.07878787878789,72.25212121212121,10.783030303030303,10.783030303030303,0.36,101.15878787878788,72.40727272727274,30.254545454545454,30.254545454545454,-0.11
