coord_p_true_x,coord_p_true_y,radiusX_p_true,radiusY_p_true,theta_p_true,coord_i_true_x,coord_i_true_y,radiusX_i_true,radiusY_i_true,theta_i_true
108.06303030303036,74.83151515151516,12.092121212121214,12.092121212121214,-0.05,108.91636363636368,76.16969696969699,24.930909090909093,24.930909090909093,-0.06
