coord_p_true_x,coord_p_true_y,radiusX_p_true,radiusY_p_true,theta_p_true,coord_i_true_x,coord_i_true_y,radiusX_i_true,radiusY_i_true,theta_i_true
111.23393939393938,75.07393939393941,12.16,12.16,0.18,110.89454545454547,76.86787878787877,25.84242424242424,25.84242424242424,0.08
