coord_p_true_x,coord_p_true_y,radiusX_p_true,radiusY_p_true,theta_p_true,coord_i_true_x,coord_i_true_y,radiusX_i_true,radiusY_i_true,theta_i_true
101.36242424242423,74.30787878787879,16.552727272727275,16.552727272727275,2.98,100.11151515151516,74.870303030303,30.564848484848486,30.564848484848486,3.08
