coord_p_true_x,coord_p_true_y,radiusX_p_true,radiusY_p_true,theta_p_true,coord_i_true_x,coord_i_true_y,radiusX_i_true,radiusY_i_true,theta_i_true
114.71515151515148,84.69333333333331,11.073939393939394,11.073939393939394,0.08,115.58787878787884,86.72969696969697,27.92727272727273,27.92727272727273,-0.05
