coord_p_true_x,coord_p_true_y,radiusX_p_true,radiusY_p_true,theta_p_true,coord_i_true_x,coord_i_true_y,radiusX_i_true,radiusY_i_true,theta_i_true
115.32606060606062,86.63272727272725,11.035151515151517,11.035151515151517,0.21,113.66787878787882,88.68848484848483,27.684848484848487,26.89939393939394,0.08
