coord_p_true_x,coord_p_true_y,radiusX_p_true,radiusY_p_true,theta_p_true,coord_i_true_x,coord_i_true_y,radiusX_i_true,radiusY_i_true,theta_i_true
105.6969696969697,73.00848484848487,10.55030303030303,10.55030303030303,0.1,104.13575757575757,73.31878787878789,31.146666666666665,31.146666666666665,-0.21
