coord_p_true_x,coord_p_true_y,radiusX_p_true,radiusY_p_true,theta_p_true,coord_i_true_x,coord_i_true_y,radiusX_i_true,radiusY_i_true,theta_i_true
106.42424242424242,73.62909090909092,11.616969696969697,11.616969696969697,0.18,106.83151515151512,75.66545454545452,29.82787878787879,29.82787878787879,-0.03
