coord_p_true_x,coord_p_true_y,radiusX_p_true,radiusY_p_true,theta_p_true,coord_i_true_x,coord_i_true_y,radiusX_i_true,radiusY_i_true,theta_i_true
101.74060606060603,77.00363636363639,15.515151515151516,15.515151515151516,3.03,102.04121212121214,76.80969696969696,30.477575757575757,30.477575757575757,-3.04
