coord_p_true_x,coord_p_true_y,radiusX_p_true,radiusY_p_true,theta_p_true,coord_i_true_x,coord_i_true_y,radiusX_i_true,radiusY_i_true,theta_i_true
106.18181818181819,77.76,6.467878787878788,6.467878787878788,0.42,108.18909090909096,77.03272727272727,23.66060606060606,23.66060606060606,0.02
