coord_p_true_x,coord_p_true_y,radiusX_p_true,radiusY_p_true,theta_p_true,coord_i_true_x,coord_i_true_y,radiusX_i_true,radiusY_i_true,theta_i_true
103.25333333333336,74.77333333333335,9.464242424242425,9.464242424242425,0.61,102.4290909090909,75.71393939393938,27.345454545454544,27.345454545454544,-3.03
