coord_p_true_x,coord_p_true_y,radiusX_p_true,radiusY_p_true,theta_p_true,coord_i_true_x,coord_i_true_y,radiusX_i_true,radiusY_i_true,theta_i_true
107.21939393939394,74.55999999999999,8.494545454545454,8.494545454545454,0.21,105.6969696969697,74.42424242424242,25.047272727272727,25.047272727272727,-3.11
