coord_p_true_x,coord_p_true_y,radiusX_p_true,radiusY_p_true,theta_p_true,coord_i_true_x,coord_i_true_y,radiusX_i_true,radiusY_i_true,theta_i_true
99.6945454545454,76.47030303030304,9.92969696969697,9.92969696969697,0.34,98.92848484848483,77.49818181818183,22.19636363636364,22.19636363636364,-2.92
