coord_p_true_x,coord_p_true_y,radiusX_p_true,radiusY_p_true,theta_p_true,coord_i_true_x,coord_i_true_y,radiusX_i_true,radiusY_i_true,theta_i_true
109.73090909090912,74.58909090909093,8.048484848484849,8.048484848484849,0.39,108.11151515151516,76.62545454545453,24.70787878787879,24.70787878787879,-0.08
