coord_p_true_x,coord_p_true_y,radiusX_p_true,radiusY_p_true,theta_p_true,coord_i_true_x,coord_i_true_y,radiusX_i_true,radiusY_i_true,theta_i_true
111.42787878787875,74.99636363636361,8.223030303030304,8.223030303030304,0.54,112.55272727272732,74.29818181818183,25.32848484848485,25.570909090909094,-0.04
