coord_p_true_x,coord_p_true_y,radiusX_p_true,radiusY_p_true,theta_p_true,coord_i_true_x,coord_i_true_y,radiusX_i_true,radiusY_i_true,theta_i_true
107.50060606060607,78.60363636363637,11.20969696969697,11.20969696969697,3.08,108.22787878787881,80.93090909090907,22.972121212121213,22.972121212121213,3.1
