coord_p_true_x,coord_p_true_y,radiusX_p_true,radiusY_p_true,theta_p_true,coord_i_true_x,coord_i_true_y,radiusX_i_true,radiusY_i_true,theta_i_true
113.74545454545456,78.52606060606062,10.753939393939394,10.753939393939394,0.23,113.62909090909092,78.40969696969698,23.553939393939395,23.553939393939395,-0.05
