coord_p_true_x,coord_p_true_y,radiusX_p_true,radiusY_p_true,theta_p_true,coord_i_true_x,coord_i_true_y,radiusX_i_true,radiusY_i_true,theta_i_true
107.99515151515152,78.8460606060606,7.534545454545454,7.534545454545454,0.7,105.91030303030306,75.70424242424242,28.28606060606061,28.28606060606061,-2.88
