coord_p_true_x,coord_p_true_y,radiusX_p_true,radiusY_p_true,theta_p_true,coord_i_true_x,coord_i_true_y,radiusX_i_true,radiusY_i_true,theta_i_true
117.11999999999998,78.55515151515151,10.90909090909091,10.90909090909091,0.05,117.05212121212125,77.61454545454548,19.869090909090907,18.26909090909091,-0.06
