coord_p_true_x,coord_p_true_y,radiusX_p_true,radiusY_p_true,theta_p_true,coord_i_true_x,coord_i_true_y,radiusX_i_true,radiusY_i_true,theta_i_true
113.80363636363639,80.62060606060605,12.460606060606061,12.460606060606061,0.14,114.05575757575758,80.87272727272725,22.35151515151515,22.35151515151515,0.01
