coord_p_true_x,coord_p_true_y,radiusX_p_true,radiusY_p_true,theta_p_true,coord_i_true_x,coord_i_true_y,radiusX_i_true,radiusY_i_true,theta_i_true
107.58787878787884,76.8,7.214545454545455,7.214545454545455,0.64,109.56606060606062,76.8,26.88969696969697,26.88969696969697,-3.02
