coord_p_true_x,coord_p_true_y,radiusX_p_true,radiusY_p_true,theta_p_true,coord_i_true_x,coord_i_true_y,radiusX_i_true,radiusY_i_true,theta_i_true
119.1660606060606,78.22545454545457,13.527272727272727,13.527272727272727,-0.01,118.67151515151515,77.1781818181818,24.581818181818186,24.581818181818186,-0.02
