coord_p_true_x,coord_p_true_y,radiusX_p_true,radiusY_p_true,theta_p_true,coord_i_true_x,coord_i_true_y,radiusX_i_true,radiusY_i_true,theta_i_true
113.83272727272727,80.94060606060609,14.816969696969696,14.816969696969696,0.16,113.9878787878788,80.79515151515152,22.72,22.72,-0.1
