coord_p_true_x,coord_p_true_y,radiusX_p_true,radiusY_p_true,theta_p_true,coord_i_true_x,coord_i_true_y,radiusX_i_true,radiusY_i_true,theta_i_true
114.66666666666667,78.90424242424243,11.49090909090909,11.49090909090909,0.41,113.42545454545457,77.74060606060608,24.911515151515154,24.911515151515154,0.03
