coord_p_true_x,coord_p_true_y,radiusX_p_true,radiusY_p_true,theta_p_true,coord_i_true_x,coord_i_true_y,radiusX_i_true,radiusY_i_true,theta_i_true
114.21090909090907,78.0121212121212,11.655757575757576,11.655757575757576,0.29,115.37454545454547,77.52727272727272,24.736969696969698,24.736969696969698,-0.03
