coord_p_true_x,coord_p_true_y,radiusX_p_true,radiusY_p_true,theta_p_true,coord_i_true_x,coord_i_true_y,radiusX_i_true,radiusY_i_true,theta_i_true
107.00606060606063,80.29090909090911,5.779393939393939,5.779393939393939,0.65,106.98666666666665,80.85333333333332,24.96969696969697,24.96969696969697,-3.11
