coord_p_true_x,coord_p_true_y,radiusX_p_true,radiusY_p_true,theta_p_true,coord_i_true_x,coord_i_true_y,radiusX_i_true,radiusY_i_true,theta_i_true
118.98181818181823,71.83515151515151,13.129696969696969,13.129696969696969,0.36,119.52484848484848,72.3781818181818,24.843636363636364,24.843636363636364,0.03
