coord_p_true_x,coord_p_true_y,radiusX_p_true,radiusY_p_true,theta_p_true,coord_i_true_x,coord_i_true_y,radiusX_i_true,radiusY_i_true,theta_i_true
114.46303030303032,71.76727272727273,9.871515151515151,9.871515151515151,0.38,115.36484848484851,72.15515151515154,24.416969696969698,24.416969696969698,-0.09
