coord_p_true_x,coord_p_true_y,radiusX_p_true,radiusY_p_true,theta_p_true,coord_i_true_x,coord_i_true_y,radiusX_i_true,radiusY_i_true,theta_i_true
114.36606060606066,80.67878787878787,6.681212121212121,6.681212121212121,0.58,114.98666666666671,79.22424242424242,24.37818181818182,24.37818181818182,0.09
