coord_p_true_x,coord_p_true_y,radiusX_p_true,radiusY_p_true,theta_p_true,coord_i_true_x,coord_i_true_y,radiusX_i_true,radiusY_i_true,theta_i_true
123.49090909090911,76.0630303030303,7.69939393939394,7.69939393939394,0.43,120.7757575757576,77.55636363636366,29.061818181818182,29.061818181818182,0.03
