coord_p_true_x,coord_p_true_y,radiusX_p_true,radiusY_p_true,theta_p_true,coord_i_true_x,coord_i_true_y,radiusX_i_true,radiusY_i_true,theta_i_true
117.9248484848485,74.96727272727273,7.078787878787879,6.787878787878788,0.38,119.33090909090905,78.58424242424245,28.8969696969697,28.8969696969697,0.16
