coord_p_true_x,coord_p_true_y,radiusX_p_true,radiusY_p_true,theta_p_true,coord_i_true_x,coord_i_true_y,radiusX_i_true,radiusY_i_true,theta_i_true
121.62909090909092,73.18303030303034,7.340606060606061,7.340606060606061,0.26,118.4290909090909,72.47515151515152,26.51151515151515,26.51151515151515,0.11
