coord_p_true_x,coord_p_true_y,radiusX_p_true,radiusY_p_true,theta_p_true,coord_i_true_x,coord_i_true_y,radiusX_i_true,radiusY_i_true,theta_i_true
118.24484848484855,72.46545454545456,8.940606060606061,8.940606060606061,0.44,120.22303030303033,74.1139393939394,25.997575757575756,25.997575757575756,0.13
