coord_p_true_x,coord_p_true_y,radiusX_p_true,radiusY_p_true,theta_p_true,coord_i_true_x,coord_i_true_y,radiusX_i_true,radiusY_i_true,theta_i_true
114.91878787878787,73.78424242424241,9.115151515151515,9.115151515151515,0.24,113.48363636363634,74.55999999999999,25.551515151515154,25.551515151515154,0.04
