coord_p_true_x,coord_p_true_y,radiusX_p_true,radiusY_p_true,theta_p_true,coord_i_true_x,coord_i_true_y,radiusX_i_true,radiusY_i_true,theta_i_true
119.57333333333328,72.46545454545456,6.981818181818182,6.981818181818182,0.26,120.69818181818185,72.49454545454545,26.046060606060607,26.046060606060607,0.04
