coord_p_true_x,coord_p_true_y,radiusX_p_true,radiusY_p_true,theta_p_true,coord_i_true_x,coord_i_true_y,radiusX_i_true,radiusY_i_true,theta_i_true
92.15999999999997,73.79393939393943,10.414545454545456,10.414545454545456,0.32,93.32363636363638,75.73333333333336,23.253333333333334,23.253333333333334,-2.91
