coord_p_true_x,coord_p_true_y,radiusX_p_true,radiusY_p_true,theta_p_true,coord_i_true_x,coord_i_true_y,radiusX_i_true,radiusY_i_true,theta_i_true
109.00363636363639,76.67393939393939,7.515151515151516,7.515151515151516,0.26,107.90787878787876,75.71393939393938,28.12121212121212,28.52848484848485,-2.97
