coord_p_true_x,coord_p_true_y,radiusX_p_true,radiusY_p_true,theta_p_true,coord_i_true_x,coord_i_true_y,radiusX_i_true,radiusY_i_true,theta_i_true
97.76484848484849,74.50181818181817,9.56121212121212,9.803636363636363,0.04,96.98909090909089,79.52484848484848,19.646060606060608,21.44,-3.1
