coord_p_true_x,coord_p_true_y,radiusX_p_true,radiusY_p_true,theta_p_true,coord_i_true_x,coord_i_true_y,radiusX_i_true,radiusY_i_true,theta_i_true
113.09575757575757,76.21818181818185,7.7672727272727276,7.7672727272727276,0.42,115.07393939393936,75.17090909090908,28.20848484848485,27.85939393939394,-2.9
