coord_p_true_x,coord_p_true_y,radiusX_p_true,radiusY_p_true,theta_p_true,coord_i_true_x,coord_i_true_y,radiusX_i_true,radiusY_i_true,theta_i_true
101.33333333333334,75.50060606060607,13.546666666666667,13.546666666666667,0.13,101.18787878787882,75.2678787878788,25.580606060606062,25.580606060606062,-0.06
