coord_p_true_x,coord_p_true_y,radiusX_p_true,radiusY_p_true,theta_p_true,coord_i_true_x,coord_i_true_y,radiusX_i_true,radiusY_i_true,theta_i_true
111.63151515151516,80.5818181818182,9.987878787878788,9.987878787878788,0.5,112.74666666666666,78.62303030303029,24.02909090909091,24.44606060606061,-0.08
