coord_p_true_x,coord_p_true_y,radiusX_p_true,radiusY_p_true,theta_p_true,coord_i_true_x,coord_i_true_y,radiusX_i_true,radiusY_i_true,theta_i_true
111.53454545454544,74.96727272727273,14.215757575757577,14.215757575757577,0.26,110.11878787878788,76.93575757575755,23.311515151515152,23.311515151515152,0.07
