coord_p_true_x,coord_p_true_y,radiusX_p_true,radiusY_p_true,theta_p_true,coord_i_true_x,coord_i_true_y,radiusX_i_true,radiusY_i_true,theta_i_true
113.96848484848482,80.57212121212119,9.512727272727274,9.512727272727274,0.31,113.62909090909092,78.43878787878786,23.912727272727274,23.912727272727274,0.05
