coord_p_true_x,coord_p_true_y,radiusX_p_true,radiusY_p_true,theta_p_true,coord_i_true_x,coord_i_true_y,radiusX_i_true,radiusY_i_true,theta_i_true
109.27515151515158,76.37333333333332,13.362424242424241,13.362424242424241,0.14,110.21575757575755,76.23757575757577,24.67878787878788,24.67878787878788,-0.04
