coord_p_true_x,coord_p_true_y,radiusX_p_true,radiusY_p_true,theta_p_true,coord_i_true_x,coord_i_true_y,radiusX_i_true,radiusY_i_true,theta_i_true
112.16484848484845,73.97818181818184,15.030303030303031,15.030303030303031,0.03,113.60969696969694,76.33454545454548,23.37939393939394,23.37939393939394,0.1
