coord_p_true_x,coord_p_true_y,radiusX_p_true,radiusY_p_true,theta_p_true,coord_i_true_x,coord_i_true_y,radiusX_i_true,radiusY_i_true,theta_i_true
118.3709090909091,72.0387878787879,4.383030303030303,4.286060606060606,0.61,117.36242424242423,71.7090909090909,22.080000000000002,22.080000000000002,0.1
