coord_p_true_x,coord_p_true_y,radiusX_p_true,radiusY_p_true,theta_p_true,coord_i_true_x,coord_i_true_y,radiusX_i_true,radiusY_i_true,theta_i_true
124.28606060606057,78.69090909090907,13.701818181818183,13.701818181818183,0.5,125.87636363636359,79.05939393939391,27.073939393939398,27.073939393939398,0.23
