coord_p_true_x,coord_p_true_y,radiusX_p_true,radiusY_p_true,theta_p_true,coord_i_true_x,coord_i_true_y,radiusX_i_true,radiusY_i_true,theta_i_true
125.02303030303031,80.42666666666666,12.625454545454545,12.625454545454545,0.48,125.28484848484848,80.96000000000001,26.724848484848483,26.724848484848483,0.41
