coord_p_true_x,coord_p_true_y,radiusX_p_true,radiusY_p_true,theta_p_true,coord_i_true_x,coord_i_true_y,radiusX_i_true,radiusY_i_true,theta_i_true
111.20484848484844,74.55030303030303,4.189090909090909,4.16969696969697,0.78,114.32727272727271,74.7636363636364,20.993939393939392,20.993939393939392,0.24
