coord_p_true_x,coord_p_true_y,radiusX_p_true,radiusY_p_true,theta_p_true,coord_i_true_x,coord_i_true_y,radiusX_i_true,radiusY_i_true,theta_i_true
116.47030303030304,76.80969696969696,4.567272727272727,4.2666666666666675,0.21,116.68363636363635,73.33818181818181,24.21333333333333,23.01090909090909,0.0
