coord_p_true_x,coord_p_true_y,radiusX_p_true,radiusY_p_true,theta_p_true,coord_i_true_x,coord_i_true_y,radiusX_i_true,radiusY_i_true,theta_i_true
115.21939393939394,75.33575757575757,8.242424242424242,7.970909090909092,-0.16,115.53939393939392,74.84121212121212,20.926060606060606,21.614545454545453,0.0
