coord_p_true_x,coord_p_true_y,radiusX_p_true,radiusY_p_true,theta_p_true,coord_i_true_x,coord_i_true_y,radiusX_i_true,radiusY_i_true,theta_i_true
121.03757575757581,72.92121212121211,13.352727272727273,13.352727272727273,0.08,122.72484848484844,71.48606060606063,23.233939393939394,23.233939393939394,-0.04
