coord_p_true_x,coord_p_true_y,radiusX_p_true,radiusY_p_true,theta_p_true,coord_i_true_x,coord_i_true_y,radiusX_i_true,radiusY_i_true,theta_i_true
122.77333333333335,73.61939393939396,7.718787878787879,7.961212121212122,0.41,121.89090909090913,73.88121212121212,20.906666666666666,21.76969696969697,0.32
