coord_p_true_x,coord_p_true_y,radiusX_p_true,radiusY_p_true,theta_p_true,coord_i_true_x,coord_i_true_y,radiusX_i_true,radiusY_i_true,theta_i_true
114.54060606060607,70.92363636363635,12.741818181818182,12.741818181818182,-0.09,114.35636363636364,71.68969696969698,23.292121212121213,23.292121212121213,0.11
