coord_p_true_x,coord_p_true_y,radiusX_p_true,radiusY_p_true,theta_p_true,coord_i_true_x,coord_i_true_y,radiusX_i_true,radiusY_i_true,theta_i_true
109.14909090909086,77.70181818181818,4.218181818181818,4.024242424242424,0.28,111.78666666666665,74.4921212121212,22.400000000000002,22.400000000000002,0.08
