coord_p_true_x,coord_p_true_y,radiusX_p_true,radiusY_p_true,theta_p_true,coord_i_true_x,coord_i_true_y,radiusX_i_true,radiusY_i_true,theta_i_true
111.04969696969695,83.18060606060604,6.370909090909091,6.322424242424242,0.63,111.23393939393944,74.98666666666665,29.895757575757575,29.55636363636364,0.0
