coord_p_true_x,coord_p_true_y,radiusX_p_true,radiusY_p_true,theta_p_true,coord_i_true_x,coord_i_true_y,radiusX_i_true,radiusY_i_true,theta_i_true
111.04969696969695,74.8121212121212,6.118787878787878,6.118787878787878,0.46,112.36848484848484,73.13454545454547,23.776969696969697,23.776969696969697,0.18
