coord_p_true_x,coord_p_true_y,radiusX_p_true,radiusY_p_true,theta_p_true,coord_i_true_x,coord_i_true_y,radiusX_i_true,radiusY_i_true,theta_i_true
110.77818181818184,75.46181818181817,6.836363636363636,6.836363636363636,0.37,110.37090909090908,73.1927272727273,24.28121212121212,24.28121212121212,0.11
