coord_p_true_x,coord_p_true_y,radiusX_p_true,radiusY_p_true,theta_p_true,coord_i_true_x,coord_i_true_y,radiusX_i_true,radiusY_i_true,theta_i_true
101.53696969696968,83.69454545454546,7.621818181818182,7.243636363636363,0.34,106.89939393939395,78.63272727272725,25.21212121212121,23.844848484848484,0.18
