coord_p_true_x,coord_p_true_y,radiusX_p_true,radiusY_p_true,theta_p_true,coord_i_true_x,coord_i_true_y,radiusX_i_true,radiusY_i_true,theta_i_true
109.97333333333336,77.70181818181818,8.833939393939394,8.833939393939394,0.27,108.85818181818182,76.91636363636363,23.922424242424245,23.922424242424245,-0.04
