coord_p_true_x,coord_p_true_y,radiusX_p_true,radiusY_p_true,theta_p_true,coord_i_true_x,coord_i_true_y,radiusX_i_true,radiusY_i_true,theta_i_true
109.62424242424238,76.54787878787879,8.223030303030304,8.223030303030304,0.62,110.89454545454547,76.56727272727271,24.804848484848485,23.544242424242427,0.03
