coord_p_true_x,coord_p_true_y,radiusX_p_true,radiusY_p_true,theta_p_true,coord_i_true_x,coord_i_true_y,radiusX_i_true,radiusY_i_true,theta_i_true
108.07272727272732,76.80969696969696,13.924848484848484,13.924848484848484,0.86,108.72242424242425,77.32363636363637,25.425454545454546,24.59151515151515,0.41
