coord_p_true_x,coord_p_true_y,radiusX_p_true,radiusY_p_true,theta_p_true,coord_i_true_x,coord_i_true_y,radiusX_i_true,radiusY_i_true,theta_i_true
115.45212121212121,79.26303030303032,14.933333333333334,14.933333333333334,0.85,114.30787878787879,77.42060606060603,25.687272727272727,25.687272727272727,0.77
