coord_p_true_x,coord_p_true_y,radiusX_p_true,radiusY_p_true,theta_p_true,coord_i_true_x,coord_i_true_y,radiusX_i_true,radiusY_i_true,theta_i_true
115.45212121212121,74.09454545454548,8.34909090909091,8.552727272727273,0.3,114.80242424242424,72.78545454545456,28.75151515151515,28.75151515151515,0.15
