coord_p_true_x,coord_p_true_y,radiusX_p_true,radiusY_p_true,theta_p_true,coord_i_true_x,coord_i_true_y,radiusX_i_true,radiusY_i_true,theta_i_true
112.46545454545456,73.66787878787882,8.775757575757577,8.775757575757577,0.22,114.08484848484846,74.27878787878791,28.54787878787879,28.54787878787879,0.13
