coord_p_true_x,coord_p_true_y,radiusX_p_true,radiusY_p_true,theta_p_true,coord_i_true_x,coord_i_true_y,radiusX_i_true,radiusY_i_true,theta_i_true
107.16121212121212,75.35515151515149,10.055757575757575,10.094545454545456,0.56,107.84969696969699,76.59636363636365,21.17818181818182,21.17818181818182,0.39
