coord_p_true_x,coord_p_true_y,radiusX_p_true,radiusY_p_true,theta_p_true,coord_i_true_x,coord_i_true_y,radiusX_i_true,radiusY_i_true,theta_i_true
116.48,82.0751515151515,9.086060606060606,8.930909090909092,1.48,116.48,83.40363636363635,16.02909090909091,15.835151515151514,-0.07
