coord_p_true_x,coord_p_true_y,radiusX_p_true,radiusY_p_true,theta_p_true,coord_i_true_x,coord_i_true_y,radiusX_i_true,radiusY_i_true,theta_i_true
105.12484848484851,77.00363636363639,10.812121212121212,10.812121212121212,0.88,104.43636363636362,77.44969696969697,22.74909090909091,22.74909090909091,0.55
