coord_p_true_x,coord_p_true_y,radiusX_p_true,radiusY_p_true,theta_p_true,coord_i_true_x,coord_i_true_y,radiusX_i_true,radiusY_i_true,theta_i_true
116.48969696969696,78.02181818181816,10.356363636363636,10.181818181818182,0.48,116.26666666666665,79.6218181818182,18.259393939393938,20.47030303030303,-0.6
