coord_p_true_x,coord_p_true_y,radiusX_p_true,radiusY_p_true,theta_p_true,coord_i_true_x,coord_i_true_y,radiusX_i_true,radiusY_i_true,theta_i_true
108.32484848484852,79.23393939393938,6.215757575757576,6.215757575757576,1.1,109.00363636363633,78.97212121212121,23.39878787878788,23.39878787878788,0.08
