coord_p_true_x,coord_p_true_y,radiusX_p_true,radiusY_p_true,theta_p_true,coord_i_true_x,coord_i_true_y,radiusX_i_true,radiusY_i_true,theta_i_true
105.59999999999998,77.02303030303031,6.322424242424242,6.322424242424242,0.76,102.40000000000002,79.22424242424242,23.951515151515153,23.951515151515153,0.05
