coord_p_true_x,coord_p_true_y,radiusX_p_true,radiusY_p_true,theta_p_true,coord_i_true_x,coord_i_true_y,radiusX_i_true,radiusY_i_true,theta_i_true
103.13696969696971,80.68848484848483,10.812121212121212,10.181818181818182,0.36,105.6193939393939,80.78545454545456,20.887272727272727,20.887272727272727,-0.09
