coord_p_true_x,coord_p_true_y,radiusX_p_true,radiusY_p_true,theta_p_true,coord_i_true_x,coord_i_true_y,radiusX_i_true,radiusY_i_true,theta_i_true
103.89333333333332,80.89212121212122,9.357575757575757,9.357575757575757,0.79,104.61090909090909,80.92121212121211,21.856969696969696,21.856969696969696,-3.11
