coord_p_true_x,coord_p_true_y,radiusX_p_true,radiusY_p_true,theta_p_true,coord_i_true_x,coord_i_true_y,radiusX_i_true,radiusY_i_true,theta_i_true
119.75757575757576,81.39636363636363,7.175757575757577,7.175757575757577,1.07,118.20606060606059,82.34666666666668,23.951515151515153,23.951515151515153,-2.92
