coord_p_true_x,coord_p_true_y,radiusX_p_true,radiusY_p_true,theta_p_true,coord_i_true_x,coord_i_true_y,radiusX_i_true,radiusY_i_true,theta_i_true
118.73939393939399,78.62303030303029,7.136969696969698,7.136969696969698,1.16,119.45696969696975,80.28121212121215,23.534545454545455,23.534545454545455,-3.07
