coord_p_true_x,coord_p_true_y,radiusX_p_true,radiusY_p_true,theta_p_true,coord_i_true_x,coord_i_true_y,radiusX_i_true,radiusY_i_true,theta_i_true
124.14060606060605,79.42787878787881,8.998787878787878,8.998787878787878,1.02,127.47636363636367,79.30181818181816,29.449696969696973,29.449696969696973,0.37
