coord_p_true_x,coord_p_true_y,radiusX_p_true,radiusY_p_true,theta_p_true,coord_i_true_x,coord_i_true_y,radiusX_i_true,radiusY_i_true,theta_i_true
128.37818181818182,83.16121212121212,9.842424242424244,9.842424242424244,1.09,127.10787878787878,84.61575757575757,26.60848484848485,26.60848484848485,0.57
