coord_p_true_x,coord_p_true_y,radiusX_p_true,radiusY_p_true,theta_p_true,coord_i_true_x,coord_i_true_y,radiusX_i_true,radiusY_i_true,theta_i_true
120.53333333333329,75.01575757575759,15.912727272727274,15.912727272727274,0.76,121.55151515151518,75.24848484848488,26.986666666666665,26.734545454545454,0.51
