coord_p_true_x,coord_p_true_y,radiusX_p_true,radiusY_p_true,theta_p_true,coord_i_true_x,coord_i_true_y,radiusX_i_true,radiusY_i_true,theta_i_true
120.68848484848483,79.4957575757576,16.436363636363637,16.436363636363637,0.87,122.9090909090909,77.32363636363637,28.344242424242424,28.421818181818182,0.69
