coord_p_true_x,coord_p_true_y,radiusX_p_true,radiusY_p_true,theta_p_true,coord_i_true_x,coord_i_true_y,radiusX_i_true,radiusY_i_true,theta_i_true
107.03515151515151,75.49090909090911,9.357575757575757,9.357575757575757,0.45,106.05575757575758,78.18666666666667,22.632727272727273,22.632727272727273,0.09
