coord_p_true_x,coord_p_true_y,radiusX_p_true,radiusY_p_true,theta_p_true,coord_i_true_x,coord_i_true_y,radiusX_i_true,radiusY_i_true,theta_i_true
115.4424242424242,72.65939393939395,9.677575757575758,9.677575757575758,0.48,117.2169696969697,74.7636363636364,22.34181818181818,22.34181818181818,0.2
