coord_p_true_x,coord_p_true_y,radiusX_p_true,radiusY_p_true,theta_p_true,coord_i_true_x,coord_i_true_y,radiusX_i_true,radiusY_i_true,theta_i_true
112.42666666666666,78.41939393939394,8.581818181818182,8.581818181818182,0.66,111.46666666666665,79.05939393939391,23.78666666666667,23.78666666666667,0.43
