coord_p_true_x,coord_p_true_y,radiusX_p_true,radiusY_p_true,theta_p_true,coord_i_true_x,coord_i_true_y,radiusX_i_true,radiusY_i_true,theta_i_true
107.78181818181817,78.45818181818184,8.271515151515151,8.271515151515151,0.99,109.00363636363633,78.4290909090909,22.943030303030305,22.535757575757575,0.39
