coord_p_true_x,coord_p_true_y,radiusX_p_true,radiusY_p_true,theta_p_true,coord_i_true_x,coord_i_true_y,radiusX_i_true,radiusY_i_true,theta_i_true
108.88727272727274,75.04484848484847,14.526060606060607,14.584242424242424,-0.13,108.0242424242424,75.90787878787876,23.747878787878786,23.747878787878786,-0.09
