coord_p_true_x,coord_p_true_y,radiusX_p_true,radiusY_p_true,theta_p_true,coord_i_true_x,coord_i_true_y,radiusX_i_true,radiusY_i_true,theta_i_true
114.70545454545451,77.22666666666666,15.466666666666667,15.466666666666667,-0.03,114.38545454545458,77.49818181818183,23.951515151515153,23.951515151515153,-0.07
