coord_p_true_x,coord_p_true_y,radiusX_p_true,radiusY_p_true,theta_p_true,coord_i_true_x,coord_i_true_y,radiusX_i_true,radiusY_i_true,theta_i_true
115.84000000000003,78.43878787878786,7.505454545454546,7.505454545454546,0.11,116.50909090909089,77.91515151515154,24.30060606060606,24.30060606060606,-0.01
