coord_p_true_x,coord_p_true_y,radiusX_p_true,radiusY_p_true,theta_p_true,coord_i_true_x,coord_i_true_y,radiusX_i_true,radiusY_i_true,theta_i_true
117.10060606060605,78.3321212121212,7.621818181818182,7.621818181818182,-0.07,116.85818181818182,77.85696969696971,23.67030303030303,23.67030303030303,-0.05
