coord_p_true_x,coord_p_true_y,radiusX_p_true,radiusY_p_true,theta_p_true,coord_i_true_x,coord_i_true_y,radiusX_i_true,radiusY_i_true,theta_i_true
116.37333333333333,75.30666666666669,5.226666666666667,5.226666666666667,-0.52,117.27515151515158,78.43878787878786,21.003636363636364,21.003636363636364,0.0
