coord_p_true_x,coord_p_true_y,radiusX_p_true,radiusY_p_true,theta_p_true,coord_i_true_x,coord_i_true_y,radiusX_i_true,radiusY_i_true,theta_i_true
116.86787878787878,72.96969696969697,6.671515151515152,6.671515151515152,-0.22,114.84121212121214,74.64727272727275,34.666666666666664,34.666666666666664,-0.05
