coord_p_true_x,coord_p_true_y,radiusX_p_true,radiusY_p_true,theta_p_true,coord_i_true_x,coord_i_true_y,radiusX_i_true,radiusY_i_true,theta_i_true
110.18666666666667,74.99636363636361,6.244848484848485,6.244848484848485,-0.1,114.39515151515154,77.26545454545456,30.855757575757575,30.855757575757575,-0.28
