coord_p_true_x,coord_p_true_y,radiusX_p_true,radiusY_p_true,theta_p_true,coord_i_true_x,coord_i_true_y,radiusX_i_true,radiusY_i_true,theta_i_true
109.01333333333335,74.08484848484846,7.127272727272727,7.127272727272727,0.08,107.88848484848484,75.2678787878788,22.254545454545454,22.254545454545454,-0.05
