coord_p_true_x,coord_p_true_y,radiusX_p_true,radiusY_p_true,theta_p_true,coord_i_true_x,coord_i_true_y,radiusX_i_true,radiusY_i_true,theta_i_true
112.22303030303033,76.19878787878787,6.681212121212121,6.681212121212121,0.06,113.5224242424243,75.8981818181818,23.07878787878788,23.07878787878788,-0.08
