coord_p_true_x,coord_p_true_y,radiusX_p_true,radiusY_p_true,theta_p_true,coord_i_true_x,coord_i_true_y,radiusX_i_true,radiusY_i_true,theta_i_true
119.42787878787875,81.41575757575755,10.89939393939394,10.89939393939394,0.03,120.7369696969697,80.17454545454547,21.061818181818182,21.061818181818182,0.02
