coord_p_true_x,coord_p_true_y,radiusX_p_true,radiusY_p_true,theta_p_true,coord_i_true_x,coord_i_true_y,radiusX_i_true,radiusY_i_true,theta_i_true
126.0121212121212,81.71636363636362,11.093333333333334,11.093333333333334,0.1,125.27515151515152,81.75515151515152,23.80606060606061,23.80606060606061,0.02
