coord_p_true_x,coord_p_true_y,radiusX_p_true,radiusY_p_true,theta_p_true,coord_i_true_x,coord_i_true_y,radiusX_i_true,radiusY_i_true,theta_i_true
116.45090909090906,71.52484848484848,8.707878787878789,8.290909090909091,0.45,114.4921212121212,71.30181818181816,24.368484848484847,24.368484848484847,0.09
