coord_p_true_x,coord_p_true_y,radiusX_p_true,radiusY_p_true,theta_p_true,coord_i_true_x,coord_i_true_y,radiusX_i_true,radiusY_i_true,theta_i_true
111.99030303030304,72.02909090909088,10.104242424242424,10.104242424242424,0.3,110.64242424242427,74.02666666666664,24.98909090909091,24.98909090909091,0.05
