coord_p_true_x,coord_p_true_y,radiusX_p_true,radiusY_p_true,theta_p_true,coord_i_true_x,coord_i_true_y,radiusX_i_true,radiusY_i_true,theta_i_true
115.17090909090908,84.49939393939393,10.676363636363636,10.676363636363636,0.48,114.71515151515153,85.81818181818183,23.059393939393942,22.44848484848485,0.46
