coord_p_true_x,coord_p_true_y,radiusX_p_true,radiusY_p_true,theta_p_true,coord_i_true_x,coord_i_true_y,radiusX_i_true,radiusY_i_true,theta_i_true
113.7745454545455,84.14060606060605,12.16,12.121212121212121,0.3,114.94787878787875,85.37212121212123,26.792727272727273,24.436363636363637,0.27
