coord_p_true_x,coord_p_true_y,radiusX_p_true,radiusY_p_true,theta_p_true,coord_i_true_x,coord_i_true_y,radiusX_i_true,radiusY_i_true,theta_i_true
108.68363636363641,80.94060606060609,7.68,7.68,0.36,111.3406060606061,79.84484848484847,24.833939393939396,24.833939393939396,0.09
