coord_p_true_x,coord_p_true_y,radiusX_p_true,radiusY_p_true,theta_p_true,coord_i_true_x,coord_i_true_y,radiusX_i_true,radiusY_i_true,theta_i_true
105.75515151515147,75.25818181818184,11.704242424242425,11.704242424242425,0.26,106.28848484848487,76.75151515151514,24.290909090909093,24.290909090909093,0.03
