coord_p_true_x,coord_p_true_y,radiusX_p_true,radiusY_p_true,theta_p_true,coord_i_true_x,coord_i_true_y,radiusX_i_true,radiusY_i_true,theta_i_true
106.47272727272728,75.19030303030306,12.50909090909091,12.50909090909091,-0.44,104.33939393939396,77.11999999999998,24.921212121212122,24.921212121212122,0.1
