coord_p_true_x,coord_p_true_y,radiusX_p_true,radiusY_p_true,theta_p_true,coord_i_true_x,coord_i_true_y,radiusX_i_true,radiusY_i_true,theta_i_true
111.00121212121215,76.62545454545453,8.193939393939393,7.786666666666666,0.14,109.89575757575756,77.38181818181819,24.68848484848485,24.727272727272727,0.12
