coord_p_true_x,coord_p_true_y,radiusX_p_true,radiusY_p_true,theta_p_true,coord_i_true_x,coord_i_true_y,radiusX_i_true,radiusY_i_true,theta_i_true
114.26909090909089,75.00606060606063,10.86060606060606,10.86060606060606,0.3,113.26060606060608,74.38545454545452,23.747878787878786,23.728484848484847,0.14
