coord_p_true_x,coord_p_true_y,radiusX_p_true,radiusY_p_true,theta_p_true,coord_i_true_x,coord_i_true_y,radiusX_i_true,radiusY_i_true,theta_i_true
106.31757575757575,76.04363636363638,11.791515151515153,11.791515151515153,0.33,107.78181818181817,75.27757575757576,24.26181818181818,23.524848484848487,0.07
