coord_p_true_x,coord_p_true_y,radiusX_p_true,radiusY_p_true,theta_p_true,coord_i_true_x,coord_i_true_y,radiusX_i_true,radiusY_i_true,theta_i_true
122.33696969696973,79.51515151515152,10.627878787878789,10.56969696969697,0.34,120.92121212121211,76.32484848484847,25.91030303030303,26.375757575757575,0.23
