coord_p_true_x,coord_p_true_y,radiusX_p_true,radiusY_p_true,theta_p_true,coord_i_true_x,coord_i_true_y,radiusX_i_true,radiusY_i_true,theta_i_true
122.73454545454551,76.88727272727274,10.298181818181817,10.016969696969698,0.39,124.71272727272729,75.76242424242425,26.075151515151518,26.24969696969697,0.16
