coord_p_true_x,coord_p_true_y,radiusX_p_true,radiusY_p_true,theta_p_true,coord_i_true_x,coord_i_true_y,radiusX_i_true,radiusY_i_true,theta_i_true
132.53818181818184,78.54545454545455,12.770909090909091,14.215757575757577,0.0,133.19757575757578,79.95151515151514,24.717575757575755,23.040000000000003,0.48
