coord_p_true_x,coord_p_true_y,radiusX_p_true,radiusY_p_true,theta_p_true,coord_i_true_x,coord_i_true_y,radiusX_i_true,radiusY_i_true,theta_i_true
121.4933333333333,74.10424242424244,12.431515151515152,14.08,-0.12,125.55636363636366,78.31272727272727,20.266666666666666,23.136969696969697,-0.49
