coord_p_true_x,coord_p_true_y,radiusX_p_true,radiusY_p_true,theta_p_true,coord_i_true_x,coord_i_true_y,radiusX_i_true,radiusY_i_true,theta_i_true
116.36363636363637,75.20969696969698,9.784242424242425,9.784242424242425,0.44,118.08969696969694,77.23636363636362,22.60363636363636,22.12848484848485,0.24
