coord_p_true_x,coord_p_true_y,radiusX_p_true,radiusY_p_true,theta_p_true,coord_i_true_x,coord_i_true_y,radiusX_i_true,radiusY_i_true,theta_i_true
108.91636363636368,77.62424242424244,7.903030303030303,7.903030303030303,1.51,110.93333333333331,76.78060606060608,25.115151515151513,25.115151515151513,0.11
