coord_p_true_x,coord_p_true_y,radiusX_p_true,radiusY_p_true,theta_p_true,coord_i_true_x,coord_i_true_y,radiusX_i_true,radiusY_i_true,theta_i_true
121.79393939393943,75.73333333333336,10.210909090909091,10.210909090909091,0.46,122.33696969696973,76.59636363636365,22.564848484848486,22.506666666666668,0.31
