coord_p_true_x,coord_p_true_y,radiusX_p_true,radiusY_p_true,theta_p_true,coord_i_true_x,coord_i_true_y,radiusX_i_true,radiusY_i_true,theta_i_true
111.05939393939391,77.61454545454548,8.116363636363635,8.116363636363635,1.41,111.5442424242424,77.70181818181818,25.415757575757578,25.415757575757578,0.18
