coord_p_true_x,coord_p_true_y,radiusX_p_true,radiusY_p_true,theta_p_true,coord_i_true_x,coord_i_true_y,radiusX_i_true,radiusY_i_true,theta_i_true
105.13454545454542,77.40121212121211,14.264242424242425,14.264242424242425,0.27,107.20969696969692,78.06060606060606,26.414545454545454,25.793939393939397,0.02
