coord_p_true_x,coord_p_true_y,radiusX_p_true,radiusY_p_true,theta_p_true,coord_i_true_x,coord_i_true_y,radiusX_i_true,radiusY_i_true,theta_i_true
116.57696969696973,74.95757575757577,16.950303030303033,16.950303030303033,0.21,114.28848484848487,76.93575757575755,26.686060606060607,25.70666666666667,0.17
