coord_p_true_x,coord_p_true_y,radiusX_p_true,radiusY_p_true,theta_p_true,coord_i_true_x,coord_i_true_y,radiusX_i_true,radiusY_i_true,theta_i_true
116.39272727272726,77.6339393939394,6.991515151515151,7.224242424242425,0.13,116.69333333333337,78.07030303030302,24.44606060606061,24.44606060606061,0.15
