coord_p_true_x,coord_p_true_y,radiusX_p_true,radiusY_p_true,theta_p_true,coord_i_true_x,coord_i_true_y,radiusX_i_true,radiusY_i_true,theta_i_true
102.93333333333331,79.17575757575756,7.282424242424242,7.282424242424242,0.4,104.52363636363638,80.60121212121213,22.39030303030303,22.39030303030303,-2.95
