coord_p_true_x,coord_p_true_y,radiusX_p_true,radiusY_p_true,theta_p_true,coord_i_true_x,coord_i_true_y,radiusX_i_true,radiusY_i_true,theta_i_true
116.0242424242424,75.38424242424243,11.752727272727272,11.752727272727272,0.3,114.8121212121212,76.25696969696969,27.461818181818185,27.151515151515152,0.16
