coord_p_true_x,coord_p_true_y,radiusX_p_true,radiusY_p_true,theta_p_true,coord_i_true_x,coord_i_true_y,radiusX_i_true,radiusY_i_true,theta_i_true
113.50303030303026,74.41454545454546,10.918787878787878,10.918787878787878,0.36,114.98666666666671,72.4557575757576,24.85333333333333,24.85333333333333,0.05
