coord_p_true_x,coord_p_true_y,radiusX_p_true,radiusY_p_true,theta_p_true,coord_i_true_x,coord_i_true_y,radiusX_i_true,radiusY_i_true,theta_i_true
116.15999999999997,75.85939393939395,6.3999999999999995,6.118787878787878,0.29,116.63515151515149,73.47393939393938,25.726060606060607,25.726060606060607,0.06
