coord_p_true_x,coord_p_true_y,radiusX_p_true,radiusY_p_true,theta_p_true,coord_i_true_x,coord_i_true_y,radiusX_i_true,radiusY_i_true,theta_i_true
110.55515151515151,75.74303030303032,11.529696969696971,11.529696969696971,0.33,111.40848484848483,76.08242424242422,27.665454545454548,27.170909090909092,0.01
