coord_p_true_x,coord_p_true_y,radiusX_p_true,radiusY_p_true,theta_p_true,coord_i_true_x,coord_i_true_y,radiusX_i_true,radiusY_i_true,theta_i_true
114.25939393939393,74.30787878787879,5.953939393939394,5.973333333333334,0.18,113.13454545454547,72.89212121212122,25.32848484848485,25.32848484848485,0.08
