coord_p_true_x,coord_p_true_y,radiusX_p_true,radiusY_p_true,theta_p_true,coord_i_true_x,coord_i_true_y,radiusX_i_true,radiusY_i_true,theta_i_true
112.49454545454545,73.83272727272727,11.704242424242425,11.384242424242425,0.15,111.08848484848485,74.03636363636366,24.26181818181818,24.26181818181818,0.15
