coord_p_true_x,coord_p_true_y,radiusX_p_true,radiusY_p_true,theta_p_true,coord_i_true_x,coord_i_true_y,radiusX_i_true,radiusY_i_true,theta_i_true
118.89454545454547,81.18303030303034,12.208484848484849,12.208484848484849,1.46,119.21454545454552,77.76,25.949090909090913,25.949090909090913,0.05
