coord_p_true_x,coord_p_true_y,radiusX_p_true,radiusY_p_true,theta_p_true,coord_i_true_x,coord_i_true_y,radiusX_i_true,radiusY_i_true,theta_i_true
106.9090909090909,82.26909090909089,12.111515151515151,11.772121212121213,0.33,105.85212121212123,82.97696969696969,25.561212121212122,25.561212121212122,0.12
