coord_p_true_x,coord_p_true_y,radiusX_p_true,radiusY_p_true,theta_p_true,coord_i_true_x,coord_i_true_y,radiusX_i_true,radiusY_i_true,theta_i_true
118.710303030303,76.00484848484848,8.989090909090908,8.989090909090908,0.36,120.4072727272727,77.95393939393938,22.933333333333334,22.952727272727277,0.26
