coord_p_true_x,coord_p_true_y,radiusX_p_true,radiusY_p_true,theta_p_true,coord_i_true_x,coord_i_true_y,radiusX_i_true,radiusY_i_true,theta_i_true
103.36969696969699,78.1381818181818,7.505454545454546,7.505454545454546,0.27,101.6339393939394,78.43878787878786,22.72969696969697,22.72969696969697,0.02
