coord_p_true_x,coord_p_true_y,radiusX_p_true,radiusY_p_true,theta_p_true,coord_i_true_x,coord_i_true_y,radiusX_i_true,radiusY_i_true,theta_i_true
106.5309090909091,75.54909090909094,10.918787878787878,10.918787878787878,0.14,105.38666666666667,75.65575757575756,24.581818181818186,24.581818181818186,0.11
