coord_p_true_x,coord_p_true_y,radiusX_p_true,radiusY_p_true,theta_p_true,coord_i_true_x,coord_i_true_y,radiusX_i_true,radiusY_i_true,theta_i_true
110.60363636363631,76.96484848484849,11.578181818181818,11.578181818181818,0.42,112.41696969696964,77.28484848484848,23.553939393939395,23.553939393939395,0.15
