coord_p_true_x,coord_p_true_y,radiusX_p_true,radiusY_p_true,theta_p_true,coord_i_true_x,coord_i_true_y,radiusX_i_true,radiusY_i_true,theta_i_true
104.11636363636364,76.23757575757577,8.572121212121212,8.572121212121212,0.59,105.5709090909091,76.77090909090911,25.192727272727275,24.42666666666667,0.21
