coord_p_true_x,coord_p_true_y,radiusX_p_true,radiusY_p_true,theta_p_true,coord_i_true_x,coord_i_true_y,radiusX_i_true,radiusY_i_true,theta_i_true
107.24848484848488,78.57454545454543,17.570909090909094,17.570909090909094,0.16,107.53939393939392,77.3139393939394,26.967272727272725,26.967272727272725,0.12
