coord_p_true_x,coord_p_true_y,radiusX_p_true,radiusY_p_true,theta_p_true,coord_i_true_x,coord_i_true_y,radiusX_i_true,radiusY_i_true,theta_i_true
120.65939393939395,73.09575757575757,13.187878787878788,13.187878787878788,0.17,120.3587878787879,72.20363636363635,25.483636363636364,25.483636363636364,0.03
