coord_p_true_x,coord_p_true_y,radiusX_p_true,radiusY_p_true,theta_p_true,coord_i_true_x,coord_i_true_y,radiusX_i_true,radiusY_i_true,theta_i_true
113.1927272727273,77.68242424242426,14.661818181818182,14.661818181818182,0.24,116.19878787878787,78.25454545454545,28.024242424242424,28.024242424242424,0.07
