coord_p_true_x,coord_p_true_y,radiusX_p_true,radiusY_p_true,theta_p_true,coord_i_true_x,coord_i_true_y,radiusX_i_true,radiusY_i_true,theta_i_true
118.52606060606062,73.99757575757576,8.882424242424243,8.882424242424243,0.29,118.84606060606056,78.35151515151516,22.535757575757575,22.535757575757575,0.07
