coord_p_true_x,coord_p_true_y,radiusX_p_true,radiusY_p_true,theta_p_true,coord_i_true_x,coord_i_true_y,radiusX_i_true,radiusY_i_true,theta_i_true
114.78303030303032,74.21090909090907,9.144242424242425,9.144242424242425,0.2,115.25818181818184,78.60363636363637,22.186666666666667,22.186666666666667,-0.04
