coord_p_true_x,coord_p_true_y,radiusX_p_true,radiusY_p_true,theta_p_true,coord_i_true_x,coord_i_true_y,radiusX_i_true,radiusY_i_true,theta_i_true
100.18909090909091,76.39272727272724,6.380606060606061,6.535757575757576,0.54,99.90787878787876,76.38303030303028,23.563636363636366,23.563636363636366,0.05
