coord_p_true_x,coord_p_true_y,radiusX_p_true,radiusY_p_true,theta_p_true,coord_i_true_x,coord_i_true_y,radiusX_i_true,radiusY_i_true,theta_i_true
110.69090909090907,72.51393939393937,13.333333333333334,13.333333333333334,0.03,112.60121212121213,70.11878787878788,26.259393939393938,26.259393939393938,0.08
