coord_p_true_x,coord_p_true_y,radiusX_p_true,radiusY_p_true,theta_p_true,coord_i_true_x,coord_i_true_y,radiusX_i_true,radiusY_i_true,theta_i_true
117.6727272727273,75.7721212121212,14.39030303030303,14.39030303030303,0.43,118.01212121212126,74.04606060606062,25.192727272727275,25.192727272727275,0.23
