coord_p_true_x,coord_p_true_y,radiusX_p_true,radiusY_p_true,theta_p_true,coord_i_true_x,coord_i_true_y,radiusX_i_true,radiusY_i_true,theta_i_true
110.22545454545457,80.94060606060609,9.600000000000001,9.600000000000001,0.44,109.5078787878788,78.76848484848487,24.96,24.96,0.11
