coord_p_true_x,coord_p_true_y,radiusX_p_true,radiusY_p_true,theta_p_true,coord_i_true_x,coord_i_true_y,radiusX_i_true,radiusY_i_true,theta_i_true
112.52363636363638,78.52606060606062,7.883636363636365,7.883636363636365,0.28,111.4957575757576,79.55393939393942,26.327272727272728,26.327272727272728,0.14
