coord_p_true_x,coord_p_true_y,radiusX_p_true,radiusY_p_true,theta_p_true,coord_i_true_x,coord_i_true_y,radiusX_i_true,radiusY_i_true,theta_i_true
115.84969696969699,81.44484848484849,9.503030303030304,9.503030303030304,0.27,116.8872727272727,76.8969696969697,25.735757575757575,25.735757575757575,-0.07
