coord_p_true_x,coord_p_true_y,radiusX_p_true,radiusY_p_true,theta_p_true,coord_i_true_x,coord_i_true_y,radiusX_i_true,radiusY_i_true,theta_i_true
120.94060606060609,74.09454545454548,15.71878787878788,15.71878787878788,0.28,121.45454545454545,74.41454545454546,25.105454545454545,25.105454545454545,0.09
