coord_p_true_x,coord_p_true_y,radiusX_p_true,radiusY_p_true,theta_p_true,coord_i_true_x,coord_i_true_y,radiusX_i_true,radiusY_i_true,theta_i_true
106.4048484848485,82.80242424242424,10.783030303030303,10.540606060606061,0.32,106.62787878787877,75.53939393939392,32.155151515151516,32.155151515151516,-0.1
