coord_p_true_x,coord_p_true_y,radiusX_p_true,radiusY_p_true,theta_p_true,coord_i_true_x,coord_i_true_y,radiusX_i_true,radiusY_i_true,theta_i_true
109.12969696969694,79.60242424242422,7.553939393939395,7.553939393939395,0.37,110.4290909090909,76.8,26.24969696969697,26.24969696969697,0.05
