coord_p_true_x,coord_p_true_y,radiusX_p_true,radiusY_p_true,theta_p_true,coord_i_true_x,coord_i_true_y,radiusX_i_true,radiusY_i_true,theta_i_true
114.55999999999999,80.56242424242423,9.396363636363636,8.785454545454547,0.15,114.44363636363634,76.80969696969696,30.632727272727273,30.632727272727273,-0.11
