coord_p_true_x,coord_p_true_y,radiusX_p_true,radiusY_p_true,theta_p_true,coord_i_true_x,coord_i_true_y,radiusX_i_true,radiusY_i_true,theta_i_true
110.3806060606061,78.3418181818182,8.213333333333335,8.213333333333335,1.64,112.09696969696972,77.61454545454548,22.19636363636364,22.19636363636364,0.11
