coord_p_true_x,coord_p_true_y,radiusX_p_true,radiusY_p_true,theta_p_true,coord_i_true_x,coord_i_true_y,radiusX_i_true,radiusY_i_true,theta_i_true
109.51757575757576,78.60363636363637,8.475151515151516,8.475151515151516,0.29,109.76,78.85575757575756,21.73090909090909,21.73090909090909,0.1
