coord_p_true_x,coord_p_true_y,radiusX_p_true,radiusY_p_true,theta_p_true,coord_i_true_x,coord_i_true_y,radiusX_i_true,radiusY_i_true,theta_i_true
112.03878787878784,72.97939393939393,8.203636363636365,8.203636363636365,0.47,112.79515151515157,72.36848484848484,26.075151515151518,26.075151515151518,0.12
