coord_p_true_x,coord_p_true_y,radiusX_p_true,radiusY_p_true,theta_p_true,coord_i_true_x,coord_i_true_y,radiusX_i_true,radiusY_i_true,theta_i_true
109.7987878787879,75.2290909090909,8.096969696969698,8.096969696969698,0.54,109.56606060606062,74.01696969696968,25.87151515151515,25.87151515151515,0.05
