coord_p_true_x,coord_p_true_y,radiusX_p_true,radiusY_p_true,theta_p_true,coord_i_true_x,coord_i_true_y,radiusX_i_true,radiusY_i_true,theta_i_true
109.98303030303026,75.87878787878788,5.779393939393939,5.595151515151515,0.66,111.76727272727273,73.71636363636362,23.36,23.36,-0.05
