coord_p_true_x,coord_p_true_y,radiusX_p_true,radiusY_p_true,theta_p_true,coord_i_true_x,coord_i_true_y,radiusX_i_true,radiusY_i_true,theta_i_true
113.3187878787879,76.37333333333332,5.478787878787879,5.478787878787879,0.56,112.72727272727273,76.60606060606061,23.505454545454544,23.544242424242427,0.02
