coord_p_true_x,coord_p_true_y,radiusX_p_true,radiusY_p_true,theta_p_true,coord_i_true_x,coord_i_true_y,radiusX_i_true,radiusY_i_true,theta_i_true
108.96484848484849,74.19151515151515,10.841212121212122,10.841212121212122,0.18,109.86666666666667,73.01818181818183,25.464242424242425,25.464242424242425,0.0
