coord_p_true_x,coord_p_true_y,radiusX_p_true,radiusY_p_true,theta_p_true,coord_i_true_x,coord_i_true_y,radiusX_i_true,radiusY_i_true,theta_i_true
110.10909090909087,76.46060606060608,10.783030303030303,9.978181818181818,0.44,109.00363636363633,74.50181818181817,25.580606060606062,25.31878787878788,0.09
