coord_p_true_x,coord_p_true_y,radiusX_p_true,radiusY_p_true,theta_p_true,coord_i_true_x,coord_i_true_y,radiusX_i_true,radiusY_i_true,theta_i_true
106.64727272727275,71.51515151515152,8.65939393939394,8.65939393939394,0.34,104.80484848484848,71.65090909090908,25.008484848484848,25.008484848484848,0.03
