coord_p_true_x,coord_p_true_y,radiusX_p_true,radiusY_p_true,theta_p_true,coord_i_true_x,coord_i_true_y,radiusX_i_true,radiusY_i_true,theta_i_true
116.63515151515149,79.68000000000002,12.770909090909091,12.770909090909091,0.37,117.22666666666666,76.76121212121215,31.796363636363637,31.796363636363637,0.3
