coord_p_true_x,coord_p_true_y,radiusX_p_true,radiusY_p_true,theta_p_true,coord_i_true_x,coord_i_true_y,radiusX_i_true,radiusY_i_true,theta_i_true
105.88121212121217,71.73818181818184,7.6896969696969695,7.6896969696969695,0.25,107.5975757575758,72.11636363636364,24.00969696969697,24.00969696969697,-0.17
