coord_p_true_x,coord_p_true_y,radiusX_p_true,radiusY_p_true,theta_p_true,coord_i_true_x,coord_i_true_y,radiusX_i_true,radiusY_i_true,theta_i_true
121.45454545454545,80.36848484848484,12.644848484848485,12.644848484848485,0.4,119.34060606060606,79.01090909090911,31.06909090909091,31.06909090909091,0.09
