coord_p_true_x,coord_p_true_y,radiusX_p_true,radiusY_p_true,theta_p_true,coord_i_true_x,coord_i_true_y,radiusX_i_true,radiusY_i_true,theta_i_true
115.80121212121215,74.24000000000001,9.309090909090909,9.309090909090909,0.35,113.84242424242423,72.88242424242426,31.592727272727274,31.592727272727274,0.2
