coord_p_true_x,coord_p_true_y,radiusX_p_true,radiusY_p_true,theta_p_true,coord_i_true_x,coord_i_true_y,radiusX_i_true,radiusY_i_true,theta_i_true
103.75757575757576,79.5830303030303,7.893333333333334,7.893333333333334,0.43,105.05696969696973,78.8460606060606,25.28969696969697,25.28969696969697,0.21
