coord_p_true_x,coord_p_true_y,radiusX_p_true,radiusY_p_true,theta_p_true,coord_i_true_x,coord_i_true_y,radiusX_i_true,radiusY_i_true,theta_i_true
114.12363636363636,78.68121212121211,7.553939393939395,7.553939393939395,0.35,113.5321212121212,77.10060606060605,24.33939393939394,24.33939393939394,0.13
