coord_p_true_x,coord_p_true_y,radiusX_p_true,radiusY_p_true,theta_p_true,coord_i_true_x,coord_i_true_y,radiusX_i_true,radiusY_i_true,theta_i_true
113.43515151515153,73.46424242424241,8.174545454545454,8.174545454545454,0.46,113.93939393939394,72.76606060606063,30.865454545454543,30.865454545454543,0.16
