coord_p_true_x,coord_p_true_y,radiusX_p_true,radiusY_p_true,theta_p_true,coord_i_true_x,coord_i_true_y,radiusX_i_true,radiusY_i_true,theta_i_true
111.76727272727273,82.31757575757575,10.734545454545454,10.734545454545454,0.4,110.37090909090908,83.79151515151518,29.77939393939394,29.77939393939394,0.26
