coord_p_true_x,coord_p_true_y,radiusX_p_true,radiusY_p_true,theta_p_true,coord_i_true_x,coord_i_true_y,radiusX_i_true,radiusY_i_true,theta_i_true
98.91878787878787,82.30787878787879,9.813333333333333,9.813333333333333,0.37,101.1684848484849,81.74545454545456,29.003636363636364,29.430303030303033,-2.96
