coord_p_true_x,coord_p_true_y,radiusX_p_true,radiusY_p_true,theta_p_true,coord_i_true_x,coord_i_true_y,radiusX_i_true,radiusY_i_true,theta_i_true
118.0993939393939,78.1381818181818,6.71030303030303,6.71030303030303,0.44,119.65090909090908,78.49696969696969,23.922424242424245,23.922424242424245,0.2
