coord_p_true_x,coord_p_true_y,radiusX_p_true,radiusY_p_true,theta_p_true,coord_i_true_x,coord_i_true_y,radiusX_i_true,radiusY_i_true,theta_i_true
112.0,71.04969696969695,10.627878787878789,10.627878787878789,0.21,112.95030303030305,70.86545454545453,24.329696969696972,24.329696969696972,0.03
