coord_p_true_x,coord_p_true_y,radiusX_p_true,radiusY_p_true,theta_p_true,coord_i_true_x,coord_i_true_y,radiusX_i_true,radiusY_i_true,theta_i_true
120.55272727272727,77.74060606060608,6.41939393939394,6.41939393939394,0.38,119.71878787878786,78.93333333333331,23.418181818181818,23.418181818181818,0.24
