coord_p_true_x,coord_p_true_y,radiusX_p_true,radiusY_p_true,theta_p_true,coord_i_true_x,coord_i_true_y,radiusX_i_true,radiusY_i_true,theta_i_true
113.41575757575755,73.84242424242423,9.793939393939393,9.793939393939393,0.3,112.71757575757577,73.609696969697,24.03878787878788,24.03878787878788,0.05
