coord_p_true_x,coord_p_true_y,radiusX_p_true,radiusY_p_true,theta_p_true,coord_i_true_x,coord_i_true_y,radiusX_i_true,radiusY_i_true,theta_i_true
104.8630303030303,76.19878787878787,8.106666666666666,8.106666666666666,0.41,102.68121212121211,73.82303030303031,24.30060606060606,24.30060606060606,-0.01
