coord_p_true_x,coord_p_true_y,radiusX_p_true,radiusY_p_true,theta_p_true,coord_i_true_x,coord_i_true_y,radiusX_i_true,radiusY_i_true,theta_i_true
117.38181818181815,79.55393939393942,7.7284848484848485,7.7284848484848485,0.24,117.76969696969702,78.07999999999998,23.78666666666667,23.107878787878786,-0.08
