coord_p_true_x,coord_p_true_y,radiusX_p_true,radiusY_p_true,theta_p_true,coord_i_true_x,coord_i_true_y,radiusX_i_true,radiusY_i_true,theta_i_true
113.86181818181815,80.52363636363638,7.466666666666667,7.466666666666667,0.38,115.01575757575759,79.34060606060605,21.39151515151515,21.39151515151515,0.14
