coord_p_true_x,coord_p_true_y,radiusX_p_true,radiusY_p_true,theta_p_true,coord_i_true_x,coord_i_true_y,radiusX_i_true,radiusY_i_true,theta_i_true
117.95393939393938,81.10545454545453,7.408484848484848,7.408484848484848,0.42,116.72242424242425,83.16121212121212,20.421818181818182,19.30666666666667,0.11
