coord_p_true_x,coord_p_true_y,radiusX_p_true,radiusY_p_true,theta_p_true,coord_i_true_x,coord_i_true_y,radiusX_i_true,radiusY_i_true,theta_i_true
109.5951515151515,80.32969696969695,8.853333333333333,8.853333333333333,0.31,110.06060606060606,79.46666666666665,20.402424242424242,20.402424242424242,0.21
