coord_p_true_x,coord_p_true_y,radiusX_p_true,radiusY_p_true,theta_p_true,coord_i_true_x,coord_i_true_y,radiusX_i_true,radiusY_i_true,theta_i_true
126.26424242424241,74.32727272727271,11.035151515151517,10.414545454545456,0.32,124.97454545454545,74.24000000000001,26.094545454545454,26.094545454545454,0.15
