coord_p_true_x,coord_p_true_y,radiusX_p_true,radiusY_p_true,theta_p_true,coord_i_true_x,coord_i_true_y,radiusX_i_true,radiusY_i_true,theta_i_true
107.46181818181823,80.38787878787876,7.961212121212122,7.961212121212122,0.53,107.91757575757572,81.97818181818184,19.626666666666665,19.626666666666665,0.15
