coord_p_true_x,coord_p_true_y,radiusX_p_true,radiusY_p_true,theta_p_true,coord_i_true_x,coord_i_true_y,radiusX_i_true,radiusY_i_true,theta_i_true
127.73818181818184,75.28727272727272,9.755151515151516,9.755151515151516,0.29,128.2036363636364,73.61939393939396,25.23151515151515,25.23151515151515,0.16
