coord_p_true_x,coord_p_true_y,radiusX_p_true,radiusY_p_true,theta_p_true,coord_i_true_x,coord_i_true_y,radiusX_i_true,radiusY_i_true,theta_i_true
104.1648484848485,75.90787878787876,8.465454545454547,8.465454545454547,0.27,103.88363636363636,73.10545454545453,23.883636363636363,23.883636363636363,-0.07
