coord_p_true_x,coord_p_true_y,radiusX_p_true,radiusY_p_true,theta_p_true,coord_i_true_x,coord_i_true_y,radiusX_i_true,radiusY_i_true,theta_i_true
114.0266666666667,78.90424242424243,8.155151515151516,8.155151515151516,0.22,115.7721212121212,78.11878787878788,22.293333333333333,22.293333333333333,-0.02
