coord_p_true_x,coord_p_true_y,radiusX_p_true,radiusY_p_true,theta_p_true,coord_i_true_x,coord_i_true_y,radiusX_i_true,radiusY_i_true,theta_i_true
101.55636363636366,73.04727272727271,9.958787878787879,9.89090909090909,0.37,104.55272727272732,74.70545454545457,24.824242424242428,24.824242424242428,0.01
