coord_p_true_x,coord_p_true_y,radiusX_p_true,radiusY_p_true,theta_p_true,coord_i_true_x,coord_i_true_y,radiusX_i_true,radiusY_i_true,theta_i_true
105.82303030303031,73.9878787878788,8.494545454545454,8.096969696969698,0.35,103.9612121212121,73.9490909090909,21.837575757575756,21.837575757575756,0.08
