coord_p_true_x,coord_p_true_y,radiusX_p_true,radiusY_p_true,theta_p_true,coord_i_true_x,coord_i_true_y,radiusX_i_true,radiusY_i_true,theta_i_true
105.77454545454545,72.4169696969697,10.201212121212121,10.201212121212121,0.23,106.70545454545457,73.25090909090912,24.649696969696972,24.649696969696972,-0.06
