coord_p_true_x,coord_p_true_y,radiusX_p_true,radiusY_p_true,theta_p_true,coord_i_true_x,coord_i_true_y,radiusX_i_true,radiusY_i_true,theta_i_true
102.82666666666664,74.77333333333335,7.932121212121212,7.932121212121212,0.43,101.62424242424238,74.55030303030303,22.8169696969697,22.8169696969697,0.2
