coord_p_true_x,coord_p_true_y,radiusX_p_true,radiusY_p_true,theta_p_true,coord_i_true_x,coord_i_true_y,radiusX_i_true,radiusY_i_true,theta_i_true
114.26909090909095,79.67030303030306,10.957575757575759,10.957575757575759,0.38,114.59878787878783,80.51393939393937,23.107878787878786,23.107878787878786,0.05
