coord_p_true_x,coord_p_true_y,radiusX_p_true,radiusY_p_true,theta_p_true,coord_i_true_x,coord_i_true_y,radiusX_i_true,radiusY_i_true,theta_i_true
111.51515151515152,77.98303030303032,7.5248484848484845,7.5248484848484845,0.33,109.87636363636364,76.54787878787879,27.442424242424245,27.442424242424245,0.05
