coord_p_true_x,coord_p_true_y,radiusX_p_true,radiusY_p_true,theta_p_true,coord_i_true_x,coord_i_true_y,radiusX_i_true,radiusY_i_true,theta_i_true
111.40848484848483,78.63272727272725,11.355151515151515,11.355151515151515,0.43,110.3418181818182,79.12727272727275,22.642424242424244,22.642424242424244,0.17
