coord_p_true_x,coord_p_true_y,radiusX_p_true,radiusY_p_true,theta_p_true,coord_i_true_x,coord_i_true_y,radiusX_i_true,radiusY_i_true,theta_i_true
114.71515151515148,77.85696969696971,7.418181818181819,7.418181818181819,0.33,115.2678787878788,77.93454545454546,26.67636363636364,26.67636363636364,0.1
