coord_p_true_x,coord_p_true_y,radiusX_p_true,radiusY_p_true,theta_p_true,coord_i_true_x,coord_i_true_y,radiusX_i_true,radiusY_i_true,theta_i_true
109.06181818181821,75.8109090909091,9.532121212121213,9.532121212121213,0.12,109.53696969696973,76.98424242424241,22.778181818181817,22.778181818181817,0.03
