coord_p_true_x,coord_p_true_y,radiusX_p_true,radiusY_p_true,theta_p_true,coord_i_true_x,coord_i_true_y,radiusX_i_true,radiusY_i_true,theta_i_true
105.70666666666666,76.53818181818183,10.821818181818182,10.821818181818182,-0.13,105.33818181818182,76.97454545454545,23.534545454545455,23.534545454545455,-0.12
