coord_p_true_x,coord_p_true_y,radiusX_p_true,radiusY_p_true,theta_p_true,coord_i_true_x,coord_i_true_y,radiusX_i_true,radiusY_i_true,theta_i_true
117.1781818181818,77.00363636363639,7.534545454545454,7.534545454545454,0.16,116.68363636363635,76.65454545454547,24.62060606060606,24.62060606060606,-0.02
