coord_p_true_x,coord_p_true_y,radiusX_p_true,radiusY_p_true,theta_p_true,coord_i_true_x,coord_i_true_y,radiusX_i_true,radiusY_i_true,theta_i_true
116.61575757575757,75.54909090909094,7.447272727272727,7.447272727272727,0.14,117.89575757575761,74.44363636363634,24.717575757575755,24.717575757575755,-0.1
