coord_p_true_x,coord_p_true_y,radiusX_p_true,radiusY_p_true,theta_p_true,coord_i_true_x,coord_i_true_y,radiusX_i_true,radiusY_i_true,theta_i_true
117.7212121212121,80.56242424242423,11.432727272727272,11.432727272727272,0.1,116.47030303030304,80.56242424242423,25.202424242424243,25.202424242424243,0.01
