coord_p_true_x,coord_p_true_y,radiusX_p_true,radiusY_p_true,theta_p_true,coord_i_true_x,coord_i_true_y,radiusX_i_true,radiusY_i_true,theta_i_true
109.51757575757581,82.60848484848485,11.054545454545455,11.054545454545455,-0.03,110.0509090909091,82.95757575757577,25.65818181818182,25.65818181818182,0.0
