coord_p_true_x,coord_p_true_y,radiusX_p_true,radiusY_p_true,theta_p_true,coord_i_true_x,coord_i_true_y,radiusX_i_true,radiusY_i_true,theta_i_true
119.98060606060608,82.29818181818183,7.495757575757576,7.495757575757576,-0.07,119.44727272727273,82.55999999999999,24.552727272727275,24.552727272727275,0.0
