coord_p_true_x,coord_p_true_y,radiusX_p_true,radiusY_p_true,theta_p_true,coord_i_true_x,coord_i_true_y,radiusX_i_true,radiusY_i_true,theta_i_true
116.32484848484852,81.31878787878789,7.4375757575757575,7.4375757575757575,0.06,118.45818181818179,81.28969696969696,23.156363636363636,23.156363636363636,0.17
