coord_p_true_x,coord_p_true_y,radiusX_p_true,radiusY_p_true,theta_p_true,coord_i_true_x,coord_i_true_y,radiusX_i_true,radiusY_i_true,theta_i_true
104.97939393939393,79.15636363636364,9.076363636363636,9.076363636363636,0.07,106.83151515151512,78.69090909090907,24.67878787878788,24.67878787878788,-0.11
