coord_p_true_x,coord_p_true_y,radiusX_p_true,radiusY_p_true,theta_p_true,coord_i_true_x,coord_i_true_y,radiusX_i_true,radiusY_i_true,theta_i_true
106.03636363636366,77.76969696969697,8.92121212121212,8.92121212121212,-0.14,105.77454545454545,78.99151515151513,22.05090909090909,21.78909090909091,-0.44
