coord_p_true_x,coord_p_true_y,radiusX_p_true,radiusY_p_true,theta_p_true,coord_i_true_x,coord_i_true_y,radiusX_i_true,radiusY_i_true,theta_i_true
104.24242424242425,79.9127272727273,7.136969696969698,7.136969696969698,-0.37,104.68848484848489,79.32121212121213,24.60121212121212,24.60121212121212,-0.15
