coord_p_true_x,coord_p_true_y,radiusX_p_true,radiusY_p_true,theta_p_true,coord_i_true_x,coord_i_true_y,radiusX_i_true,radiusY_i_true,theta_i_true
110.52606060606062,78.27393939393943,12.014545454545456,12.014545454545456,0.0,111.23393939393944,79.57333333333334,26.637575757575757,26.637575757575757,-0.12
