coord_p_true_x,coord_p_true_y,radiusX_p_true,radiusY_p_true,theta_p_true,coord_i_true_x,coord_i_true_y,radiusX_i_true,radiusY_i_true,theta_i_true
108.77090909090906,77.33333333333333,7.301818181818183,7.301818181818183,-0.52,110.07999999999998,77.98303030303032,22.661818181818184,22.661818181818184,-0.04
