coord_p_true_x,coord_p_true_y,radiusX_p_true,radiusY_p_true,theta_p_true,coord_i_true_x,coord_i_true_y,radiusX_i_true,radiusY_i_true,theta_i_true
115.90787878787876,76.74181818181818,7.456969696969698,7.456969696969698,-0.55,114.9478787878788,76.8581818181818,22.73939393939394,22.73939393939394,-0.09
