coord_p_true_x,coord_p_true_y,radiusX_p_true,radiusY_p_true,theta_p_true,coord_i_true_x,coord_i_true_y,radiusX_i_true,radiusY_i_true,theta_i_true
104.4557575757576,74.37575757575756,8.368484848484849,8.368484848484849,-0.48,102.37090909090908,74.80242424242424,25.21212121212121,25.21212121212121,-0.17
