coord_p_true_x,coord_p_true_y,radiusX_p_true,radiusY_p_true,theta_p_true,coord_i_true_x,coord_i_true_y,radiusX_i_true,radiusY_i_true,theta_i_true
111.60242424242422,78.45818181818184,12.033939393939395,12.033939393939395,-0.01,111.86424242424243,80.20363636363635,26.560000000000002,26.560000000000002,0.0
