coord_p_true_x,coord_p_true_y,radiusX_p_true,radiusY_p_true,theta_p_true,coord_i_true_x,coord_i_true_y,radiusX_i_true,radiusY_i_true,theta_i_true
125.18787878787882,72.62060606060605,15.747878787878786,15.747878787878786,-0.32,125.47878787878786,72.52363636363638,28.324848484848488,28.324848484848488,-0.03
