coord_p_true_x,coord_p_true_y,radiusX_p_true,radiusY_p_true,theta_p_true,coord_i_true_x,coord_i_true_y,radiusX_i_true,radiusY_i_true,theta_i_true
117.45939393939393,71.68000000000002,13.595151515151516,13.595151515151516,-0.18,118.27393939393943,73.06666666666669,25.541818181818183,25.541818181818183,-0.09
