coord_p_true_x,coord_p_true_y,radiusX_p_true,radiusY_p_true,theta_p_true,coord_i_true_x,coord_i_true_y,radiusX_i_true,radiusY_i_true,theta_i_true
108.64484848484845,78.10909090909092,7.621818181818182,7.621818181818182,-0.09,109.25575757575754,78.36121212121212,21.37212121212121,21.37212121212121,0.02
