coord_p_true_x,coord_p_true_y,radiusX_p_true,radiusY_p_true,theta_p_true,coord_i_true_x,coord_i_true_y,radiusX_i_true,radiusY_i_true,theta_i_true
121.96848484848482,78.52606060606062,7.70909090909091,7.70909090909091,-0.03,119.99030303030304,79.22424242424242,22.778181818181817,22.778181818181817,-0.02
