coord_p_true_x,coord_p_true_y,radiusX_p_true,radiusY_p_true,theta_p_true,coord_i_true_x,coord_i_true_y,radiusX_i_true,radiusY_i_true,theta_i_true
112.33939393939396,80.22303030303033,6.826666666666667,6.826666666666667,-0.27,113.54181818181821,80.44606060606058,26.172121212121212,26.172121212121212,-0.15
