coord_p_true_x,coord_p_true_y,radiusX_p_true,radiusY_p_true,theta_p_true,coord_i_true_x,coord_i_true_y,radiusX_i_true,radiusY_i_true,theta_i_true
112.40727272727268,75.41333333333331,8.407272727272728,8.407272727272728,-0.36,111.84484848484851,79.68000000000002,20.421818181818182,20.421818181818182,0.05
