coord_p_true_x,coord_p_true_y,radiusX_p_true,radiusY_p_true,theta_p_true,coord_i_true_x,coord_i_true_y,radiusX_i_true,radiusY_i_true,theta_i_true
114.43393939393938,74.17212121212123,9.105454545454545,9.105454545454545,-0.35,112.83393939393942,77.5078787878788,20.82909090909091,20.82909090909091,-0.02
