coord_p_true_x,coord_p_true_y,radiusX_p_true,radiusY_p_true,theta_p_true,coord_i_true_x,coord_i_true_y,radiusX_i_true,radiusY_i_true,theta_i_true
119.4569696969697,70.18666666666667,10.016969696969698,10.016969696969698,-0.19,118.00242424242424,71.64121212121212,25.561212121212122,25.561212121212122,-0.29
