coord_p_true_x,coord_p_true_y,radiusX_p_true,radiusY_p_true,theta_p_true,coord_i_true_x,coord_i_true_y,radiusX_i_true,radiusY_i_true,theta_i_true
110.82666666666664,72.74666666666666,10.307878787878789,10.307878787878789,-0.08,111.85454545454547,72.88242424242426,26.356363636363636,26.356363636363636,-0.34
