coord_p_true_x,coord_p_true_y,radiusX_p_true,radiusY_p_true,theta_p_true,coord_i_true_x,coord_i_true_y,radiusX_i_true,radiusY_i_true,theta_i_true
108.66424242424243,79.11757575757574,11.461818181818183,11.461818181818183,-0.06,107.53939393939392,79.43757575757577,24.203636363636367,24.203636363636367,-0.13
