coord_p_true_x,coord_p_true_y,radiusX_p_true,radiusY_p_true,theta_p_true,coord_i_true_x,coord_i_true_y,radiusX_i_true,radiusY_i_true,theta_i_true
110.71999999999996,78.79757575757576,11.132121212121213,11.132121212121213,0.09,111.5442424242424,79.4181818181818,24.28121212121212,24.28121212121212,0.04
