coord_p_true_x,coord_p_true_y,radiusX_p_true,radiusY_p_true,theta_p_true,coord_i_true_x,coord_i_true_y,radiusX_i_true,radiusY_i_true,theta_i_true
101.51757575757576,78.3418181818182,6.3127272727272725,6.3127272727272725,-0.2,100.8,79.06909090909093,21.886060606060607,21.886060606060607,-0.18
