coord_p_true_x,coord_p_true_y,radiusX_p_true,radiusY_p_true,theta_p_true,coord_i_true_x,coord_i_true_y,radiusX_i_true,radiusY_i_true,theta_i_true
106.22060606060609,77.47878787878786,7.204848484848485,7.204848484848485,-0.42,105.51272727272728,76.25696969696969,22.44848484848485,22.44848484848485,-0.11
