coord_p_true_x,coord_p_true_y,radiusX_p_true,radiusY_p_true,theta_p_true,coord_i_true_x,coord_i_true_y,radiusX_i_true,radiusY_i_true,theta_i_true
102.41939393939394,76.29575757575759,6.40969696969697,6.40969696969697,-0.11,104.54303030303025,77.53696969696968,23.107878787878786,23.107878787878786,0.0
