coord_p_true_x,coord_p_true_y,radiusX_p_true,radiusY_p_true,theta_p_true,coord_i_true_x,coord_i_true_y,radiusX_i_true,radiusY_i_true,theta_i_true
103.30181818181816,79.25333333333336,7.301818181818183,7.301818181818183,-0.11,104.71757575757577,79.48606060606063,24.37818181818182,23.233939393939394,-0.08
