coord_p_true_x,coord_p_true_y,radiusX_p_true,radiusY_p_true,theta_p_true,coord_i_true_x,coord_i_true_y,radiusX_i_true,radiusY_i_true,theta_i_true
102.35151515151512,81.55151515151518,12.867878787878787,12.867878787878787,-0.03,103.46666666666671,81.42545454545457,28.10181818181818,28.10181818181818,-0.15
