coord_p_true_x,coord_p_true_y,radiusX_p_true,radiusY_p_true,theta_p_true,coord_i_true_x,coord_i_true_y,radiusX_i_true,radiusY_i_true,theta_i_true
105.59999999999998,83.2290909090909,13.75030303030303,13.75030303030303,0.18,104.56242424242423,84.45090909090906,27.956363636363637,27.956363636363637,0.01
