coord_p_true_x,coord_p_true_y,radiusX_p_true,radiusY_p_true,theta_p_true,coord_i_true_x,coord_i_true_y,radiusX_i_true,radiusY_i_true,theta_i_true
112.53333333333329,77.0521212121212,6.797575757575758,5.837575757575757,0.09,115.22909090909096,78.65212121212123,22.303030303030305,22.303030303030305,0.04
