coord_p_true_x,coord_p_true_y,radiusX_p_true,radiusY_p_true,theta_p_true,coord_i_true_x,coord_i_true_y,radiusX_i_true,radiusY_i_true,theta_i_true
116.41212121212122,75.75272727272728,12.780606060606061,12.770909090909091,0.28,118.53575757575759,79.2921212121212,23.650909090909092,23.650909090909092,-0.01
