coord_p_true_x,coord_p_true_y,radiusX_p_true,radiusY_p_true,theta_p_true,coord_i_true_x,coord_i_true_y,radiusX_i_true,radiusY_i_true,theta_i_true
113.35757575757575,76.68363636363635,6.855757575757576,6.72969696969697,0.44,112.5430303030303,78.23515151515153,22.826666666666668,22.826666666666668,0.04
