coord_p_true_x,coord_p_true_y,radiusX_p_true,radiusY_p_true,theta_p_true,coord_i_true_x,coord_i_true_y,radiusX_i_true,radiusY_i_true,theta_i_true
114.49212121212126,77.29454545454544,10.870303030303031,10.870303030303031,0.33,115.82060606060611,77.129696969697,25.39636363636364,25.39636363636364,-0.01
