coord_p_true_x,coord_p_true_y,radiusX_p_true,radiusY_p_true,theta_p_true,coord_i_true_x,coord_i_true_y,radiusX_i_true,radiusY_i_true,theta_i_true
116.12121212121212,76.25696969696969,8.610909090909091,8.31030303030303,0.25,116.71272727272729,80.15515151515154,27.966060606060605,27.966060606060605,0.02
