coord_p_true_x,coord_p_true_y,radiusX_p_true,radiusY_p_true,theta_p_true,coord_i_true_x,coord_i_true_y,radiusX_i_true,radiusY_i_true,theta_i_true
102.07030303030302,76.42181818181818,6.235151515151515,6.322424242424242,0.1,103.55393939393942,78.83636363636364,27.30666666666667,27.30666666666667,-3.06
