coord_p_true_x,coord_p_true_y,radiusX_p_true,radiusY_p_true,theta_p_true,coord_i_true_x,coord_i_true_y,radiusX_i_true,radiusY_i_true,theta_i_true
104.0484848484848,79.35030303030301,11.752727272727272,11.752727272727272,0.04,104.76606060606058,80.06787878787878,23.563636363636366,23.563636363636366,0.08
