coord_p_true_x,coord_p_true_y,radiusX_p_true,radiusY_p_true,theta_p_true,coord_i_true_x,coord_i_true_y,radiusX_i_true,radiusY_i_true,theta_i_true
111.17575757575756,78.82666666666668,11.655757575757576,11.655757575757576,-0.1,110.7490909090909,79.35999999999997,23.835151515151516,23.835151515151516,-0.01
