coord_p_true_x,coord_p_true_y,radiusX_p_true,radiusY_p_true,theta_p_true,coord_i_true_x,coord_i_true_y,radiusX_i_true,radiusY_i_true,theta_i_true
114.46303030303032,77.51757575757576,10.812121212121212,10.346666666666668,-0.22,113.12484848484851,77.82787878787879,20.76121212121212,20.76121212121212,-0.19
