coord_p_true_x,coord_p_true_y,radiusX_p_true,radiusY_p_true,theta_p_true,coord_i_true_x,coord_i_true_y,radiusX_i_true,radiusY_i_true,theta_i_true
109.89575757575761,76.88727272727274,11.035151515151517,10.608484848484848,0.14,114.00727272727278,78.29333333333335,22.46787878787879,22.46787878787879,-0.01
