coord_p_true_x,coord_p_true_y,radiusX_p_true,radiusY_p_true,theta_p_true,coord_i_true_x,coord_i_true_y,radiusX_i_true,radiusY_i_true,theta_i_true
127.84484848484851,75.62666666666668,13.47878787878788,13.47878787878788,0.1,128.79515151515156,75.06424242424245,28.063030303030306,28.063030303030306,-0.08
