coord_p_true_x,coord_p_true_y,radiusX_p_true,radiusY_p_true,theta_p_true,coord_i_true_x,coord_i_true_y,radiusX_i_true,radiusY_i_true,theta_i_true
122.02666666666664,78.0121212121212,12.48969696969697,12.48969696969697,0.15,121.1539393939394,76.16000000000003,25.92969696969697,25.92969696969697,0.1
