coord_p_true_x,coord_p_true_y,radiusX_p_true,radiusY_p_true,theta_p_true,coord_i_true_x,coord_i_true_y,radiusX_i_true,radiusY_i_true,theta_i_true
117.2945454545455,76.50909090909089,9.473939393939395,9.289696969696971,0.33,120.11636363636364,79.7478787878788,19.89818181818182,19.89818181818182,0.03
