coord_p_true_x,coord_p_true_y,radiusX_p_true,radiusY_p_true,theta_p_true,coord_i_true_x,coord_i_true_y,radiusX_i_true,radiusY_i_true,theta_i_true
116.94545454545457,76.68363636363635,9.299393939393939,8.96,0.13,119.08848484848485,77.9248484848485,21.78909090909091,21.78909090909091,0.0
