coord_p_true_x,coord_p_true_y,radiusX_p_true,radiusY_p_true,theta_p_true,coord_i_true_x,coord_i_true_y,radiusX_i_true,radiusY_i_true,theta_i_true
123.4812121212121,90.13333333333333,14.555151515151515,14.555151515151515,0.42,122.44363636363634,89.51272727272728,30.41939393939394,30.41939393939394,0.13
