coord_p_true_x,coord_p_true_y,radiusX_p_true,radiusY_p_true,theta_p_true,coord_i_true_x,coord_i_true_y,radiusX_i_true,radiusY_i_true,theta_i_true
113.79393939393943,91.04484848484847,13.304242424242425,13.304242424242425,0.51,114.64727272727275,90.70545454545457,30.42909090909091,30.42909090909091,0.11
