coord_p_true_x,coord_p_true_y,radiusX_p_true,radiusY_p_true,theta_p_true,coord_i_true_x,coord_i_true_y,radiusX_i_true,radiusY_i_true,theta_i_true
119.88363636363636,76.12121212121212,11.83030303030303,11.83030303030303,0.19,119.39878787878787,76.99393939393937,27.23878787878788,27.23878787878788,-0.09
