coord_p_true_x,coord_p_true_y,radiusX_p_true,radiusY_p_true,theta_p_true,coord_i_true_x,coord_i_true_y,radiusX_i_true,radiusY_i_true,theta_i_true
120.32969696969695,73.28,13.827878787878788,13.624242424242425,0.31,118.98181818181817,73.39636363636363,27.33575757575758,27.33575757575758,-0.02
