coord_p_true_x,coord_p_true_y,radiusX_p_true,radiusY_p_true,theta_p_true,coord_i_true_x,coord_i_true_y,radiusX_i_true,radiusY_i_true,theta_i_true
119.81575757575753,79.07878787878789,16.01939393939394,15.31151515151515,0.25,120.25212121212121,81.13454545454547,30.235151515151514,30.235151515151514,0.07
