coord_p_true_x,coord_p_true_y,radiusX_p_true,radiusY_p_true,theta_p_true,coord_i_true_x,coord_i_true_y,radiusX_i_true,radiusY_i_true,theta_i_true
126.8848484848485,80.47515151515152,15.020606060606061,14.4,0.11,125.10060606060605,79.07878787878789,25.89090909090909,25.89090909090909,0.13
