coord_p_true_x,coord_p_true_y,radiusX_p_true,radiusY_p_true,theta_p_true,coord_i_true_x,coord_i_true_y,radiusX_i_true,radiusY_i_true,theta_i_true
107.57818181818187,72.04848484848486,13.294545454545455,12.906666666666668,0.17,109.48848484848482,72.57212121212119,24.184242424242427,24.184242424242427,-0.11
