coord_p_true_x,coord_p_true_y,radiusX_p_true,radiusY_p_true,theta_p_true,coord_i_true_x,coord_i_true_y,radiusX_i_true,radiusY_i_true,theta_i_true
109.36242424242423,74.24969696969697,13.294545454545455,13.100606060606061,0.04,108.23757575757577,73.6969696969697,25.095757575757574,25.095757575757574,-0.1
