coord_p_true_x,coord_p_true_y,radiusX_p_true,radiusY_p_true,theta_p_true,coord_i_true_x,coord_i_true_y,radiusX_i_true,radiusY_i_true,theta_i_true
112.28121212121209,74.32727272727271,11.975757575757576,11.975757575757576,0.27,112.43636363636368,76.48,24.68848484848485,24.68848484848485,-0.08
