coord_p_true_x,coord_p_true_y,radiusX_p_true,radiusY_p_true,theta_p_true,coord_i_true_x,coord_i_true_y,radiusX_i_true,radiusY_i_true,theta_i_true
109.31393939393942,75.56848484848486,11.50060606060606,11.917575757575758,0.21,109.78909090909094,75.75272727272728,25.367272727272727,25.367272727272727,-0.18
