coord_p_true_x,coord_p_true_y,radiusX_p_true,radiusY_p_true,theta_p_true,coord_i_true_x,coord_i_true_y,radiusX_i_true,radiusY_i_true,theta_i_true
112.75636363636362,72.99878787878785,10.734545454545454,10.744242424242424,1.6,109.66303030303028,67.52969696969696,26.55030303030303,26.55030303030303,-0.47
