coord_p_true_x,coord_p_true_y,radiusX_p_true,radiusY_p_true,theta_p_true,coord_i_true_x,coord_i_true_y,radiusX_i_true,radiusY_i_true,theta_i_true
113.62909090909086,75.35515151515149,10.055757575757575,10.724848484848486,1.57,114.36606060606066,67.01575757575759,27.461818181818185,27.461818181818185,-0.24
