coord_p_true_x,coord_p_true_y,radiusX_p_true,radiusY_p_true,theta_p_true,coord_i_true_x,coord_i_true_y,radiusX_i_true,radiusY_i_true,theta_i_true
123.9757575757576,77.22666666666666,14.303030303030303,14.147878787878788,0.26,121.95878787878786,80.80484848484848,23.62181818181818,23.62181818181818,0.18
