coord_p_true_x,coord_p_true_y,radiusX_p_true,radiusY_p_true,theta_p_true,coord_i_true_x,coord_i_true_y,radiusX_i_true,radiusY_i_true,theta_i_true
128.78545454545454,77.51757575757576,8.077575757575758,8.077575757575758,0.23,124.91636363636363,77.8860606060606,20.955151515151517,20.955151515151517,0.02
