coord_p_true_x,coord_p_true_y,radiusX_p_true,radiusY_p_true,theta_p_true,coord_i_true_x,coord_i_true_y,radiusX_i_true,radiusY_i_true,theta_i_true
119.67999999999996,77.35272727272725,8.824242424242424,8.824242424242424,0.35,117.15878787878793,79.47636363636362,19.684848484848487,19.684848484848487,-0.07
