coord_p_true_x,coord_p_true_y,radiusX_p_true,radiusY_p_true,theta_p_true,coord_i_true_x,coord_i_true_y,radiusX_i_true,radiusY_i_true,theta_i_true
126.73939393939399,79.67030303030306,12.431515151515152,12.101818181818183,0.29,124.20848484848489,77.86666666666667,20.73212121212121,20.73212121212121,0.2
