coord_p_true_x,coord_p_true_y,radiusX_p_true,radiusY_p_true,theta_p_true,coord_i_true_x,coord_i_true_y,radiusX_i_true,radiusY_i_true,theta_i_true
110.20606060606059,77.42060606060603,8.727272727272727,8.717575757575759,0.58,111.50545454545455,77.13939393939395,26.55030303030303,26.55030303030303,-0.05
