coord_p_true_x,coord_p_true_y,radiusX_p_true,radiusY_p_true,theta_p_true,coord_i_true_x,coord_i_true_y,radiusX_i_true,radiusY_i_true,theta_i_true
105.06666666666669,76.66424242424243,9.183030303030304,9.115151515151515,0.33,105.2412121212121,75.6460606060606,28.014545454545456,28.014545454545456,-0.24
