coord_p_true_x,coord_p_true_y,radiusX_p_true,radiusY_p_true,theta_p_true,coord_i_true_x,coord_i_true_y,radiusX_i_true,radiusY_i_true,theta_i_true
114.37575757575762,75.65575757575756,14.972121212121213,14.361212121212121,0.25,115.11272727272731,73.87151515151515,27.151515151515152,27.151515151515152,-0.06
