coord_p_true_x,coord_p_true_y,radiusX_p_true,radiusY_p_true,theta_p_true,coord_i_true_x,coord_i_true_y,radiusX_i_true,radiusY_i_true,theta_i_true
112.87272727272726,72.38787878787876,14.38060606060606,13.847272727272728,0.13,112.66909090909091,73.2412121212121,26.404848484848486,24.843636363636364,-0.19
