coord_p_true_x,coord_p_true_y,radiusX_p_true,radiusY_p_true,theta_p_true,coord_i_true_x,coord_i_true_y,radiusX_i_true,radiusY_i_true,theta_i_true
113.91030303030306,79.17575757575756,11.558787878787879,11.316363636363636,0.11,113.91030303030306,77.62424242424244,22.138181818181817,22.138181818181817,-0.16
