coord_p_true_x,coord_p_true_y,radiusX_p_true,radiusY_p_true,theta_p_true,coord_i_true_x,coord_i_true_y,radiusX_i_true,radiusY_i_true,theta_i_true
113.14424242424238,79.17575757575756,11.384242424242425,11.384242424242425,0.1,112.89212121212118,79.12727272727275,20.52848484848485,20.52848484848485,-0.08
