coord_p_true_x,coord_p_true_y,radiusX_p_true,radiusY_p_true,theta_p_true,coord_i_true_x,coord_i_true_y,radiusX_i_true,radiusY_i_true,theta_i_true
115.36484848484851,76.0630303030303,8.756363636363636,8.193939393939393,0.65,115.01575757575759,75.83030303030303,23.534545454545455,23.534545454545455,0.03
