coord_p_true_x,coord_p_true_y,radiusX_p_true,radiusY_p_true,theta_p_true,coord_i_true_x,coord_i_true_y,radiusX_i_true,radiusY_i_true,theta_i_true
107.57818181818187,81.08606060606061,13.46909090909091,13.46909090909091,1.55,108.3539393939394,80.33939393939396,23.893333333333334,23.893333333333334,0.05
