coord_p_true_x,coord_p_true_y,radiusX_p_true,radiusY_p_true,theta_p_true,coord_i_true_x,coord_i_true_y,radiusX_i_true,radiusY_i_true,theta_i_true
128.24242424242425,79.10787878787878,7.8545454545454545,8.736969696969696,0.28,131.87878787878788,80.43636363636362,19.92727272727273,21.35272727272727,0.18
