coord_p_true_x,coord_p_true_y,radiusX_p_true,radiusY_p_true,theta_p_true,coord_i_true_x,coord_i_true_y,radiusX_i_true,radiusY_i_true,theta_i_true
103.51515151515152,77.34303030303029,14.613333333333333,13.866666666666667,0.24,102.66181818181819,75.49090909090911,30.322424242424244,30.322424242424244,-0.14
