coord_p_true_x,coord_p_true_y,radiusX_p_true,radiusY_p_true,theta_p_true,coord_i_true_x,coord_i_true_y,radiusX_i_true,radiusY_i_true,theta_i_true
99.32606060606057,77.69212121212122,12.993939393939394,12.887272727272727,2.51,101.10060606060605,80.15515151515154,27.490909090909092,27.490909090909092,2.86
