coord_p_true_x,coord_p_true_y,radiusX_p_true,radiusY_p_true,theta_p_true,coord_i_true_x,coord_i_true_y,radiusX_i_true,radiusY_i_true,theta_i_true
110.32242424242423,76.41212121212122,9.997575757575758,9.328484848484848,0.36,112.61090909090909,78.62303030303029,23.650909090909092,23.650909090909092,0.01
