coord_p_true_x,coord_p_true_y,radiusX_p_true,radiusY_p_true,theta_p_true,coord_i_true_x,coord_i_true_y,radiusX_i_true,radiusY_i_true,theta_i_true
119.30181818181816,83.75272727272728,10.113939393939393,8.882424242424243,1.69,127.4181818181818,79.89333333333332,21.983030303030304,18.172121212121212,1.75
