coord_p_true_x,coord_p_true_y,radiusX_p_true,radiusY_p_true,theta_p_true,coord_i_true_x,coord_i_true_y,radiusX_i_true,radiusY_i_true,theta_i_true
112.57212121212119,79.35999999999997,12.916363636363638,12.916363636363638,1.45,111.61212121212124,80.29090909090911,23.76727272727273,23.76727272727273,-0.01
