coord_p_true_x,coord_p_true_y,radiusX_p_true,radiusY_p_true,theta_p_true,coord_i_true_x,coord_i_true_y,radiusX_i_true,radiusY_i_true,theta_i_true
107.61696969696972,74.41454545454546,6.778181818181818,6.816969696969697,0.8,106.26909090909089,74.98666666666665,28.887272727272727,28.887272727272727,-0.15
