coord_p_true_x,coord_p_true_y,radiusX_p_true,radiusY_p_true,theta_p_true,coord_i_true_x,coord_i_true_y,radiusX_i_true,radiusY_i_true,theta_i_true
105.43515151515153,76.29575757575759,8.038787878787879,8.164848484848484,0.3,105.40606060606065,77.82787878787879,27.161212121212124,27.161212121212124,0.03
