coord_p_true_x,coord_p_true_y,radiusX_p_true,radiusY_p_true,theta_p_true,coord_i_true_x,coord_i_true_y,radiusX_i_true,radiusY_i_true,theta_i_true
108.55757575757575,81.28,6.458181818181819,6.09939393939394,0.27,108.45090909090906,80.72727272727273,24.785454545454545,24.785454545454545,-0.02
