coord_p_true_x,coord_p_true_y,radiusX_p_true,radiusY_p_true,theta_p_true,coord_i_true_x,coord_i_true_y,radiusX_i_true,radiusY_i_true,theta_i_true
113.18303030303034,79.88363636363636,7.4375757575757575,7.36,0.51,115.04484848484847,79.99030303030304,24.98909090909091,24.145454545454545,0.04
