coord_p_true_x,coord_p_true_y,radiusX_p_true,radiusY_p_true,theta_p_true,coord_i_true_x,coord_i_true_y,radiusX_i_true,radiusY_i_true,theta_i_true
111.2436363636364,81.08606060606061,10.084848484848486,9.726060606060607,0.52,109.52727272727277,80.64000000000003,26.104242424242425,26.104242424242425,0.07
