coord_p_true_x,coord_p_true_y,radiusX_p_true,radiusY_p_true,theta_p_true,coord_i_true_x,coord_i_true_y,radiusX_i_true,radiusY_i_true,theta_i_true
118.08969696969694,76.48,9.910303030303032,9.813333333333333,0.09,117.76,77.32363636363637,24.70787878787879,24.70787878787879,0.09
