coord_p_true_x,coord_p_true_y,radiusX_p_true,radiusY_p_true,theta_p_true,coord_i_true_x,coord_i_true_y,radiusX_i_true,radiusY_i_true,theta_i_true
110.37090909090908,76.14060606060605,9.444848484848485,9.221818181818183,0.41,110.64242424242427,77.58545454545454,26.143030303030304,26.143030303030304,0.12
