coord_p_true_x,coord_p_true_y,radiusX_p_true,radiusY_p_true,theta_p_true,coord_i_true_x,coord_i_true_y,radiusX_i_true,radiusY_i_true,theta_i_true
124.48969696969696,73.1539393939394,13.992727272727272,13.992727272727272,0.39,120.49454545454545,73.01818181818183,24.62060606060606,24.62060606060606,0.09
