coord_p_true_x,coord_p_true_y,radiusX_p_true,radiusY_p_true,theta_p_true,coord_i_true_x,coord_i_true_y,radiusX_i_true,radiusY_i_true,theta_i_true
103.89333333333332,75.52,9.813333333333333,9.406060606060606,0.38,105.5709090909091,75.24848484848488,27.112727272727273,27.112727272727273,-0.1
