coord_p_true_x,coord_p_true_y,radiusX_p_true,radiusY_p_true,theta_p_true,coord_i_true_x,coord_i_true_y,radiusX_i_true,radiusY_i_true,theta_i_true
103.68000000000002,72.56242424242423,8.475151515151516,9.095757575757577,0.55,102.89454545454547,74.60848484848485,24.03878787878788,24.03878787878788,0.24
