coord_p_true_x,coord_p_true_y,radiusX_p_true,radiusY_p_true,theta_p_true,coord_i_true_x,coord_i_true_y,radiusX_i_true,radiusY_i_true,theta_i_true
111.35030303030307,73.33818181818181,10.482424242424242,10.26909090909091,0.23,111.8739393939394,74.54060606060607,25.454545454545457,25.454545454545457,0.01
