coord_p_true_x,coord_p_true_y,radiusX_p_true,radiusY_p_true,theta_p_true,coord_i_true_x,coord_i_true_y,radiusX_i_true,radiusY_i_true,theta_i_true
116.09212121212124,73.13454545454547,9.823030303030304,9.823030303030304,0.14,115.1418181818182,74.42424242424242,23.214545454545455,23.214545454545455,-0.04
