coord_p_true_x,coord_p_true_y,radiusX_p_true,radiusY_p_true,theta_p_true,coord_i_true_x,coord_i_true_y,radiusX_i_true,radiusY_i_true,theta_i_true
115.76242424242425,77.91515151515154,8.678787878787878,8.766060606060606,0.21,116.7903030303031,78.27393939393943,22.933333333333334,22.933333333333334,0.14
