coord_p_true_x,coord_p_true_y,radiusX_p_true,radiusY_p_true,theta_p_true,coord_i_true_x,coord_i_true_y,radiusX_i_true,radiusY_i_true,theta_i_true
104.61090909090909,75.73333333333336,13.808484848484849,13.313939393939394,0.34,102.77818181818184,77.65333333333332,26.579393939393942,26.579393939393942,0.09
