coord_p_true_x,coord_p_true_y,radiusX_p_true,radiusY_p_true,theta_p_true,coord_i_true_x,coord_i_true_y,radiusX_i_true,radiusY_i_true,theta_i_true
105.14424242424238,77.6727272727273,15.146666666666667,14.555151515151515,0.04,105.78424242424246,76.96484848484849,28.8,28.8,-0.1
