coord_p_true_x,coord_p_true_y,radiusX_p_true,radiusY_p_true,theta_p_true,coord_i_true_x,coord_i_true_y,radiusX_i_true,radiusY_i_true,theta_i_true
115.36484848484851,75.99515151515152,9.270303030303031,9.270303030303031,0.26,113.32848484848486,75.53939393939392,24.39757575757576,24.39757575757576,-0.04
