coord_p_true_x,coord_p_true_y,radiusX_p_true,radiusY_p_true,theta_p_true,coord_i_true_x,coord_i_true_y,radiusX_i_true,radiusY_i_true,theta_i_true
115.30666666666664,76.4412121212121,5.886060606060607,5.886060606060607,0.41,117.07151515151517,77.62424242424244,23.36969696969697,22.80727272727273,0.06
