coord_p_true_x,coord_p_true_y,radiusX_p_true,radiusY_p_true,theta_p_true,coord_i_true_x,coord_i_true_y,radiusX_i_true,radiusY_i_true,theta_i_true
106.8121212121212,77.8860606060606,5.944242424242424,5.944242424242424,0.15,105.92000000000002,80.36848484848484,23.19515151515152,21.13939393939394,-0.35
