coord_p_true_x,coord_p_true_y,radiusX_p_true,radiusY_p_true,theta_p_true,coord_i_true_x,coord_i_true_y,radiusX_i_true,radiusY_i_true,theta_i_true
114.10424242424239,77.94424242424242,9.144242424242425,9.144242424242425,0.59,115.91757575757572,74.14303030303029,26.443636363636365,26.443636363636365,-0.02
