coord_p_true_x,coord_p_true_y,radiusX_p_true,radiusY_p_true,theta_p_true,coord_i_true_x,coord_i_true_y,radiusX_i_true,radiusY_i_true,theta_i_true
116.56727272727271,76.73212121212121,9.056969696969697,8.872727272727273,0.38,116.42181818181818,76.33454545454548,25.503030303030304,25.503030303030304,0.02
