coord_p_true_x,coord_p_true_y,radiusX_p_true,radiusY_p_true,theta_p_true,coord_i_true_x,coord_i_true_y,radiusX_i_true,radiusY_i_true,theta_i_true
116.09212121212124,77.9248484848485,9.726060606060607,9.289696969696971,0.38,117.69212121212122,77.28484848484848,25.803636363636365,25.803636363636365,-0.07
