coord_p_true_x,coord_p_true_y,radiusX_p_true,radiusY_p_true,theta_p_true,coord_i_true_x,coord_i_true_y,radiusX_i_true,radiusY_i_true,theta_i_true
110.41939393939394,73.41575757575755,10.24,10.24,0.24,109.86666666666667,73.04727272727271,24.97939393939394,24.97939393939394,-0.08
