coord_p_true_x,coord_p_true_y,radiusX_p_true,radiusY_p_true,theta_p_true,coord_i_true_x,coord_i_true_y,radiusX_i_true,radiusY_i_true,theta_i_true
111.71878787878792,75.52,9.958787878787879,9.958787878787879,-0.03,113.18303030303034,76.49939393939393,25.202424242424243,25.202424242424243,-0.1
