coord_p_true_x,coord_p_true_y,radiusX_p_true,radiusY_p_true,theta_p_true,coord_i_true_x,coord_i_true_y,radiusX_i_true,radiusY_i_true,theta_i_true
111.23393939393944,82.4533333333333,6.73939393939394,6.72969696969697,1.57,110.53575757575759,77.15878787878788,24.494545454545456,24.494545454545456,-0.03
