coord_p_true_x,coord_p_true_y,radiusX_p_true,radiusY_p_true,theta_p_true,coord_i_true_x,coord_i_true_y,radiusX_i_true,radiusY_i_true,theta_i_true
116.49939393939393,77.74060606060608,8.048484848484849,8.145454545454546,0.25,117.68242424242426,77.7212121212121,23.553939393939395,23.553939393939395,-0.06
