coord_p_true_x,coord_p_true_y,radiusX_p_true,radiusY_p_true,theta_p_true,coord_i_true_x,coord_i_true_y,radiusX_i_true,radiusY_i_true,theta_i_true
116.46060606060608,77.49818181818183,7.776969696969696,7.776969696969696,0.32,116.13090909090909,77.33333333333333,23.59272727272727,23.59272727272727,0.11
