coord_p_true_x,coord_p_true_y,radiusX_p_true,radiusY_p_true,theta_p_true,coord_i_true_x,coord_i_true_y,radiusX_i_true,radiusY_i_true,theta_i_true
116.49939393939393,79.82545454545455,6.778181818181818,6.516363636363637,1.69,115.33575757575758,79.78666666666665,23.631515151515153,23.631515151515153,0.03
