coord_p_true_x,coord_p_true_y,radiusX_p_true,radiusY_p_true,theta_p_true,coord_i_true_x,coord_i_true_y,radiusX_i_true,radiusY_i_true,theta_i_true
108.34424242424244,71.68000000000002,9.56121212121212,9.464242424242425,1.06,109.61454545454542,72.06787878787878,23.534545454545455,23.534545454545455,0.0
