coord_p_true_x,coord_p_true_y,radiusX_p_true,radiusY_p_true,theta_p_true,coord_i_true_x,coord_i_true_y,radiusX_i_true,radiusY_i_true,theta_i_true
119.8739393939394,79.44727272727273,11.878787878787879,11.878787878787879,1.15,122.13333333333338,78.76848484848487,25.21212121212121,25.21212121212121,0.44
