coord_p_true_x,coord_p_true_y,radiusX_p_true,radiusY_p_true,theta_p_true,coord_i_true_x,coord_i_true_y,radiusX_i_true,radiusY_i_true,theta_i_true
104.74666666666666,73.04727272727271,7.456969696969698,7.456969696969698,0.99,105.77454545454545,76.22787878787881,19.869090909090907,19.869090909090907,0.44
