coord_p_true_x,coord_p_true_y,radiusX_p_true,radiusY_p_true,theta_p_true,coord_i_true_x,coord_i_true_y,radiusX_i_true,radiusY_i_true,theta_i_true
127.07878787878784,79.43757575757577,5.973333333333334,5.197575757575758,1.54,133.449696969697,81.95878787878786,21.313939393939396,21.313939393939396,0.56
