coord_p_true_x,coord_p_true_y,radiusX_p_true,radiusY_p_true,theta_p_true,coord_i_true_x,coord_i_true_y,radiusX_i_true,radiusY_i_true,theta_i_true
138.2787878787879,77.75030303030304,5.953939393939394,5.953939393939394,1.01,135.53454545454545,79.46666666666665,21.313939393939396,21.313939393939396,0.38
