coord_p_true_x,coord_p_true_y,radiusX_p_true,radiusY_p_true,theta_p_true,coord_i_true_x,coord_i_true_y,radiusX_i_true,radiusY_i_true,theta_i_true
115.57818181818182,91.85939393939395,10.986666666666666,11.529696969696971,1.25,114.98666666666665,91.38424242424243,30.865454545454543,30.613333333333333,0.63
