coord_p_true_x,coord_p_true_y,radiusX_p_true,radiusY_p_true,theta_p_true,coord_i_true_x,coord_i_true_y,radiusX_i_true,radiusY_i_true,theta_i_true
118.28363636363639,77.14909090909092,15.156363636363638,14.991515151515152,1.13,119.97090909090912,79.05939393939391,29.10060606060606,29.10060606060606,0.65
