coord_p_true_x,coord_p_true_y,radiusX_p_true,radiusY_p_true,theta_p_true,coord_i_true_x,coord_i_true_y,radiusX_i_true,radiusY_i_true,theta_i_true
116.93575757575755,78.66181818181819,14.981818181818182,14.981818181818182,1.06,114.82181818181822,78.36121212121212,28.887272727272727,28.887272727272727,0.54
