coord_p_true_x,coord_p_true_y,radiusX_p_true,radiusY_p_true,theta_p_true,coord_i_true_x,coord_i_true_y,radiusX_i_true,radiusY_i_true,theta_i_true
107.16121212121212,90.51151515151513,10.075151515151516,10.327272727272728,1.16,107.46181818181823,92.39272727272724,31.486060606060605,31.486060606060605,0.44
