coord_p_true_x,coord_p_true_y,radiusX_p_true,radiusY_p_true,theta_p_true,coord_i_true_x,coord_i_true_y,radiusX_i_true,radiusY_i_true,theta_i_true
107.190303030303,76.40242424242426,5.469090909090909,5.469090909090909,1.03,109.70181818181818,78.73939393939393,23.19515151515152,23.19515151515152,-0.05
