coord_p_true_x,coord_p_true_y,radiusX_p_true,radiusY_p_true,theta_p_true,coord_i_true_x,coord_i_true_y,radiusX_i_true,radiusY_i_true,theta_i_true
107.56848484848486,75.29696969696968,4.974545454545455,4.974545454545455,1.11,106.43393939393938,78.03151515151518,22.98181818181818,22.98181818181818,0.02
