coord_p_true_x,coord_p_true_y,radiusX_p_true,radiusY_p_true,theta_p_true,coord_i_true_x,coord_i_true_y,radiusX_i_true,radiusY_i_true,theta_i_true
115.92727272727268,78.08969696969694,13.78909090909091,13.78909090909091,0.93,117.53696969696973,78.37090909090908,31.515151515151516,31.515151515151516,0.46
