coord_p_true_x,coord_p_true_y,radiusX_p_true,radiusY_p_true,theta_p_true,coord_i_true_x,coord_i_true_y,radiusX_i_true,radiusY_i_true,theta_i_true
98.20121212121211,74.1527272727273,9.696969696969697,9.696969696969697,0.27,97.8618181818182,74.30787878787879,26.50181818181818,26.50181818181818,-2.9
