coord_p_true_x,coord_p_true_y,radiusX_p_true,radiusY_p_true,theta_p_true,coord_i_true_x,coord_i_true_y,radiusX_i_true,radiusY_i_true,theta_i_true
93.15878787878793,77.85696969696971,8.68848484848485,8.68848484848485,0.86,99.12242424242427,80.46545454545456,21.10060606060606,21.10060606060606,3.05
