coord_p_true_x,coord_p_true_y,radiusX_p_true,radiusY_p_true,theta_p_true,coord_i_true_x,coord_i_true_y,radiusX_i_true,radiusY_i_true,theta_i_true
114.41454545454546,77.75030303030304,13.11030303030303,13.11030303030303,1.28,114.83151515151518,76.29575757575759,31.350303030303028,31.350303030303028,0.46
