coord_p_true_x,coord_p_true_y,radiusX_p_true,radiusY_p_true,theta_p_true,coord_i_true_x,coord_i_true_y,radiusX_i_true,radiusY_i_true,theta_i_true
116.36363636363637,72.64000000000003,6.138181818181819,6.138181818181819,0.92,114.18181818181819,74.02666666666664,27.006060606060608,27.006060606060608,-0.08
