coord_p_true_x,coord_p_true_y,radiusX_p_true,radiusY_p_true,theta_p_true,coord_i_true_x,coord_i_true_y,radiusX_i_true,radiusY_i_true,theta_i_true
113.82303030303031,73.33818181818181,5.924848484848486,5.924848484848486,0.84,115.29696969696968,76.68363636363635,26.404848484848486,26.404848484848486,0.21
