coord_p_true_x,coord_p_true_y,radiusX_p_true,radiusY_p_true,theta_p_true,coord_i_true_x,coord_i_true_y,radiusX_i_true,radiusY_i_true,theta_i_true
116.42181818181814,74.66666666666667,6.671515151515152,6.671515151515152,1.17,117.74060606060603,75.42303030303027,25.464242424242425,25.464242424242425,0.31
