coord_p_true_x,coord_p_true_y,radiusX_p_true,radiusY_p_true,theta_p_true,coord_i_true_x,coord_i_true_y,radiusX_i_true,radiusY_i_true,theta_i_true
116.67393939393939,74.89939393939395,5.478787878787879,5.478787878787879,0.92,115.70424242424242,74.870303030303,25.406060606060606,25.406060606060606,0.48
