coord_p_true_x,coord_p_true_y,radiusX_p_true,radiusY_p_true,theta_p_true,coord_i_true_x,coord_i_true_y,radiusX_i_true,radiusY_i_true,theta_i_true
92.30545454545455,79.99030303030304,9.541818181818181,9.55151515151515,0.27,94.62303030303029,81.26060606060608,24.155151515151516,24.155151515151516,-0.14
