coord_p_true_x,coord_p_true_y,radiusX_p_true,radiusY_p_true,theta_p_true,coord_i_true_x,coord_i_true_y,radiusX_i_true,radiusY_i_true,theta_i_true
91.2678787878788,80.90181818181819,9.047272727272727,9.047272727272727,0.91,99.43272727272723,80.09696969696972,19.558787878787882,18.89939393939394,2.83
