coord_p_true_x,coord_p_true_y,radiusX_p_true,radiusY_p_true,theta_p_true,coord_i_true_x,coord_i_true_y,radiusX_i_true,radiusY_i_true,theta_i_true
114.20121212121211,76.79030303030304,7.321212121212121,7.321212121212121,0.93,114.37575757575762,77.56606060606062,22.73939393939394,22.73939393939394,0.12
