coord_p_true_x,coord_p_true_y,radiusX_p_true,radiusY_p_true,theta_p_true,coord_i_true_x,coord_i_true_y,radiusX_i_true,radiusY_i_true,theta_i_true
111.82545454545455,74.57939393939397,6.5648484848484845,6.758787878787879,1.15,110.62303030303029,73.48363636363634,24.271515151515153,24.271515151515153,0.16
