coord_p_true_x,coord_p_true_y,radiusX_p_true,radiusY_p_true,theta_p_true,coord_i_true_x,coord_i_true_y,radiusX_i_true,radiusY_i_true,theta_i_true
111.17575757575756,76.94545454545457,6.671515151515152,6.322424242424242,0.42,112.68848484848489,74.83151515151516,23.96121212121212,23.96121212121212,0.21
