coord_p_true_x,coord_p_true_y,radiusX_p_true,radiusY_p_true,theta_p_true,coord_i_true_x,coord_i_true_y,radiusX_i_true,radiusY_i_true,theta_i_true
115.11272727272726,76.54787878787879,7.5636363636363635,7.5636363636363635,0.87,114.31757575757575,76.82909090909092,21.96363636363636,21.96363636363636,0.35
