coord_p_true_x,coord_p_true_y,radiusX_p_true,radiusY_p_true,theta_p_true,coord_i_true_x,coord_i_true_y,radiusX_i_true,radiusY_i_true,theta_i_true
113.48363636363634,79.94181818181818,5.672727272727273,5.837575757575757,0.95,116.15999999999997,80.39757575757578,23.263030303030302,23.263030303030302,0.19
