coord_p_true_x,coord_p_true_y,radiusX_p_true,radiusY_p_true,theta_p_true,coord_i_true_x,coord_i_true_y,radiusX_i_true,radiusY_i_true,theta_i_true
112.66909090909091,81.38666666666667,6.09939393939394,6.351515151515152,0.85,110.8266666666667,80.33939393939396,23.07878787878788,22.36121212121212,0.32
