coord_p_true_x,coord_p_true_y,radiusX_p_true,radiusY_p_true,theta_p_true,coord_i_true_x,coord_i_true_y,radiusX_i_true,radiusY_i_true,theta_i_true
102.49696969696974,74.37575757575756,7.03030303030303,7.03030303030303,0.73,105.06666666666669,75.20969696969698,29.41090909090909,28.867878787878787,-0.01
