coord_p_true_x,coord_p_true_y,radiusX_p_true,radiusY_p_true,theta_p_true,coord_i_true_x,coord_i_true_y,radiusX_i_true,radiusY_i_true,theta_i_true
108.21818181818185,74.08484848484846,6.225454545454546,6.225454545454546,0.86,108.85818181818182,74.3660606060606,28.412121212121214,28.412121212121214,-0.11
