coord_p_true_x,coord_p_true_y,radiusX_p_true,radiusY_p_true,theta_p_true,coord_i_true_x,coord_i_true_y,radiusX_i_true,radiusY_i_true,theta_i_true
111.47636363636362,79.27272727272728,14.690909090909091,14.690909090909091,0.87,110.53575757575759,80.07757575757574,21.973333333333333,21.973333333333333,0.31
