coord_p_true_x,coord_p_true_y,radiusX_p_true,radiusY_p_true,theta_p_true,coord_i_true_x,coord_i_true_y,radiusX_i_true,radiusY_i_true,theta_i_true
109.63393939393934,76.79030303030304,14.506666666666668,14.506666666666668,0.74,110.95272727272723,77.60484848484846,23.166060606060608,23.166060606060608,0.26
