coord_p_true_x,coord_p_true_y,radiusX_p_true,radiusY_p_true,theta_p_true,coord_i_true_x,coord_i_true_y,radiusX_i_true,radiusY_i_true,theta_i_true
117.93454545454546,76.36363636363636,13.895757575757576,13.895757575757576,0.86,117.44000000000001,78.03151515151518,23.301818181818184,23.282424242424245,0.89
