coord_p_true_x,coord_p_true_y,radiusX_p_true,radiusY_p_true,theta_p_true,coord_i_true_x,coord_i_true_y,radiusX_i_true,radiusY_i_true,theta_i_true
110.18666666666667,74.00727272727272,9.696969696969697,9.696969696969697,0.86,111.12727272727275,75.82060606060607,22.952727272727277,22.952727272727277,0.21
