coord_p_true_x,coord_p_true_y,radiusX_p_true,radiusY_p_true,theta_p_true,coord_i_true_x,coord_i_true_y,radiusX_i_true,radiusY_i_true,theta_i_true
105.41575757575755,74.25939393939393,9.357575757575757,9.357575757575757,0.75,105.34787878787878,75.46181818181817,23.796363636363637,23.796363636363637,0.05
