coord_p_true_x,coord_p_true_y,radiusX_p_true,radiusY_p_true,theta_p_true,coord_i_true_x,coord_i_true_y,radiusX_i_true,radiusY_i_true,theta_i_true
100.51878787878785,72.57212121212119,7.903030303030303,7.903030303030303,1.4,101.61454545454542,72.36848484848484,23.44727272727273,23.44727272727273,0.19
