coord_p_true_x,coord_p_true_y,radiusX_p_true,radiusY_p_true,theta_p_true,coord_i_true_x,coord_i_true_y,radiusX_i_true,radiusY_i_true,theta_i_true
101.22666666666666,78.08969696969694,6.380606060606061,6.380606060606061,1.11,101.22666666666666,79.53454545454544,20.208484848484847,20.208484848484847,0.64
