coord_p_true_x,coord_p_true_y,radiusX_p_true,radiusY_p_true,theta_p_true,coord_i_true_x,coord_i_true_y,radiusX_i_true,radiusY_i_true,theta_i_true
103.23393939393938,71.61212121212124,8.067878787878788,8.067878787878788,1.15,101.53696969696968,72.0,23.040000000000003,23.040000000000003,0.01
