coord_p_true_x,coord_p_true_y,radiusX_p_true,radiusY_p_true,theta_p_true,coord_i_true_x,coord_i_true_y,radiusX_i_true,radiusY_i_true,theta_i_true
97.65818181818186,79.55393939393942,6.6036363636363635,6.6036363636363635,1.08,98.29818181818183,80.14545454545453,22.03151515151515,22.03151515151515,0.29
