coord_p_true_x,coord_p_true_y,radiusX_p_true,radiusY_p_true,theta_p_true,coord_i_true_x,coord_i_true_y,radiusX_i_true,radiusY_i_true,theta_i_true
109.11030303030302,76.91636363636363,6.118787878787878,6.118787878787878,0.58,106.25939393939393,78.12848484848485,26.31757575757576,26.31757575757576,-0.05
