coord_p_true_x,coord_p_true_y,radiusX_p_true,radiusY_p_true,theta_p_true,coord_i_true_x,coord_i_true_y,radiusX_i_true,radiusY_i_true,theta_i_true
110.390303030303,78.65212121212123,12.383030303030303,12.383030303030303,1.14,110.25454545454545,78.12848484848485,23.224242424242423,23.224242424242423,0.5
