coord_p_true_x,coord_p_true_y,radiusX_p_true,radiusY_p_true,theta_p_true,coord_i_true_x,coord_i_true_y,radiusX_i_true,radiusY_i_true,theta_i_true
118.0509090909091,78.71030303030305,12.984242424242424,12.984242424242424,1.24,119.01090909090911,77.75030303030304,23.311515151515152,23.311515151515152,0.6
