coord_p_true_x,coord_p_true_y,radiusX_p_true,radiusY_p_true,theta_p_true,coord_i_true_x,coord_i_true_y,radiusX_i_true,radiusY_i_true,theta_i_true
111.68000000000002,77.6339393939394,11.296969696969697,11.296969696969697,0.94,111.53454545454544,78.35151515151516,20.509090909090908,20.421818181818182,0.5
