coord_p_true_x,coord_p_true_y,radiusX_p_true,radiusY_p_true,theta_p_true,coord_i_true_x,coord_i_true_y,radiusX_i_true,radiusY_i_true,theta_i_true
111.44727272727268,77.35272727272725,10.938181818181818,10.938181818181818,1.15,112.49454545454545,78.8848484848485,20.072727272727274,20.072727272727274,0.64
