coord_p_true_x,coord_p_true_y,radiusX_p_true,radiusY_p_true,theta_p_true,coord_i_true_x,coord_i_true_y,radiusX_i_true,radiusY_i_true,theta_i_true
117.77939393939393,74.44363636363634,6.1866666666666665,6.1866666666666665,0.83,115.96606060606058,76.26666666666665,26.705454545454547,26.705454545454547,0.2
