coord_p_true_x,coord_p_true_y,radiusX_p_true,radiusY_p_true,theta_p_true,coord_i_true_x,coord_i_true_y,radiusX_i_true,radiusY_i_true,theta_i_true
113.61939393939396,74.21090909090907,12.256969696969698,12.256969696969698,0.98,112.5430303030303,73.61939393939396,28.17939393939394,28.17939393939394,0.52
