coord_p_true_x,coord_p_true_y,radiusX_p_true,radiusY_p_true,theta_p_true,coord_i_true_x,coord_i_true_y,radiusX_i_true,radiusY_i_true,theta_i_true
113.66787878787882,77.06181818181821,8.523636363636363,8.523636363636363,1.01,113.1927272727273,76.07272727272726,26.191515151515155,26.191515151515155,0.31
