coord_p_true_x,coord_p_true_y,radiusX_p_true,radiusY_p_true,theta_p_true,coord_i_true_x,coord_i_true_y,radiusX_i_true,radiusY_i_true,theta_i_true
106.14303030303034,75.56848484848486,12.887272727272727,12.887272727272727,1.12,107.01575757575759,75.38424242424243,27.810909090909092,27.810909090909092,0.27
