coord_p_true_x,coord_p_true_y,radiusX_p_true,radiusY_p_true,theta_p_true,coord_i_true_x,coord_i_true_y,radiusX_i_true,radiusY_i_true,theta_i_true
107.33575757575763,74.03636363636366,10.88,10.88,0.57,109.01333333333329,74.60848484848485,26.996363636363636,26.996363636363636,0.12
