coord_p_true_x,coord_p_true_y,radiusX_p_true,radiusY_p_true,theta_p_true,coord_i_true_x,coord_i_true_y,radiusX_i_true,radiusY_i_true,theta_i_true
112.53333333333329,77.26545454545456,8.96,8.833939393939394,1.07,113.5224242424243,77.13939393939395,26.58909090909091,26.30787878787879,0.38
