coord_p_true_x,coord_p_true_y,radiusX_p_true,radiusY_p_true,theta_p_true,coord_i_true_x,coord_i_true_y,radiusX_i_true,radiusY_i_true,theta_i_true
118.64242424242427,77.60484848484846,9.861818181818181,9.832727272727274,0.78,117.04242424242423,78.19636363636363,26.67636363636364,26.67636363636364,0.61
