coord_p_true_x,coord_p_true_y,radiusX_p_true,radiusY_p_true,theta_p_true,coord_i_true_x,coord_i_true_y,radiusX_i_true,radiusY_i_true,theta_i_true
115.7236363636364,76.98424242424241,6.807272727272727,6.807272727272727,0.43,117.04242424242429,79.2921212121212,23.466666666666665,23.466666666666665,0.51
