coord_p_true_x,coord_p_true_y,radiusX_p_true,radiusY_p_true,theta_p_true,coord_i_true_x,coord_i_true_y,radiusX_i_true,radiusY_i_true,theta_i_true
106.80242424242424,77.14909090909092,7.1854545454545455,7.1854545454545455,-0.27,106.23030303030305,75.9369696969697,23.71878787878788,23.71878787878788,-0.27
