coord_p_true_x,coord_p_true_y,radiusX_p_true,radiusY_p_true,theta_p_true,coord_i_true_x,coord_i_true_y,radiusX_i_true,radiusY_i_true,theta_i_true
110.53575757575759,79.84484848484847,19.57818181818182,19.57818181818182,1.17,111.00121212121215,79.50545454545455,29.82787878787879,29.82787878787879,0.27
