coord_p_true_x,coord_p_true_y,radiusX_p_true,radiusY_p_true,theta_p_true,coord_i_true_x,coord_i_true_y,radiusX_i_true,radiusY_i_true,theta_i_true
103.4181818181818,80.47515151515152,17.435151515151517,17.435151515151517,1.41,104.2036363636364,79.85454545454547,30.206060606060607,30.206060606060607,0.22
