coord_p_true_x,coord_p_true_y,radiusX_p_true,radiusY_p_true,theta_p_true,coord_i_true_x,coord_i_true_y,radiusX_i_true,radiusY_i_true,theta_i_true
94.08969696969694,79.4569696969697,7.117575757575757,7.117575757575757,0.98,96.32000000000004,80.96000000000001,21.013333333333335,21.013333333333335,-2.99
