coord_p_true_x,coord_p_true_y,radiusX_p_true,radiusY_p_true,theta_p_true,coord_i_true_x,coord_i_true_y,radiusX_i_true,radiusY_i_true,theta_i_true
123.9757575757576,82.44363636363634,8.378181818181819,8.378181818181819,1.03,121.82303030303031,81.14424242424244,21.042424242424243,21.042424242424243,0.42
