coord_p_true_x,coord_p_true_y,radiusX_p_true,radiusY_p_true,theta_p_true,coord_i_true_x,coord_i_true_y,radiusX_i_true,radiusY_i_true,theta_i_true
119.91272727272724,80.46545454545456,8.368484848484849,8.368484848484849,1.05,120.94060606060609,83.04484848484847,22.322424242424244,22.322424242424244,0.66
