coord_p_true_x,coord_p_true_y,radiusX_p_true,radiusY_p_true,theta_p_true,coord_i_true_x,coord_i_true_y,radiusX_i_true,radiusY_i_true,theta_i_true
100.8,79.28242424242424,7.408484848484848,7.408484848484848,1.0,99.87878787878788,79.21454545454546,18.104242424242425,18.104242424242425,-2.98
