coord_p_true_x,coord_p_true_y,radiusX_p_true,radiusY_p_true,theta_p_true,coord_i_true_x,coord_i_true_y,radiusX_i_true,radiusY_i_true,theta_i_true
103.2436363636364,75.13212121212123,9.02787878787879,9.02787878787879,1.26,104.329696969697,73.9490909090909,23.873939393939395,24.135757575757577,0.12
