coord_p_true_x,coord_p_true_y,radiusX_p_true,radiusY_p_true,theta_p_true,coord_i_true_x,coord_i_true_y,radiusX_i_true,radiusY_i_true,theta_i_true
106.64727272727275,71.68969696969698,8.756363636363636,8.756363636363636,1.07,105.75515151515152,71.46666666666665,24.504242424242424,24.504242424242424,0.24
