coord_p_true_x,coord_p_true_y,radiusX_p_true,radiusY_p_true,theta_p_true,coord_i_true_x,coord_i_true_y,radiusX_i_true,radiusY_i_true,theta_i_true
117.33333333333334,79.67030303030306,9.522424242424243,9.522424242424243,0.76,115.79151515151518,80.42666666666666,21.032727272727275,21.032727272727275,0.37
