coord_p_true_x,coord_p_true_y,radiusX_p_true,radiusY_p_true,theta_p_true,coord_i_true_x,coord_i_true_y,radiusX_i_true,radiusY_i_true,theta_i_true
98.99636363636367,71.80606060606063,7.951515151515151,7.631515151515152,0.73,98.05575757575758,75.27757575757576,26.821818181818184,26.821818181818184,0.13
