coord_p_true_x,coord_p_true_y,radiusX_p_true,radiusY_p_true,theta_p_true,coord_i_true_x,coord_i_true_y,radiusX_i_true,radiusY_i_true,theta_i_true
93.74060606060608,75.21939393939394,8.32969696969697,8.31030303030303,0.96,93.80848484848487,75.75272727272728,27.58787878787879,27.58787878787879,0.02
