coord_p_true_x,coord_p_true_y,radiusX_p_true,radiusY_p_true,theta_p_true,coord_i_true_x,coord_i_true_y,radiusX_i_true,radiusY_i_true,theta_i_true
120.01939393939392,80.60121212121213,9.745454545454546,9.745454545454546,0.77,119.77696969696969,81.41575757575755,25.3769696969697,25.3769696969697,0.24
