coord_p_true_x,coord_p_true_y,radiusX_p_true,radiusY_p_true,theta_p_true,coord_i_true_x,coord_i_true_y,radiusX_i_true,radiusY_i_true,theta_i_true
113.78424242424246,81.59999999999998,9.648484848484848,9.842424242424244,0.75,115.29696969696968,80.90181818181819,22.35151515151515,22.671515151515152,0.31
