coord_p_true_x,coord_p_true_y,radiusX_p_true,radiusY_p_true,theta_p_true,coord_i_true_x,coord_i_true_y,radiusX_i_true,radiusY_i_true,theta_i_true
115.41333333333331,78.14787878787877,10.463030303030303,10.463030303030303,0.9,111.28242424242424,79.68000000000002,23.893333333333334,23.893333333333334,0.37
