coord_p_true_x,coord_p_true_y,radiusX_p_true,radiusY_p_true,theta_p_true,coord_i_true_x,coord_i_true_y,radiusX_i_true,radiusY_i_true,theta_i_true
112.21333333333337,74.29818181818183,6.128484848484849,6.128484848484849,0.76,113.23151515151514,75.90787878787876,22.40969696969697,22.894545454545455,0.07
