coord_p_true_x,coord_p_true_y,radiusX_p_true,radiusY_p_true,theta_p_true,coord_i_true_x,coord_i_true_y,radiusX_i_true,radiusY_i_true,theta_i_true
104.5818181818182,74.6860606060606,5.837575757575757,5.837575757575757,0.68,104.32,76.16000000000003,23.282424242424245,23.282424242424245,-0.14
