coord_p_true_x,coord_p_true_y,radiusX_p_true,radiusY_p_true,theta_p_true,coord_i_true_x,coord_i_true_y,radiusX_i_true,radiusY_i_true,theta_i_true
118.7490909090909,76.32484848484847,12.15030303030303,12.15030303030303,0.91,117.7212121212121,76.17939393939395,25.415757575757578,25.115151515151513,0.58
