coord_p_true_x,coord_p_true_y,radiusX_p_true,radiusY_p_true,theta_p_true,coord_i_true_x,coord_i_true_y,radiusX_i_true,radiusY_i_true,theta_i_true
117.14909090909086,72.43636363636362,12.373333333333333,12.373333333333333,0.74,116.81939393939398,73.9878787878788,24.727272727272727,24.727272727272727,0.12
