coord_p_true_x,coord_p_true_y,radiusX_p_true,radiusY_p_true,theta_p_true,coord_i_true_x,coord_i_true_y,radiusX_i_true,radiusY_i_true,theta_i_true
97.29939393939398,79.52484848484848,8.601212121212122,8.601212121212122,0.87,102.22545454545451,77.98303030303032,20.993939393939392,20.993939393939392,-2.92
