coord_p_true_x,coord_p_true_y,radiusX_p_true,radiusY_p_true,theta_p_true,coord_i_true_x,coord_i_true_y,radiusX_i_true,radiusY_i_true,theta_i_true
110.81696969696968,73.31878787878789,8.155151515151516,8.155151515151516,0.06,109.89575757575756,73.59999999999998,25.221818181818183,24.766060606060606,0.08
