coord_p_true_x,coord_p_true_y,radiusX_p_true,radiusY_p_true,theta_p_true,coord_i_true_x,coord_i_true_y,radiusX_i_true,radiusY_i_true,theta_i_true
110.20606060606059,73.44484848484849,9.357575757575757,9.280000000000001,0.69,109.76969696969697,75.37454545454547,21.15878787878788,21.15878787878788,0.12
