coord_p_true_x,coord_p_true_y,radiusX_p_true,radiusY_p_true,theta_p_true,coord_i_true_x,coord_i_true_y,radiusX_i_true,radiusY_i_true,theta_i_true
112.0775757575758,76.70303030303033,4.5187878787878795,4.441212121212121,0.65,114.55999999999999,76.19878787878787,26.24,26.24,0.14
