coord_p_true_x,coord_p_true_y,radiusX_p_true,radiusY_p_true,theta_p_true,coord_i_true_x,coord_i_true_y,radiusX_i_true,radiusY_i_true,theta_i_true
114.82181818181816,73.32848484848485,9.793939393939393,9.793939393939393,0.3,117.12969696969694,74.32727272727271,25.599999999999998,25.599999999999998,0.1
