coord_p_true_x,coord_p_true_y,radiusX_p_true,radiusY_p_true,theta_p_true,coord_i_true_x,coord_i_true_y,radiusX_i_true,radiusY_i_true,theta_i_true
105.10545454545453,73.9490909090909,8.930909090909092,8.930909090909092,0.92,105.48363636363634,75.4812121212121,22.225454545454546,20.85818181818182,0.11
