coord_p_true_x,coord_p_true_y,radiusX_p_true,radiusY_p_true,theta_p_true,coord_i_true_x,coord_i_true_y,radiusX_i_true,radiusY_i_true,theta_i_true
103.38909090909091,78.73939393939393,10.928484848484848,10.928484848484848,0.78,101.62424242424244,77.76,25.6969696969697,25.6969696969697,-0.17
