coord_p_true_x,coord_p_true_y,radiusX_p_true,radiusY_p_true,theta_p_true,coord_i_true_x,coord_i_true_y,radiusX_i_true,radiusY_i_true,theta_i_true
111.94181818181818,76.8581818181818,4.7709090909090905,4.722424242424243,0.92,109.99272727272728,75.46181818181817,25.832727272727276,25.832727272727276,0.03
