coord_p_true_x,coord_p_true_y,radiusX_p_true,radiusY_p_true,theta_p_true,coord_i_true_x,coord_i_true_y,radiusX_i_true,radiusY_i_true,theta_i_true
120.56242424242429,71.51515151515152,14.652121212121212,14.652121212121212,0.4,120.34909090909093,71.07878787878789,26.28848484848485,26.28848484848485,0.15
