coord_p_true_x,coord_p_true_y,radiusX_p_true,radiusY_p_true,theta_p_true,coord_i_true_x,coord_i_true_y,radiusX_i_true,radiusY_i_true,theta_i_true
107.19999999999996,77.07151515151517,8.707878787878789,8.707878787878789,0.4,108.16969696969693,74.35636363636364,25.580606060606062,25.221818181818183,0.15
