coord_p_true_x,coord_p_true_y,radiusX_p_true,radiusY_p_true,theta_p_true,coord_i_true_x,coord_i_true_y,radiusX_i_true,radiusY_i_true,theta_i_true
122.10424242424244,74.17212121212123,13.837575757575758,13.837575757575758,-0.86,121.88121212121212,72.51393939393937,25.881212121212123,26.104242424242425,0.26
