coord_p_true_x,coord_p_true_y,radiusX_p_true,radiusY_p_true,theta_p_true,coord_i_true_x,coord_i_true_y,radiusX_i_true,radiusY_i_true,theta_i_true
113.84242424242423,76.48969696969696,8.601212121212122,8.358787878787878,0.34,112.8630303030303,74.69575757575755,25.764848484848486,25.764848484848486,-0.06
