coord_p_true_x,coord_p_true_y,radiusX_p_true,radiusY_p_true,theta_p_true,coord_i_true_x,coord_i_true_y,radiusX_i_true,radiusY_i_true,theta_i_true
109.32363636363638,73.7357575757576,7.922424242424243,7.922424242424243,0.38,110.98181818181823,73.48363636363634,25.23151515151515,25.23151515151515,-0.04
