coord_p_true_x,coord_p_true_y,radiusX_p_true,radiusY_p_true,theta_p_true,coord_i_true_x,coord_i_true_y,radiusX_i_true,radiusY_i_true,theta_i_true
111.11757575757574,74.70545454545457,8.252121212121212,8.252121212121212,0.48,109.4690909090909,73.59999999999998,24.882424242424243,24.882424242424243,-0.06
