coord_p_true_x,coord_p_true_y,radiusX_p_true,radiusY_p_true,theta_p_true,coord_i_true_x,coord_i_true_y,radiusX_i_true,radiusY_i_true,theta_i_true
107.32606060606057,76.88727272727274,13.129696969696969,13.129696969696969,0.5,108.78060606060602,77.42060606060603,30.74909090909091,30.74909090909091,-0.02
