coord_p_true_x,coord_p_true_y,radiusX_p_true,radiusY_p_true,theta_p_true,coord_i_true_x,coord_i_true_y,radiusX_i_true,radiusY_i_true,theta_i_true
112.90181818181819,78.29333333333335,12.004848484848486,12.004848484848486,0.38,112.76606060606063,76.36363636363636,31.389090909090907,31.389090909090907,0.19
