coord_p_true_x,coord_p_true_y,radiusX_p_true,radiusY_p_true,theta_p_true,coord_i_true_x,coord_i_true_y,radiusX_i_true,radiusY_i_true,theta_i_true
116.88727272727274,75.76242424242425,16.756363636363638,15.97090909090909,0.61,116.31515151515151,75.60727272727276,25.406060606060606,25.406060606060606,0.18
