coord_p_true_x,coord_p_true_y,radiusX_p_true,radiusY_p_true,theta_p_true,coord_i_true_x,coord_i_true_y,radiusX_i_true,radiusY_i_true,theta_i_true
110.55515151515151,75.52969696969696,16.223030303030303,16.04848484848485,0.67,111.02060606060607,75.44242424242425,25.745454545454546,25.745454545454546,0.22
