coord_p_true_x,coord_p_true_y,radiusX_p_true,radiusY_p_true,theta_p_true,coord_i_true_x,coord_i_true_y,radiusX_i_true,radiusY_i_true,theta_i_true
119.63151515151516,83.09333333333333,10.27878787878788,10.27878787878788,1.23,117.68242424242426,83.13212121212123,29.633939393939393,29.633939393939393,0.57
