coord_p_true_x,coord_p_true_y,radiusX_p_true,radiusY_p_true,theta_p_true,coord_i_true_x,coord_i_true_y,radiusX_i_true,radiusY_i_true,theta_i_true
137.20242424242426,80.65939393939395,9.270303030303031,9.299393939393939,0.56,127.09818181818181,82.12363636363636,20.383030303030303,20.14060606060606,0.69
