coord_p_true_x,coord_p_true_y,radiusX_p_true,radiusY_p_true,theta_p_true,coord_i_true_x,coord_i_true_y,radiusX_i_true,radiusY_i_true,theta_i_true
130.45333333333332,77.98303030303032,9.92,9.92,0.39,128.66909090909095,76.49939393939393,26.88969696969697,25.541818181818183,0.14
