coord_p_true_x,coord_p_true_y,radiusX_p_true,radiusY_p_true,theta_p_true,coord_i_true_x,coord_i_true_y,radiusX_i_true,radiusY_i_true,theta_i_true
107.93696969696964,84.19878787878787,9.629090909090909,9.270303030303031,1.03,108.19878787878793,82.46303030303032,29.323636363636364,28.16969696969697,0.49
