coord_p_true_x,coord_p_true_y,radiusX_p_true,radiusY_p_true,theta_p_true,coord_i_true_x,coord_i_true_y,radiusX_i_true,radiusY_i_true,theta_i_true
92.95515151515153,75.8109090909091,8.901818181818182,8.901818181818182,0.37,92.81939393939396,78.24484848484849,28.363636363636363,28.237575757575758,3.12
