coord_p_true_x,coord_p_true_y,radiusX_p_true,radiusY_p_true,theta_p_true,coord_i_true_x,coord_i_true_y,radiusX_i_true,radiusY_i_true,theta_i_true
108.97454545454545,76.18909090909091,12.683636363636364,13.15878787878788,1.31,108.67393939393939,74.83151515151516,27.88848484848485,27.452121212121213,0.18
