coord_p_true_x,coord_p_true_y,radiusX_p_true,radiusY_p_true,theta_p_true,coord_i_true_x,coord_i_true_y,radiusX_i_true,radiusY_i_true,theta_i_true
101.98303030303026,76.72242424242425,13.527272727272727,13.488484848484848,1.19,102.89454545454547,75.47151515151513,26.996363636363636,26.67636363636364,-0.12
