coord_p_true_x,coord_p_true_y,radiusX_p_true,radiusY_p_true,theta_p_true,coord_i_true_x,coord_i_true_y,radiusX_i_true,radiusY_i_true,theta_i_true
94.95272727272723,77.9248484848485,7.272727272727273,7.272727272727273,0.63,99.95636363636368,77.27515151515152,22.186666666666667,22.186666666666667,3.11
