coord_p_true_x,coord_p_true_y,radiusX_p_true,radiusY_p_true,theta_p_true,coord_i_true_x,coord_i_true_y,radiusX_i_true,radiusY_i_true,theta_i_true
100.13090909090909,77.03272727272727,15.059393939393939,15.059393939393939,0.72,98.35636363636364,78.16727272727275,24.290909090909093,24.290909090909093,0.15
