coord_p_true_x,coord_p_true_y,radiusX_p_true,radiusY_p_true,theta_p_true,coord_i_true_x,coord_i_true_y,radiusX_i_true,radiusY_i_true,theta_i_true
101.28484848484854,79.66060606060604,13.42060606060606,13.42060606060606,1.06,100.58666666666669,78.64242424242427,24.368484848484847,24.736969696969698,-0.08
