coord_p_true_x,coord_p_true_y,radiusX_p_true,radiusY_p_true,theta_p_true,coord_i_true_x,coord_i_true_y,radiusX_i_true,radiusY_i_true,theta_i_true
116.42181818181818,77.11999999999998,11.112727272727273,11.112727272727273,1.28,116.78060606060608,77.69212121212122,23.330909090909092,23.330909090909092,0.46
