coord_p_true_x,coord_p_true_y,radiusX_p_true,radiusY_p_true,theta_p_true,coord_i_true_x,coord_i_true_y,radiusX_i_true,radiusY_i_true,theta_i_true
116.56727272727277,74.85090909090908,10.783030303030303,11.21939393939394,1.17,116.40242424242422,76.30545454545455,23.04969696969697,22.400000000000002,0.53
