coord_p_true_x,coord_p_true_y,radiusX_p_true,radiusY_p_true,theta_p_true,coord_i_true_x,coord_i_true_y,radiusX_i_true,radiusY_i_true,theta_i_true
108.41212121212116,77.20727272727274,4.761212121212122,4.761212121212122,1.07,110.0024242424243,77.58545454545454,27.442424242424245,27.442424242424245,-0.07
