coord_p_true_x,coord_p_true_y,radiusX_p_true,radiusY_p_true,theta_p_true,coord_i_true_x,coord_i_true_y,radiusX_i_true,radiusY_i_true,theta_i_true
109.39151515151515,75.9757575757576,5.420606060606061,5.74060606060606,0.84,106.56969696969695,77.43030303030305,24.65939393939394,24.921212121212122,0.04
