coord_p_true_x,coord_p_true_y,radiusX_p_true,radiusY_p_true,theta_p_true,coord_i_true_x,coord_i_true_y,radiusX_i_true,radiusY_i_true,theta_i_true
115.51030303030304,78.15757575757578,4.673939393939395,4.945454545454545,1.17,116.81939393939398,79.37939393939395,24.99878787878788,24.99878787878788,0.09
