coord_p_true_x,coord_p_true_y,radiusX_p_true,radiusY_p_true,theta_p_true,coord_i_true_x,coord_i_true_y,radiusX_i_true,radiusY_i_true,theta_i_true
114.98666666666665,76.20848484848483,5.032727272727273,5.032727272727273,1.01,113.92000000000002,78.56484848484847,27.025454545454547,27.025454545454547,0.36
