coord_p_true_x,coord_p_true_y,radiusX_p_true,radiusY_p_true,theta_p_true,coord_i_true_x,coord_i_true_y,radiusX_i_true,radiusY_i_true,theta_i_true
118.92363636363635,80.18424242424243,14.41939393939394,14.41939393939394,0.61,117.69212121212122,78.20606060606059,24.193939393939395,24.193939393939395,0.34
