coord_p_true_x,coord_p_true_y,radiusX_p_true,radiusY_p_true,theta_p_true,coord_i_true_x,coord_i_true_y,radiusX_i_true,radiusY_i_true,theta_i_true
117.14909090909086,79.28242424242424,15.243636363636364,15.243636363636364,0.71,118.04121212121214,79.02060606060607,25.027878787878787,25.027878787878787,0.18
