coord_p_true_x,coord_p_true_y,radiusX_p_true,radiusY_p_true,theta_p_true,coord_i_true_x,coord_i_true_y,radiusX_i_true,radiusY_i_true,theta_i_true
115.18060606060604,78.40969696969698,12.926060606060606,12.926060606060606,0.84,113.82303030303031,79.13696969696971,30.37090909090909,30.37090909090909,0.17
