coord_p_true_x,coord_p_true_y,radiusX_p_true,radiusY_p_true,theta_p_true,coord_i_true_x,coord_i_true_y,radiusX_i_true,radiusY_i_true,theta_i_true
112.17454545454541,76.98424242424241,13.216969696969699,13.216969696969699,0.9,113.67757575757578,78.09939393939396,30.80727272727273,31.059393939393942,0.13
