coord_p_true_x,coord_p_true_y,radiusX_p_true,radiusY_p_true,theta_p_true,coord_i_true_x,coord_i_true_y,radiusX_i_true,radiusY_i_true,theta_i_true
120.57212121212125,77.129696969697,6.157575757575757,6.157575757575757,1.19,122.13333333333338,78.83636363636364,24.863030303030303,24.863030303030303,0.24
