coord_p_true_x,coord_p_true_y,radiusX_p_true,radiusY_p_true,theta_p_true,coord_i_true_x,coord_i_true_y,radiusX_i_true,radiusY_i_true,theta_i_true
119.8739393939394,76.23757575757577,5.779393939393939,5.779393939393939,0.69,117.91515151515154,76.75151515151514,24.32,24.32,0.33
