coord_p_true_x,coord_p_true_y,radiusX_p_true,radiusY_p_true,theta_p_true,coord_i_true_x,coord_i_true_y,radiusX_i_true,radiusY_i_true,theta_i_true
119.86424242424243,78.07030303030302,5.818181818181818,5.818181818181818,0.99,118.77818181818184,80.5430303030303,23.796363636363637,23.796363636363637,-0.03
