coord_p_true_x,coord_p_true_y,radiusX_p_true,radiusY_p_true,theta_p_true,coord_i_true_x,coord_i_true_y,radiusX_i_true,radiusY_i_true,theta_i_true
112.14545454545453,79.26303030303032,8.048484848484849,7.893333333333334,0.74,110.390303030303,81.14424242424244,23.224242424242423,23.224242424242423,0.24
