coord_p_true_x,coord_p_true_y,radiusX_p_true,radiusY_p_true,theta_p_true,coord_i_true_x,coord_i_true_y,radiusX_i_true,radiusY_i_true,theta_i_true
109.32363636363638,81.59999999999998,7.330909090909091,7.330909090909091,0.44,110.61333333333339,82.43393939393938,23.67030303030303,23.67030303030303,0.29
