coord_p_true_x,coord_p_true_y,radiusX_p_true,radiusY_p_true,theta_p_true,coord_i_true_x,coord_i_true_y,radiusX_i_true,radiusY_i_true,theta_i_true
108.39272727272724,73.46424242424241,12.790303030303031,12.790303030303031,0.21,108.3539393939394,72.69818181818185,25.667878787878788,25.667878787878788,-0.24
