coord_p_true_x,coord_p_true_y,radiusX_p_true,radiusY_p_true,theta_p_true,coord_i_true_x,coord_i_true_y,radiusX_i_true,radiusY_i_true,theta_i_true
106.6860606060606,77.07151515151517,13.47878787878788,13.47878787878788,0.02,107.84000000000003,76.56727272727271,24.271515151515153,25.03757575757576,-0.03
