coord_p_true_x,coord_p_true_y,radiusX_p_true,radiusY_p_true,theta_p_true,coord_i_true_x,coord_i_true_y,radiusX_i_true,radiusY_i_true,theta_i_true
111.38909090909091,79.95151515151514,6.797575757575758,6.797575757575758,0.89,112.21333333333337,80.32,23.70909090909091,23.70909090909091,0.19
