coord_p_true_x,coord_p_true_y,radiusX_p_true,radiusY_p_true,theta_p_true,coord_i_true_x,coord_i_true_y,radiusX_i_true,radiusY_i_true,theta_i_true
124.16000000000003,76.4412121212121,6.681212121212121,6.913939393939394,1.33,124.62545454545453,77.57575757575758,24.329696969696972,24.329696969696972,0.19
