coord_p_true_x,coord_p_true_y,radiusX_p_true,radiusY_p_true,theta_p_true,coord_i_true_x,coord_i_true_y,radiusX_i_true,radiusY_i_true,theta_i_true
110.09939393939396,77.2557575757576,8.106666666666666,8.106666666666666,1.02,109.29454545454544,77.78909090909094,25.803636363636365,25.803636363636365,0.0
