coord_p_true_x,coord_p_true_y,radiusX_p_true,radiusY_p_true,theta_p_true,coord_i_true_x,coord_i_true_y,radiusX_i_true,radiusY_i_true,theta_i_true
107.10303030303035,79.17575757575756,5.0230303030303025,5.0230303030303025,0.83,108.42181818181813,79.97090909090912,24.116363636363637,24.116363636363637,0.19
