coord_p_true_x,coord_p_true_y,radiusX_p_true,radiusY_p_true,theta_p_true,coord_i_true_x,coord_i_true_y,radiusX_i_true,radiusY_i_true,theta_i_true
112.35878787878788,78.22545454545457,6.08969696969697,6.08969696969697,0.91,111.8739393939394,79.22424242424242,24.494545454545456,24.494545454545456,0.05
