coord_p_true_x,coord_p_true_y,radiusX_p_true,radiusY_p_true,theta_p_true,coord_i_true_x,coord_i_true_y,radiusX_i_true,radiusY_i_true,theta_i_true
115.17090909090908,79.50545454545455,5.343030303030303,5.323636363636364,1.16,112.94060606060609,79.57333333333334,24.145454545454545,23.844848484848484,0.12
