coord_p_true_x,coord_p_true_y,radiusX_p_true,radiusY_p_true,theta_p_true,coord_i_true_x,coord_i_true_y,radiusX_i_true,radiusY_i_true,theta_i_true
110.73939393939399,76.63515151515149,7.04,7.04,1.31,111.80606060606057,78.48727272727272,25.813333333333336,25.813333333333336,-3.1
