coord_p_true_x,coord_p_true_y,radiusX_p_true,radiusY_p_true,theta_p_true,coord_i_true_x,coord_i_true_y,radiusX_i_true,radiusY_i_true,theta_i_true
105.70666666666666,76.62545454545453,6.72969696969697,6.72969696969697,0.59,109.51757575757581,77.99272727272728,26.666666666666668,25.92969696969697,-0.04
