coord_p_true_x,coord_p_true_y,radiusX_p_true,radiusY_p_true,theta_p_true,coord_i_true_x,coord_i_true_y,radiusX_i_true,radiusY_i_true,theta_i_true
108.36363636363636,76.04363636363638,7.3987878787878785,7.195151515151515,0.76,107.1418181818182,78.3418181818182,26.91878787878788,26.686060606060607,0.03
