coord_p_true_x,coord_p_true_y,radiusX_p_true,radiusY_p_true,theta_p_true,coord_i_true_x,coord_i_true_y,radiusX_i_true,radiusY_i_true,theta_i_true
109.129696969697,75.6460606060606,9.095757575757577,9.02787878787879,1.43,107.59757575757574,76.01454545454544,23.67030303030303,23.67030303030303,-0.12
