coord_p_true_x,coord_p_true_y,radiusX_p_true,radiusY_p_true,theta_p_true,coord_i_true_x,coord_i_true_y,radiusX_i_true,radiusY_i_true,theta_i_true
106.0266666666667,77.95393939393938,8.30060606060606,8.30060606060606,1.52,107.28727272727272,77.84727272727271,24.04848484848485,24.04848484848485,0.08
