coord_p_true_x,coord_p_true_y,radiusX_p_true,radiusY_p_true,theta_p_true,coord_i_true_x,coord_i_true_y,radiusX_i_true,radiusY_i_true,theta_i_true
123.6460606060606,76.31515151515151,10.957575757575759,10.957575757575759,1.06,122.89939393939395,77.22666666666666,27.258181818181818,27.258181818181818,0.6
