coord_p_true_x,coord_p_true_y,radiusX_p_true,radiusY_p_true,theta_p_true,coord_i_true_x,coord_i_true_y,radiusX_i_true,radiusY_i_true,theta_i_true
120.28121212121215,74.25939393939393,10.27878787878788,10.27878787878788,1.05,119.64121212121212,74.89939393939395,26.88969696969697,26.88969696969697,0.64
