coord_p_true_x,coord_p_true_y,radiusX_p_true,radiusY_p_true,theta_p_true,coord_i_true_x,coord_i_true_y,radiusX_i_true,radiusY_i_true,theta_i_true
103.2921212121212,73.67757575757578,6.380606060606061,6.380606060606061,0.58,104.49454545454545,77.57575757575758,25.454545454545457,25.454545454545457,0.01
