coord_p_true_x,coord_p_true_y,radiusX_p_true,radiusY_p_true,theta_p_true,coord_i_true_x,coord_i_true_y,radiusX_i_true,radiusY_i_true,theta_i_true
104.84363636363638,71.57333333333334,7.0593939393939396,6.884848484848485,0.18,104.3781818181818,75.28727272727272,24.921212121212122,24.921212121212122,0.01
