coord_p_true_x,coord_p_true_y,radiusX_p_true,radiusY_p_true,theta_p_true,coord_i_true_x,coord_i_true_y,radiusX_i_true,radiusY_i_true,theta_i_true
112.98909090909089,80.46545454545456,6.807272727272727,6.807272727272727,0.83,114.00727272727278,79.40848484848483,23.873939393939395,23.873939393939395,0.37
