coord_p_true_x,coord_p_true_y,radiusX_p_true,radiusY_p_true,theta_p_true,coord_i_true_x,coord_i_true_y,radiusX_i_true,radiusY_i_true,theta_i_true
112.67878787878787,82.62787878787877,6.952727272727273,6.952727272727273,1.15,111.28242424242424,82.77333333333335,23.486060606060605,23.486060606060605,0.37
