coord_p_true_x,coord_p_true_y,radiusX_p_true,radiusY_p_true,theta_p_true,coord_i_true_x,coord_i_true_y,radiusX_i_true,radiusY_i_true,theta_i_true
113.12484848484846,76.33454545454548,10.666666666666668,10.666666666666668,0.68,112.61090909090909,77.74060606060608,21.856969696969696,21.856969696969696,-0.02
