coord_p_true_x,coord_p_true_y,radiusX_p_true,radiusY_p_true,theta_p_true,coord_i_true_x,coord_i_true_y,radiusX_i_true,radiusY_i_true,theta_i_true
110.7878787878788,75.23878787878786,11.044848484848485,11.044848484848485,0.61,109.6727272727273,77.0521212121212,21.323636363636364,21.323636363636364,0.19
