coord_p_true_x,coord_p_true_y,radiusX_p_true,radiusY_p_true,theta_p_true,coord_i_true_x,coord_i_true_y,radiusX_i_true,radiusY_i_true,theta_i_true
120.13575757575757,73.01818181818183,9.008484848484848,8.930909090909092,0.96,118.70060606060609,73.80363636363639,23.330909090909092,23.330909090909092,0.39
