coord_p_true_x,coord_p_true_y,radiusX_p_true,radiusY_p_true,theta_p_true,coord_i_true_x,coord_i_true_y,radiusX_i_true,radiusY_i_true,theta_i_true
110.11878787878783,73.08606060606061,8.911515151515152,8.863030303030303,0.72,110.08969696969694,72.71757575757577,24.23272727272727,24.23272727272727,0.09
