coord_p_true_x,coord_p_true_y,radiusX_p_true,radiusY_p_true,theta_p_true,coord_i_true_x,coord_i_true_y,radiusX_i_true,radiusY_i_true,theta_i_true
111.90303030303028,71.27272727272728,13.653333333333334,13.362424242424241,0.63,111.61212121212124,74.14303030303029,23.825454545454548,23.825454545454548,0.35
