coord_p_true_x,coord_p_true_y,radiusX_p_true,radiusY_p_true,theta_p_true,coord_i_true_x,coord_i_true_y,radiusX_i_true,radiusY_i_true,theta_i_true
116.62545454545453,81.21212121212122,17.173333333333336,17.173333333333336,0.55,115.65575757575756,82.1139393939394,27.607272727272726,27.607272727272726,0.24
