coord_p_true_x,coord_p_true_y,radiusX_p_true,radiusY_p_true,theta_p_true,coord_i_true_x,coord_i_true_y,radiusX_i_true,radiusY_i_true,theta_i_true
118.11878787878788,79.90303030303028,9.260606060606062,9.260606060606062,1.11,116.45090909090906,80.43636363636362,28.392727272727274,28.392727272727274,0.45
