coord_p_true_x,coord_p_true_y,radiusX_p_true,radiusY_p_true,theta_p_true,coord_i_true_x,coord_i_true_y,radiusX_i_true,radiusY_i_true,theta_i_true
117.15878787878788,79.9127272727273,17.716363636363635,17.716363636363635,0.92,115.31636363636366,77.64363636363636,27.413333333333334,27.413333333333334,0.21
