coord_p_true_x,coord_p_true_y,radiusX_p_true,radiusY_p_true,theta_p_true,coord_i_true_x,coord_i_true_y,radiusX_i_true,radiusY_i_true,theta_i_true
121.3187878787879,77.76969696969697,9.280000000000001,9.280000000000001,1.02,122.27878787878791,77.85696969696971,29.51757575757576,29.546666666666667,0.57
