coord_p_true_x,coord_p_true_y,radiusX_p_true,radiusY_p_true,theta_p_true,coord_i_true_x,coord_i_true_y,radiusX_i_true,radiusY_i_true,theta_i_true
114.89939393939395,72.88242424242426,13.895757575757576,13.895757575757576,0.81,115.62666666666668,74.04606060606062,24.59151515151515,24.59151515151515,0.46
