coord_p_true_x,coord_p_true_y,radiusX_p_true,radiusY_p_true,theta_p_true,coord_i_true_x,coord_i_true_y,radiusX_i_true,radiusY_i_true,theta_i_true
119.42787878787875,74.52121212121214,13.711515151515153,13.711515151515153,0.31,119.25333333333336,72.53333333333335,26.64727272727273,26.802424242424244,0.41
