coord_p_true_x,coord_p_true_y,radiusX_p_true,radiusY_p_true,theta_p_true,coord_i_true_x,coord_i_true_y,radiusX_i_true,radiusY_i_true,theta_i_true
125.87636363636364,75.50060606060607,13.488484848484848,13.488484848484848,1.01,124.87757575757574,74.870303030303,24.96969696969697,24.96969696969697,0.53
