coord_p_true_x,coord_p_true_y,radiusX_p_true,radiusY_p_true,theta_p_true,coord_i_true_x,coord_i_true_y,radiusX_i_true,radiusY_i_true,theta_i_true
104.09696969696972,73.1539393939394,12.761212121212122,12.761212121212122,-0.2,102.18666666666667,71.52484848484848,21.37212121212121,21.37212121212121,-0.18
