coord_p_true_x,coord_p_true_y,radiusX_p_true,radiusY_p_true,theta_p_true,coord_i_true_x,coord_i_true_y,radiusX_i_true,radiusY_i_true,theta_i_true
96.93090909090907,74.01696969696968,11.684848484848485,11.684848484848485,-0.16,96.55272727272727,72.5430303030303,20.16969696969697,20.16969696969697,-0.09
