coord_p_true_x,coord_p_true_y,radiusX_p_true,radiusY_p_true,theta_p_true,coord_i_true_x,coord_i_true_y,radiusX_i_true,radiusY_i_true,theta_i_true
109.9733333333333,77.90545454545452,7.04969696969697,7.04969696969697,1.11,112.24242424242425,75.1030303030303,24.174545454545456,22.943030303030305,0.22
