coord_p_true_x,coord_p_true_y,radiusX_p_true,radiusY_p_true,theta_p_true,coord_i_true_x,coord_i_true_y,radiusX_i_true,radiusY_i_true,theta_i_true
114.38545454545452,73.88121212121212,5.837575757575757,5.963636363636364,0.72,113.59030303030302,79.27272727272728,21.478787878787877,21.934545454545457,-0.07
