coord_p_true_x,coord_p_true_y,radiusX_p_true,radiusY_p_true,theta_p_true,coord_i_true_x,coord_i_true_y,radiusX_i_true,radiusY_i_true,theta_i_true
98.42424242424242,83.71393939393938,6.526060606060606,6.526060606060606,1.18,100.60606060606061,85.16848484848484,25.06666666666667,25.06666666666667,3.14
