coord_p_true_x,coord_p_true_y,radiusX_p_true,radiusY_p_true,theta_p_true,coord_i_true_x,coord_i_true_y,radiusX_i_true,radiusY_i_true,theta_i_true
99.34545454545454,79.31151515151517,9.881212121212121,9.881212121212121,0.97,100.40242424242426,79.9612121212121,24.94060606060606,24.94060606060606,0.01
