coord_p_true_x,coord_p_true_y,radiusX_p_true,radiusY_p_true,theta_p_true,coord_i_true_x,coord_i_true_y,radiusX_i_true,radiusY_i_true,theta_i_true
113.75515151515147,77.91515151515154,11.442424242424243,11.655757575757576,1.2,116.22787878787881,76.99393939393937,25.70666666666667,25.70666666666667,0.06
