coord_p_true_x,coord_p_true_y,radiusX_p_true,radiusY_p_true,theta_p_true,coord_i_true_x,coord_i_true_y,radiusX_i_true,radiusY_i_true,theta_i_true
96.98909090909089,84.8,7.941818181818181,8.232727272727272,1.07,94.62303030303029,83.84969696969699,26.744242424242422,26.744242424242422,3.04
