coord_p_true_x,coord_p_true_y,radiusX_p_true,radiusY_p_true,theta_p_true,coord_i_true_x,coord_i_true_y,radiusX_i_true,radiusY_i_true,theta_i_true
113.00848484848487,77.30424242424245,15.040000000000001,15.040000000000001,0.8,111.92242424242426,75.41333333333331,23.07878787878788,23.07878787878788,0.27
