coord_p_true_x,coord_p_true_y,radiusX_p_true,radiusY_p_true,theta_p_true,coord_i_true_x,coord_i_true_y,radiusX_i_true,radiusY_i_true,theta_i_true
115.07393939393936,73.1539393939394,13.16848484848485,13.16848484848485,0.35,115.49090909090911,73.35757575757573,23.42787878787879,23.42787878787879,0.09
