coord_p_true_x,coord_p_true_y,radiusX_p_true,radiusY_p_true,theta_p_true,coord_i_true_x,coord_i_true_y,radiusX_i_true,radiusY_i_true,theta_i_true
115.6945454545454,77.76,8.591515151515152,8.591515151515152,1.05,116.8872727272727,79.39878787878787,22.80727272727273,22.80727272727273,0.39
