coord_p_true_x,coord_p_true_y,radiusX_p_true,radiusY_p_true,theta_p_true,coord_i_true_x,coord_i_true_y,radiusX_i_true,radiusY_i_true,theta_i_true
111.10787878787878,76.95515151515153,8.397575757575758,8.397575757575758,1.02,110.76848484848487,77.48848484848487,23.107878787878786,23.107878787878786,0.35
