coord_p_true_x,coord_p_true_y,radiusX_p_true,radiusY_p_true,theta_p_true,coord_i_true_x,coord_i_true_y,radiusX_i_true,radiusY_i_true,theta_i_true
82.97696969696975,77.0909090909091,5.760000000000001,7.166060606060606,-0.1,84.88727272727269,80.56242424242423,20.741818181818182,19.995151515151516,0.63
