coord_p_true_x,coord_p_true_y,radiusX_p_true,radiusY_p_true,theta_p_true,coord_i_true_x,coord_i_true_y,radiusX_i_true,radiusY_i_true,theta_i_true
87.46666666666665,71.33090909090909,5.953939393939394,5.856969696969697,-0.96,88.07757575757574,76.72242424242425,17.745454545454546,17.386666666666667,0.6
