coord_p_true_x,coord_p_true_y,radiusX_p_true,radiusY_p_true,theta_p_true,coord_i_true_x,coord_i_true_y,radiusX_i_true,radiusY_i_true,theta_i_true
110.91393939393939,80.20363636363635,5.090909090909091,5.090909090909091,0.38,113.16363636363641,80.59151515151517,21.682424242424243,21.682424242424243,-0.05
