coord_p_true_x,coord_p_true_y,radiusX_p_true,radiusY_p_true,theta_p_true,coord_i_true_x,coord_i_true_y,radiusX_i_true,radiusY_i_true,theta_i_true
108.14060606060605,79.40848484848483,6.4775757575757575,6.4775757575757575,0.38,107.3066666666667,79.57333333333334,22.69090909090909,20.586666666666666,0.09
