coord_p_true_x,coord_p_true_y,radiusX_p_true,radiusY_p_true,theta_p_true,coord_i_true_x,coord_i_true_y,radiusX_i_true,radiusY_i_true,theta_i_true
112.74666666666666,69.94424242424242,10.986666666666666,10.986666666666666,0.46,110.94303030303033,68.97454545454545,24.23272727272727,24.23272727272727,0.23
