coord_p_true_x,coord_p_true_y,radiusX_p_true,radiusY_p_true,theta_p_true,coord_i_true_x,coord_i_true_y,radiusX_i_true,radiusY_i_true,theta_i_true
107.46181818181823,64.05818181818182,10.453333333333333,10.453333333333333,0.18,108.17939393939389,62.73939393939393,25.192727272727275,25.192727272727275,0.09
