coord_p_true_x,coord_p_true_y,radiusX_p_true,radiusY_p_true,theta_p_true,coord_i_true_x,coord_i_true_y,radiusX_i_true,radiusY_i_true,theta_i_true
109.64363636363636,73.55151515151518,11.636363636363637,11.636363636363637,0.37,111.83515151515151,74.79272727272728,28.576969696969698,28.576969696969698,0.18
