coord_p_true_x,coord_p_true_y,radiusX_p_true,radiusY_p_true,theta_p_true,coord_i_true_x,coord_i_true_y,radiusX_i_true,radiusY_i_true,theta_i_true
110.86545454545458,71.28242424242424,11.520000000000001,11.520000000000001,0.3,112.74666666666666,72.30060606060607,30.38060606060606,30.38060606060606,0.17
