coord_p_true_x,coord_p_true_y,radiusX_p_true,radiusY_p_true,theta_p_true,coord_i_true_x,coord_i_true_y,radiusX_i_true,radiusY_i_true,theta_i_true
108.71272727272729,71.2436363636364,7.166060606060606,7.166060606060606,-0.6,110.1769696969697,72.1260606060606,23.505454545454544,23.563636363636366,0.32
