coord_p_true_x,coord_p_true_y,radiusX_p_true,radiusY_p_true,theta_p_true,coord_i_true_x,coord_i_true_y,radiusX_i_true,radiusY_i_true,theta_i_true
111.42787878787881,69.83757575757575,8.504242424242424,8.504242424242424,0.08,111.9127272727273,70.20606060606059,23.922424242424245,25.202424242424243,0.44
