coord_p_true_x,coord_p_true_y,radiusX_p_true,radiusY_p_true,theta_p_true,coord_i_true_x,coord_i_true_y,radiusX_i_true,radiusY_i_true,theta_i_true
109.32363636363638,76.49939393939393,10.57939393939394,10.152727272727274,0.3,110.60363636363631,76.55757575757575,20.809696969696972,21.449696969696973,0.14
