coord_p_true_x,coord_p_true_y,radiusX_p_true,radiusY_p_true,theta_p_true,coord_i_true_x,coord_i_true_y,radiusX_i_true,radiusY_i_true,theta_i_true
112.2036363636364,76.83878787878788,7.146666666666667,7.146666666666667,0.56,114.28848484848487,77.16848484848484,25.832727272727276,25.464242424242425,-0.02
