coord_p_true_x,coord_p_true_y,radiusX_p_true,radiusY_p_true,theta_p_true,coord_i_true_x,coord_i_true_y,radiusX_i_true,radiusY_i_true,theta_i_true
104.1260606060606,75.67515151515154,10.23030303030303,10.104242424242424,0.11,103.44727272727273,76.33454545454548,21.672727272727276,21.12969696969697,0.1
