coord_p_true_x,coord_p_true_y,radiusX_p_true,radiusY_p_true,theta_p_true,coord_i_true_x,coord_i_true_y,radiusX_i_true,radiusY_i_true,theta_i_true
113.92969696969698,77.10060606060605,7.117575757575757,7.117575757575757,0.65,112.1648484848485,78.0121212121212,26.24,24.66909090909091,0.21
