coord_p_true_x,coord_p_true_y,radiusX_p_true,radiusY_p_true,theta_p_true,coord_i_true_x,coord_i_true_y,radiusX_i_true,radiusY_i_true,theta_i_true
104.10666666666668,72.46545454545456,6.700606060606061,6.807272727272727,0.53,103.40848484848483,75.47151515151513,23.098181818181818,23.43757575757576,0.3
