coord_p_true_x,coord_p_true_y,radiusX_p_true,radiusY_p_true,theta_p_true,coord_i_true_x,coord_i_true_y,radiusX_i_true,radiusY_i_true,theta_i_true
103.2436363636364,75.41333333333331,5.905454545454545,5.905454545454545,-0.27,102.31272727272727,75.90787878787876,21.992727272727272,23.156363636363636,0.2
