coord_p_true_x,coord_p_true_y,radiusX_p_true,radiusY_p_true,theta_p_true,coord_i_true_x,coord_i_true_y,radiusX_i_true,radiusY_i_true,theta_i_true
108.50909090909089,79.73818181818184,10.288484848484849,10.472727272727274,0.28,109.51757575757581,78.45818181818184,28.014545454545456,26.821818181818184,0.27
