coord_p_true_x,coord_p_true_y,radiusX_p_true,radiusY_p_true,theta_p_true,coord_i_true_x,coord_i_true_y,radiusX_i_true,radiusY_i_true,theta_i_true
120.22303030303033,78.77818181818184,13.013333333333334,13.013333333333334,0.54,121.59030303030302,78.23515151515153,23.39878787878788,23.39878787878788,-0.05
