coord_p_true_x,coord_p_true_y,radiusX_p_true,radiusY_p_true,theta_p_true,coord_i_true_x,coord_i_true_y,radiusX_i_true,radiusY_i_true,theta_i_true
123.32606060606057,80.89212121212122,14.312727272727273,14.312727272727273,0.26,122.33696969696967,77.77939393939393,22.846060606060604,22.312727272727276,0.19
