coord_p_true_x,coord_p_true_y,radiusX_p_true,radiusY_p_true,theta_p_true,coord_i_true_x,coord_i_true_y,radiusX_i_true,radiusY_i_true,theta_i_true
113.47393939393938,79.72848484848488,10.007272727272728,9.823030303030304,0.12,112.59151515151517,79.02060606060607,27.917575757575758,27.87878787878788,0.05
