coord_p_true_x,coord_p_true_y,radiusX_p_true,radiusY_p_true,theta_p_true,coord_i_true_x,coord_i_true_y,radiusX_i_true,radiusY_i_true,theta_i_true
121.6969696969697,76.8,12.353939393939395,12.353939393939395,0.36,120.87272727272726,74.7636363636364,25.59030303030303,25.25090909090909,0.31
