coord_p_true_x,coord_p_true_y,radiusX_p_true,radiusY_p_true,theta_p_true,coord_i_true_x,coord_i_true_y,radiusX_i_true,radiusY_i_true,theta_i_true
116.85818181818182,75.29696969696968,13.284848484848485,13.284848484848485,0.31,119.47636363636362,73.8618181818182,25.095757575757574,25.095757575757574,0.39
