coord_p_true_x,coord_p_true_y,radiusX_p_true,radiusY_p_true,theta_p_true,coord_i_true_x,coord_i_true_y,radiusX_i_true,radiusY_i_true,theta_i_true
114.05575757575758,70.27393939393943,7.3115151515151515,7.166060606060606,0.5,116.16969696969693,69.96363636363634,22.933333333333334,22.933333333333334,0.05
