coord_p_true_x,coord_p_true_y,radiusX_p_true,radiusY_p_true,theta_p_true,coord_i_true_x,coord_i_true_y,radiusX_i_true,radiusY_i_true,theta_i_true
111.6218181818182,71.35999999999997,6.5648484848484845,6.5648484848484845,0.6,112.60121212121213,70.08969696969694,23.321212121212124,22.080000000000002,0.24
