coord_p_true_x,coord_p_true_y,radiusX_p_true,radiusY_p_true,theta_p_true,coord_i_true_x,coord_i_true_y,radiusX_i_true,radiusY_i_true,theta_i_true
126.74909090909095,78.77818181818184,7.146666666666667,9.144242424242425,-0.13,130.3854545454546,80.30060606060607,21.032727272727275,21.032727272727275,0.42
