coord_p_true_x,coord_p_true_y,radiusX_p_true,radiusY_p_true,theta_p_true,coord_i_true_x,coord_i_true_y,radiusX_i_true,radiusY_i_true,theta_i_true
127.00121212121215,79.51515151515152,8.504242424242424,8.504242424242424,0.54,126.57454545454543,79.11757575757574,23.873939393939395,25.764848484848486,0.0
