coord_p_true_x,coord_p_true_y,radiusX_p_true,radiusY_p_true,theta_p_true,coord_i_true_x,coord_i_true_y,radiusX_i_true,radiusY_i_true,theta_i_true
111.32121212121208,73.83272727272727,10.521212121212121,10.608484848484848,0.39,111.58303030303036,73.28,24.05818181818182,23.922424242424245,0.3
