coord_p_true_x,coord_p_true_y,radiusX_p_true,radiusY_p_true,theta_p_true,coord_i_true_x,coord_i_true_y,radiusX_i_true,radiusY_i_true,theta_i_true
120.74666666666666,73.14424242424244,11.907878787878788,11.907878787878788,0.52,120.5430303030303,73.04727272727271,23.844848484848484,24.523636363636363,0.29
