coord_p_true_x,coord_p_true_y,radiusX_p_true,radiusY_p_true,theta_p_true,coord_i_true_x,coord_i_true_y,radiusX_i_true,radiusY_i_true,theta_i_true
116.80000000000005,75.58787878787878,13.47878787878788,13.47878787878788,0.28,118.27393939393943,73.34787878787877,33.24121212121212,33.92969696969697,0.24
