coord_p_true_x,coord_p_true_y,radiusX_p_true,radiusY_p_true,theta_p_true,coord_i_true_x,coord_i_true_y,radiusX_i_true,radiusY_i_true,theta_i_true
129.29939393939392,70.81696969696968,10.530909090909091,10.530909090909091,-0.56,128.9890909090909,69.86666666666667,26.55030303030303,29.255757575757578,0.53
