coord_p_true_x,coord_p_true_y,radiusX_p_true,radiusY_p_true,theta_p_true,coord_i_true_x,coord_i_true_y,radiusX_i_true,radiusY_i_true,theta_i_true
123.23878787878786,78.63272727272725,12.974545454545456,12.974545454545456,0.38,122.78303030303032,76.64484848484851,33.75515151515152,33.92969696969697,0.23
