coord_p_true_x,coord_p_true_y,radiusX_p_true,radiusY_p_true,theta_p_true,coord_i_true_x,coord_i_true_y,radiusX_i_true,radiusY_i_true,theta_i_true
127.32121212121208,71.25333333333336,11.364848484848485,11.364848484848485,0.35,130.33696969696967,69.23636363636362,30.661818181818184,32.31030303030303,0.37
