coord_p_true_x,coord_p_true_y,radiusX_p_true,radiusY_p_true,theta_p_true,coord_i_true_x,coord_i_true_y,radiusX_i_true,radiusY_i_true,theta_i_true
109.81818181818183,75.21939393939394,10.608484848484848,10.608484848484848,0.3,110.72969696969703,77.45939393939393,25.192727272727275,25.192727272727275,0.18
