coord_p_true_x,coord_p_true_y,radiusX_p_true,radiusY_p_true,theta_p_true,coord_i_true_x,coord_i_true_y,radiusX_i_true,radiusY_i_true,theta_i_true
114.18181818181819,75.30666666666669,11.384242424242425,11.384242424242425,0.47,111.7478787878788,78.90424242424243,24.581818181818186,24.950303030303033,0.28
