coord_p_true_x,coord_p_true_y,radiusX_p_true,radiusY_p_true,theta_p_true,coord_i_true_x,coord_i_true_y,radiusX_i_true,radiusY_i_true,theta_i_true
121.17333333333332,73.00848484848487,9.086060606060606,9.086060606060606,0.02,120.88242424242426,74.62787878787877,25.881212121212123,25.881212121212123,0.06
