coord_p_true_x,coord_p_true_y,radiusX_p_true,radiusY_p_true,theta_p_true,coord_i_true_x,coord_i_true_y,radiusX_i_true,radiusY_i_true,theta_i_true
114.28848484848487,76.46060606060608,9.309090909090909,9.309090909090909,0.36,112.36848484848484,75.52969696969696,25.183030303030304,25.183030303030304,0.31
