coord_p_true_x,coord_p_true_y,radiusX_p_true,radiusY_p_true,theta_p_true,coord_i_true_x,coord_i_true_y,radiusX_i_true,radiusY_i_true,theta_i_true
107.07393939393936,77.2169696969697,9.066666666666666,9.202424242424243,0.21,108.22787878787881,77.51757575757576,24.02909090909091,23.97090909090909,0.12
