coord_p_true_x,coord_p_true_y,radiusX_p_true,radiusY_p_true,theta_p_true,coord_i_true_x,coord_i_true_y,radiusX_i_true,radiusY_i_true,theta_i_true
112.71757575757577,74.55999999999999,10.463030303030303,10.463030303030303,-0.17,113.26060606060602,75.63636363636364,24.775757575757577,24.44606060606061,-0.11
