coord_p_true_x,coord_p_true_y,radiusX_p_true,radiusY_p_true,theta_p_true,coord_i_true_x,coord_i_true_y,radiusX_i_true,radiusY_i_true,theta_i_true
116.03393939393936,76.5187878787879,12.402424242424242,12.402424242424242,0.21,117.14909090909086,74.84121212121212,23.476363636363637,23.893333333333334,0.27
