coord_p_true_x,coord_p_true_y,radiusX_p_true,radiusY_p_true,theta_p_true,coord_i_true_x,coord_i_true_y,radiusX_i_true,radiusY_i_true,theta_i_true
105.71636363636362,74.0751515151515,12.722424242424243,12.722424242424243,0.2,104.00969696969696,72.71757575757577,23.631515151515153,23.43757575757576,-0.07
