coord_p_true_x,coord_p_true_y,radiusX_p_true,radiusY_p_true,theta_p_true,coord_i_true_x,coord_i_true_y,radiusX_i_true,radiusY_i_true,theta_i_true
106.18181818181819,78.4678787878788,5.595151515151515,5.595151515151515,-0.09,108.05333333333328,79.73818181818184,22.991515151515152,22.991515151515152,-0.16
