coord_p_true_x,coord_p_true_y,radiusX_p_true,radiusY_p_true,theta_p_true,coord_i_true_x,coord_i_true_y,radiusX_i_true,radiusY_i_true,theta_i_true
110.25454545454545,76.34424242424244,6.08969696969697,6.08969696969697,-0.01,108.43151515151514,76.25696969696969,23.776969696969697,23.776969696969697,-0.07
