coord_p_true_x,coord_p_true_y,radiusX_p_true,radiusY_p_true,theta_p_true,coord_i_true_x,coord_i_true_y,radiusX_i_true,radiusY_i_true,theta_i_true
119.18545454545452,79.5830303030303,9.105454545454545,9.105454545454545,0.25,120.51393939393937,76.48969696969696,26.03636363636364,26.03636363636364,-0.03
