coord_p_true_x,coord_p_true_y,radiusX_p_true,radiusY_p_true,theta_p_true,coord_i_true_x,coord_i_true_y,radiusX_i_true,radiusY_i_true,theta_i_true
119.37939393939395,81.20242424242426,9.357575757575757,9.23151515151515,0.26,118.59393939393941,79.12727272727275,26.065454545454546,25.27030303030303,-0.28
