coord_p_true_x,coord_p_true_y,radiusX_p_true,radiusY_p_true,theta_p_true,coord_i_true_x,coord_i_true_y,radiusX_i_true,radiusY_i_true,theta_i_true
119.99030303030304,76.12121212121212,5.284848484848485,5.284848484848485,0.54,118.49696969696969,75.34545454545453,25.347878787878788,25.347878787878788,0.05
