coord_p_true_x,coord_p_true_y,radiusX_p_true,radiusY_p_true,theta_p_true,coord_i_true_x,coord_i_true_y,radiusX_i_true,radiusY_i_true,theta_i_true
111.35030303030307,76.33454545454548,6.972121212121213,6.526060606060606,0.34,112.70787878787881,76.04363636363638,25.202424242424243,25.202424242424243,0.01
