coord_p_true_x,coord_p_true_y,radiusX_p_true,radiusY_p_true,theta_p_true,coord_i_true_x,coord_i_true_y,radiusX_i_true,radiusY_i_true,theta_i_true
122.93818181818179,80.72727272727273,10.947878787878787,10.947878787878787,-0.09,123.92727272727268,80.06787878787878,24.736969696969698,24.736969696969698,0.07
