coord_p_true_x,coord_p_true_y,radiusX_p_true,radiusY_p_true,theta_p_true,coord_i_true_x,coord_i_true_y,radiusX_i_true,radiusY_i_true,theta_i_true
112.13575757575757,78.75878787878791,4.256969696969697,4.256969696969697,0.72,113.09575757575757,79.2436363636364,19.92727272727273,19.92727272727273,-0.09
