coord_p_true_x,coord_p_true_y,radiusX_p_true,radiusY_p_true,theta_p_true,coord_i_true_x,coord_i_true_y,radiusX_i_true,radiusY_i_true,theta_i_true
109.73090909090912,76.33454545454548,5.11030303030303,5.11030303030303,0.43,109.36242424242423,78.0121212121212,20.635151515151517,20.635151515151517,0.0
