coord_p_true_x,coord_p_true_y,radiusX_p_true,radiusY_p_true,theta_p_true,coord_i_true_x,coord_i_true_y,radiusX_i_true,radiusY_i_true,theta_i_true
124.86787878787878,78.40969696969698,10.443636363636363,10.773333333333333,0.43,124.41212121212122,78.81696969696968,25.39636363636364,25.39636363636364,0.24
