coord_p_true_x,coord_p_true_y,radiusX_p_true,radiusY_p_true,theta_p_true,coord_i_true_x,coord_i_true_y,radiusX_i_true,radiusY_i_true,theta_i_true
106.05575757575758,82.92848484848483,12.450909090909091,12.450909090909091,0.32,108.23757575757577,81.43515151515153,26.666666666666668,26.666666666666668,-0.06
