coord_p_true_x,coord_p_true_y,radiusX_p_true,radiusY_p_true,theta_p_true,coord_i_true_x,coord_i_true_y,radiusX_i_true,radiusY_i_true,theta_i_true
108.74181818181818,81.17333333333332,12.48,12.48,0.22,107.45212121212121,77.30424242424245,27.90787878787879,27.90787878787879,-0.07
