coord_p_true_x,coord_p_true_y,radiusX_p_true,radiusY_p_true,theta_p_true,coord_i_true_x,coord_i_true_y,radiusX_i_true,radiusY_i_true,theta_i_true
105.1927272727273,77.07151515151517,6.506666666666667,6.506666666666667,0.63,104.19393939393939,78.31272727272727,23.19515151515152,23.19515151515152,0.22
