coord_p_true_x,coord_p_true_y,radiusX_p_true,radiusY_p_true,theta_p_true,coord_i_true_x,coord_i_true_y,radiusX_i_true,radiusY_i_true,theta_i_true
106.82181818181816,75.6848484848485,6.196363636363636,6.196363636363636,0.24,106.0751515151515,76.95515151515153,24.368484848484847,24.368484848484847,0.06
