coord_p_true_x,coord_p_true_y,radiusX_p_true,radiusY_p_true,theta_p_true,coord_i_true_x,coord_i_true_y,radiusX_i_true,radiusY_i_true,theta_i_true
113.6193939393939,72.32,7.5248484848484845,7.5248484848484845,0.17,115.18060606060604,71.39878787878787,29.343030303030304,29.343030303030304,-0.29
