coord_p_true_x,coord_p_true_y,radiusX_p_true,radiusY_p_true,theta_p_true,coord_i_true_x,coord_i_true_y,radiusX_i_true,radiusY_i_true,theta_i_true
113.99757575757576,72.79515151515152,6.72,6.72,0.22,111.83515151515151,72.39757575757578,29.362424242424243,29.362424242424243,0.01
