coord_p_true_x,coord_p_true_y,radiusX_p_true,radiusY_p_true,theta_p_true,coord_i_true_x,coord_i_true_y,radiusX_i_true,radiusY_i_true,theta_i_true
124.91636363636368,81.27030303030304,14.341818181818182,14.341818181818182,0.14,125.65333333333338,82.37575757575756,28.28606060606061,28.28606060606061,0.07
