coord_p_true_x,coord_p_true_y,radiusX_p_true,radiusY_p_true,theta_p_true,coord_i_true_x,coord_i_true_y,radiusX_i_true,radiusY_i_true,theta_i_true
116.75151515151514,80.27151515151513,12.693333333333333,12.693333333333333,0.24,115.47151515151513,80.27151515151513,27.26787878787879,27.26787878787879,0.13
