coord_p_true_x,coord_p_true_y,radiusX_p_true,radiusY_p_true,theta_p_true,coord_i_true_x,coord_i_true_y,radiusX_i_true,radiusY_i_true,theta_i_true
103.51515151515152,76.95515151515153,12.790303030303031,12.790303030303031,-0.04,104.15515151515149,77.57575757575758,26.05575757575758,26.05575757575758,-0.18
