coord_p_true_x,coord_p_true_y,radiusX_p_true,radiusY_p_true,theta_p_true,coord_i_true_x,coord_i_true_y,radiusX_i_true,radiusY_i_true,theta_i_true
115.53939393939392,77.93454545454546,14.613333333333333,13.798787878787879,0.07,114.51151515151513,76.54787878787879,26.113939393939393,26.113939393939393,-0.08
