coord_p_true_x,coord_p_true_y,radiusX_p_true,radiusY_p_true,theta_p_true,coord_i_true_x,coord_i_true_y,radiusX_i_true,radiusY_i_true,theta_i_true
115.72363636363634,75.31636363636365,10.201212121212121,10.201212121212121,-0.16,109.96363636363634,76.94545454545457,26.22060606060606,26.22060606060606,-0.01
