coord_p_true_x,coord_p_true_y,radiusX_p_true,radiusY_p_true,theta_p_true,coord_i_true_x,coord_i_true_y,radiusX_i_true,radiusY_i_true,theta_i_true
124.51878787878785,78.65212121212123,8.077575757575758,8.077575757575758,-0.06,120.32000000000005,78.90424242424243,23.893333333333334,21.401212121212122,-0.01
