coord_p_true_x,coord_p_true_y,radiusX_p_true,radiusY_p_true,theta_p_true,coord_i_true_x,coord_i_true_y,radiusX_i_true,radiusY_i_true,theta_i_true
119.65090909090908,74.7248484848485,11.393939393939394,10.802424242424243,0.07,119.75757575757576,75.75272727272728,27.452121212121213,27.452121212121213,-0.02
