coord_p_true_x,coord_p_true_y,radiusX_p_true,radiusY_p_true,theta_p_true,coord_i_true_x,coord_i_true_y,radiusX_i_true,radiusY_i_true,theta_i_true
116.31515151515151,76.58666666666669,9.532121212121213,9.163636363636364,0.18,115.21939393939394,77.87636363636364,26.443636363636365,26.443636363636365,-0.16
