coord_p_true_x,coord_p_true_y,radiusX_p_true,radiusY_p_true,theta_p_true,coord_i_true_x,coord_i_true_y,radiusX_i_true,radiusY_i_true,theta_i_true
108.8387878787879,78.72969696969697,6.3127272727272725,6.3127272727272725,-0.11,109.55636363636366,81.12484848484851,22.69090909090909,22.69090909090909,0.04
