coord_p_true_x,coord_p_true_y,radiusX_p_true,radiusY_p_true,theta_p_true,coord_i_true_x,coord_i_true_y,radiusX_i_true,radiusY_i_true,theta_i_true
110.75878787878791,78.32242424242423,5.216969696969697,5.216969696969697,-0.01,110.65212121212123,78.29333333333335,23.01090909090909,22.846060606060604,-0.06
