coord_p_true_x,coord_p_true_y,radiusX_p_true,radiusY_p_true,theta_p_true,coord_i_true_x,coord_i_true_y,radiusX_i_true,radiusY_i_true,theta_i_true
113.44484848484849,77.2169696969697,7.1854545454545455,6.991515151515151,-0.06,115.30666666666664,78.63272727272725,27.1030303030303,27.1030303030303,0.06
