coord_p_true_x,coord_p_true_y,radiusX_p_true,radiusY_p_true,theta_p_true,coord_i_true_x,coord_i_true_y,radiusX_i_true,radiusY_i_true,theta_i_true
97.08606060606061,75.02545454545455,7.36,7.263030303030304,-0.17,96.19393939393939,75.71393939393938,25.813333333333336,25.813333333333336,-3.11
