coord_p_true_x,coord_p_true_y,radiusX_p_true,radiusY_p_true,theta_p_true,coord_i_true_x,coord_i_true_y,radiusX_i_true,radiusY_i_true,theta_i_true
114.34666666666664,72.71757575757577,10.724848484848486,10.724848484848486,-0.11,114.44363636363634,71.42787878787881,23.66060606060606,23.66060606060606,-0.16
