coord_p_true_x,coord_p_true_y,radiusX_p_true,radiusY_p_true,theta_p_true,coord_i_true_x,coord_i_true_y,radiusX_i_true,radiusY_i_true,theta_i_true
109.39151515151515,74.4048484848485,11.791515151515153,11.791515151515153,-0.39,108.50909090909089,74.55030303030303,23.99030303030303,23.99030303030303,-0.23
