coord_p_true_x,coord_p_true_y,radiusX_p_true,radiusY_p_true,theta_p_true,coord_i_true_x,coord_i_true_y,radiusX_i_true,radiusY_i_true,theta_i_true
115.74303030303032,71.39878787878787,8.126060606060607,7.912727272727273,0.01,114.73454545454545,72.62060606060605,25.62909090909091,25.62909090909091,0.11
