coord_p_true_x,coord_p_true_y,radiusX_p_true,radiusY_p_true,theta_p_true,coord_i_true_x,coord_i_true_y,radiusX_i_true,radiusY_i_true,theta_i_true
119.83515151515151,80.63030303030301,6.167272727272728,6.167272727272728,0.13,118.97212121212121,81.66787878787882,24.85333333333333,24.85333333333333,0.0
