coord_p_true_x,coord_p_true_y,radiusX_p_true,radiusY_p_true,theta_p_true,coord_i_true_x,coord_i_true_y,radiusX_i_true,radiusY_i_true,theta_i_true
120.57212121212125,76.65454545454547,7.03030303030303,7.03030303030303,0.21,120.98909090909089,78.40000000000002,25.881212121212123,25.881212121212123,0.07
