coord_p_true_x,coord_p_true_y,radiusX_p_true,radiusY_p_true,theta_p_true,coord_i_true_x,coord_i_true_y,radiusX_i_true,radiusY_i_true,theta_i_true
107.7721212121212,71.82545454545455,8.407272727272728,8.213333333333335,-0.42,110.81696969696968,71.84484848484847,26.05575757575758,26.05575757575758,-0.31
