coord_p_true_x,coord_p_true_y,radiusX_p_true,radiusY_p_true,theta_p_true,coord_i_true_x,coord_i_true_y,radiusX_i_true,radiusY_i_true,theta_i_true
97.14424242424238,79.67030303030306,12.955151515151515,13.013333333333334,-0.31,96.85333333333332,79.04969696969695,26.715151515151515,26.715151515151515,-3.12
