coord_p_true_x,coord_p_true_y,radiusX_p_true,radiusY_p_true,theta_p_true,coord_i_true_x,coord_i_true_y,radiusX_i_true,radiusY_i_true,theta_i_true
103.6218181818182,76.8,14.08,13.924848484848484,-0.11,102.59393939393941,74.79272727272728,28.722424242424243,28.722424242424243,-0.42
