coord_p_true_x,coord_p_true_y,radiusX_p_true,radiusY_p_true,theta_p_true,coord_i_true_x,coord_i_true_y,radiusX_i_true,radiusY_i_true,theta_i_true
112.90181818181814,80.44606060606058,10.744242424242424,10.744242424242424,0.15,113.72606060606059,79.43757575757577,23.040000000000003,23.040000000000003,-0.08
