coord_p_true_x,coord_p_true_y,radiusX_p_true,radiusY_p_true,theta_p_true,coord_i_true_x,coord_i_true_y,radiusX_i_true,radiusY_i_true,theta_i_true
110.39030303030306,77.85696969696971,12.48,12.48,-0.08,111.43757575757571,77.85696969696971,24.37818181818182,24.37818181818182,-0.07
