coord_p_true_x,coord_p_true_y,radiusX_p_true,radiusY_p_true,theta_p_true,coord_i_true_x,coord_i_true_y,radiusX_i_true,radiusY_i_true,theta_i_true
110.62303030303029,75.8109090909091,12.082424242424244,12.082424242424244,-0.07,109.51757575757576,74.71515151515153,24.66909090909091,24.66909090909091,-0.26
