coord_p_true_x,coord_p_true_y,radiusX_p_true,radiusY_p_true,theta_p_true,coord_i_true_x,coord_i_true_y,radiusX_i_true,radiusY_i_true,theta_i_true
101.7987878787879,80.00969696969696,9.483636363636363,9.483636363636363,-0.06,100.46060606060608,80.4557575757576,21.71151515151515,21.71151515151515,3.11
