coord_p_true_x,coord_p_true_y,radiusX_p_true,radiusY_p_true,theta_p_true,coord_i_true_x,coord_i_true_y,radiusX_i_true,radiusY_i_true,theta_i_true
110.97212121212127,77.43030303030305,7.3987878787878785,7.3987878787878785,0.07,112.0484848484848,76.66424242424243,23.02060606060606,23.02060606060606,-0.07
