coord_p_true_x,coord_p_true_y,radiusX_p_true,radiusY_p_true,theta_p_true,coord_i_true_x,coord_i_true_y,radiusX_i_true,radiusY_i_true,theta_i_true
116.56727272727271,77.38181818181819,6.749090909090909,6.749090909090909,0.03,114.34666666666668,79.51515151515152,23.67030303030303,23.67030303030303,0.06
