coord_p_true_x,coord_p_true_y,radiusX_p_true,radiusY_p_true,theta_p_true,coord_i_true_x,coord_i_true_y,radiusX_i_true,radiusY_i_true,theta_i_true
102.49696969696969,74.9478787878788,8.271515151515151,8.271515151515151,0.16,102.8751515151515,73.58060606060606,24.096969696969698,23.12727272727273,0.25
