coord_p_true_x,coord_p_true_y,radiusX_p_true,radiusY_p_true,theta_p_true,coord_i_true_x,coord_i_true_y,radiusX_i_true,radiusY_i_true,theta_i_true
97.98787878787874,75.28727272727272,7.282424242424242,7.282424242424242,-0.14,100.25696969696969,76.27636363636367,25.62909090909091,24.61090909090909,0.0
