coord_p_true_x,coord_p_true_y,radiusX_p_true,radiusY_p_true,theta_p_true,coord_i_true_x,coord_i_true_y,radiusX_i_true,radiusY_i_true,theta_i_true
113.6969696969697,76.83878787878788,13.333333333333334,13.333333333333334,-0.23,115.0642424242424,77.53696969696968,25.764848484848486,25.764848484848486,-0.09
