coord_p_true_x,coord_p_true_y,radiusX_p_true,radiusY_p_true,theta_p_true,coord_i_true_x,coord_i_true_y,radiusX_i_true,radiusY_i_true,theta_i_true
99.12242424242427,80.51393939393937,7.553939393939395,7.553939393939395,0.0,101.23636363636362,82.14303030303029,23.39878787878788,23.19515151515152,3.08
