coord_p_true_x,coord_p_true_y,radiusX_p_true,radiusY_p_true,theta_p_true,coord_i_true_x,coord_i_true_y,radiusX_i_true,radiusY_i_true,theta_i_true
124.31515151515151,76.3539393939394,11.103030303030303,11.103030303030303,-0.07,123.19030303030306,77.33333333333333,24.475151515151513,24.475151515151513,0.07
