coord_p_true_x,coord_p_true_y,radiusX_p_true,radiusY_p_true,theta_p_true,coord_i_true_x,coord_i_true_y,radiusX_i_true,radiusY_i_true,theta_i_true
98.85090909090908,82.51151515151513,6.904242424242424,6.904242424242424,-0.19,97.71636363636362,82.58909090909093,25.70666666666667,25.406060606060606,3.1
