coord_p_true_x,coord_p_true_y,radiusX_p_true,radiusY_p_true,theta_p_true,coord_i_true_x,coord_i_true_y,radiusX_i_true,radiusY_i_true,theta_i_true
121.53212121212125,78.16727272727275,11.704242424242425,11.704242424242425,-0.07,119.45696969696975,76.74181818181818,26.734545454545454,26.734545454545454,-0.03
