coord_p_true_x,coord_p_true_y,radiusX_p_true,radiusY_p_true,theta_p_true,coord_i_true_x,coord_i_true_y,radiusX_i_true,radiusY_i_true,theta_i_true
121.07636363636365,77.6339393939394,9.978181818181818,9.978181818181818,-0.14,118.57454545454543,78.1381818181818,25.473939393939393,25.473939393939393,-0.08
