coord_p_true_x,coord_p_true_y,radiusX_p_true,radiusY_p_true,theta_p_true,coord_i_true_x,coord_i_true_y,radiusX_i_true,radiusY_i_true,theta_i_true
101.68242424242426,79.2048484848485,9.600000000000001,9.600000000000001,-0.22,102.15757575757578,79.67030303030306,25.483636363636364,25.483636363636364,-0.2
