coord_p_true_x,coord_p_true_y,radiusX_p_true,radiusY_p_true,theta_p_true,coord_i_true_x,coord_i_true_y,radiusX_i_true,radiusY_i_true,theta_i_true
111.08848484848485,77.11030303030302,7.127272727272727,7.127272727272727,-0.1,109.52727272727272,76.74181818181818,22.865454545454543,22.865454545454543,-0.1
