coord_p_true_x,coord_p_true_y,radiusX_p_true,radiusY_p_true,theta_p_true,coord_i_true_x,coord_i_true_y,radiusX_i_true,radiusY_i_true,theta_i_true
107.05454545454543,77.87636363636364,9.803636363636363,9.803636363636363,-0.3,106.27878787878791,78.45818181818184,25.454545454545457,25.454545454545457,-0.13
