coord_p_true_x,coord_p_true_y,radiusX_p_true,radiusY_p_true,theta_p_true,coord_i_true_x,coord_i_true_y,radiusX_i_true,radiusY_i_true,theta_i_true
116.19878787878793,78.19636363636363,7.253333333333334,7.253333333333334,0.0,117.90545454545457,79.01090909090911,22.72969696969697,22.72969696969697,-0.01
