coord_p_true_x,coord_p_true_y,radiusX_p_true,radiusY_p_true,theta_p_true,coord_i_true_x,coord_i_true_y,radiusX_i_true,radiusY_i_true,theta_i_true
115.24848484848488,80.28121212121215,10.947878787878787,10.947878787878787,-0.16,116.40242424242422,79.44727272727273,23.612121212121213,23.612121212121213,-0.1
