coord_p_true_x,coord_p_true_y,radiusX_p_true,radiusY_p_true,theta_p_true,coord_i_true_x,coord_i_true_y,radiusX_i_true,radiusY_i_true,theta_i_true
112.7369696969697,76.8,6.1866666666666665,6.1866666666666665,-0.11,112.5818181818182,74.8218181818182,22.535757575757575,22.535757575757575,-0.16
