coord_p_true_x,coord_p_true_y,radiusX_p_true,radiusY_p_true,theta_p_true,coord_i_true_x,coord_i_true_y,radiusX_i_true,radiusY_i_true,theta_i_true
114.16242424242427,77.44000000000001,4.673939393939395,4.693333333333333,-0.08,115.16121212121212,77.18787878787882,21.77939393939394,20.576969696969698,-0.05
