coord_p_true_x,coord_p_true_y,radiusX_p_true,radiusY_p_true,theta_p_true,coord_i_true_x,coord_i_true_y,radiusX_i_true,radiusY_i_true,theta_i_true
110.03151515151518,82.02666666666664,11.141818181818183,11.141818181818183,0.02,109.30424242424246,80.7369696969697,23.01090909090909,23.01090909090909,0.0
