coord_p_true_x,coord_p_true_y,radiusX_p_true,radiusY_p_true,theta_p_true,coord_i_true_x,coord_i_true_y,radiusX_i_true,radiusY_i_true,theta_i_true
109.55636363636366,80.33939393939396,11.151515151515152,12.392727272727273,0.22,109.96363636363634,75.94666666666666,24.66909090909091,24.66909090909091,0.04
