coord_p_true_x,coord_p_true_y,radiusX_p_true,radiusY_p_true,theta_p_true,coord_i_true_x,coord_i_true_y,radiusX_i_true,radiusY_i_true,theta_i_true
103.93212121212122,74.3660606060606,16.32969696969697,14.884848484848485,-0.32,102.77818181818184,72.06787878787878,28.28606060606061,28.28606060606061,-0.3
