coord_p_true_x,coord_p_true_y,radiusX_p_true,radiusY_p_true,theta_p_true,coord_i_true_x,coord_i_true_y,radiusX_i_true,radiusY_i_true,theta_i_true
112.13575757575757,77.56606060606062,6.351515151515152,5.953939393939394,-0.12,111.83515151515155,76.42181818181818,26.172121212121212,26.346666666666668,-0.06
