coord_p_true_x,coord_p_true_y,radiusX_p_true,radiusY_p_true,theta_p_true,coord_i_true_x,coord_i_true_y,radiusX_i_true,radiusY_i_true,theta_i_true
101.22666666666666,72.43636363636362,15.437575757575758,15.069090909090908,-0.42,101.73090909090907,72.76606060606063,27.762424242424242,27.762424242424242,-0.54
