coord_p_true_x,coord_p_true_y,radiusX_p_true,radiusY_p_true,theta_p_true,coord_i_true_x,coord_i_true_y,radiusX_i_true,radiusY_i_true,theta_i_true
107.0642424242424,74.62787878787877,8.998787878787878,8.998787878787878,-0.22,108.52848484848481,75.15151515151516,22.826666666666668,22.826666666666668,-0.16
