coord_p_true_x,coord_p_true_y,radiusX_p_true,radiusY_p_true,theta_p_true,coord_i_true_x,coord_i_true_y,radiusX_i_true,radiusY_i_true,theta_i_true
112.30060606060607,77.93454545454546,8.446060606060607,8.446060606060607,0.02,111.51515151515152,75.94666666666666,22.564848484848486,22.564848484848486,-0.11
