coord_p_true_x,coord_p_true_y,radiusX_p_true,radiusY_p_true,theta_p_true,coord_i_true_x,coord_i_true_y,radiusX_i_true,radiusY_i_true,theta_i_true
105.84242424242423,82.58909090909093,9.745454545454546,9.745454545454546,-0.06,104.7369696969697,85.28484848484848,25.716363636363635,25.716363636363635,0.12
