coord_p_true_x,coord_p_true_y,radiusX_p_true,radiusY_p_true,theta_p_true,coord_i_true_x,coord_i_true_y,radiusX_i_true,radiusY_i_true,theta_i_true
107.65575757575756,84.22787878787881,10.947878787878787,10.947878787878787,-0.07,107.95636363636368,86.0509090909091,26.579393939393942,26.579393939393942,0.04
