coord_p_true_x,coord_p_true_y,radiusX_p_true,radiusY_p_true,theta_p_true,coord_i_true_x,coord_i_true_y,radiusX_i_true,radiusY_i_true,theta_i_true
111.43757575757571,77.2169696969697,10.686060606060606,10.24,-0.19,112.05818181818177,76.67393939393939,22.19636363636364,22.19636363636364,-0.16
