coord_p_true_x,coord_p_true_y,radiusX_p_true,radiusY_p_true,theta_p_true,coord_i_true_x,coord_i_true_y,radiusX_i_true,radiusY_i_true,theta_i_true
107.98545454545456,78.57454545454543,9.968484848484849,9.881212121212121,0.08,105.05696969696967,77.8860606060606,21.44,21.44,0.01
