coord_p_true_x,coord_p_true_y,radiusX_p_true,radiusY_p_true,theta_p_true,coord_i_true_x,coord_i_true_y,radiusX_i_true,radiusY_i_true,theta_i_true
111.14666666666668,76.34424242424244,8.058181818181819,8.058181818181819,0.1,110.2157575757576,78.91393939393939,21.585454545454546,21.585454545454546,-0.01
