coord_p_true_x,coord_p_true_y,radiusX_p_true,radiusY_p_true,theta_p_true,coord_i_true_x,coord_i_true_y,radiusX_i_true,radiusY_i_true,theta_i_true
111.03030303030303,75.46181818181817,7.553939393939395,7.553939393939395,0.0,111.13696969696971,77.3139393939394,23.175757575757576,23.175757575757576,0.01
