coord_p_true_x,coord_p_true_y,radiusX_p_true,radiusY_p_true,theta_p_true,coord_i_true_x,coord_i_true_y,radiusX_i_true,radiusY_i_true,theta_i_true
113.59999999999998,78.32242424242423,13.604848484848485,13.604848484848485,-0.14,115.71393939393944,75.8981818181818,23.854545454545455,23.854545454545455,-0.08
