coord_p_true_x,coord_p_true_y,radiusX_p_true,radiusY_p_true,theta_p_true,coord_i_true_x,coord_i_true_y,radiusX_i_true,radiusY_i_true,theta_i_true
115.70424242424242,76.21818181818185,14.603636363636365,14.603636363636365,-0.01,115.33575757575758,77.18787878787882,23.088484848484846,23.088484848484846,0.01
