coord_p_true_x,coord_p_true_y,radiusX_p_true,radiusY_p_true,theta_p_true,coord_i_true_x,coord_i_true_y,radiusX_i_true,radiusY_i_true,theta_i_true
111.27272727272728,77.74060606060608,10.104242424242424,10.104242424242424,-0.08,112.5818181818182,78.11878787878788,21.915151515151518,21.915151515151518,-0.09
