coord_p_true_x,coord_p_true_y,radiusX_p_true,radiusY_p_true,theta_p_true,coord_i_true_x,coord_i_true_y,radiusX_i_true,radiusY_i_true,theta_i_true
115.43272727272729,78.92363636363635,11.520000000000001,11.520000000000001,-0.24,114.97696969696969,79.07878787878789,21.915151515151518,21.915151515151518,-0.09
