coord_p_true_x,coord_p_true_y,radiusX_p_true,radiusY_p_true,theta_p_true,coord_i_true_x,coord_i_true_y,radiusX_i_true,radiusY_i_true,theta_i_true
118.39030303030306,76.5187878787879,7.37939393939394,7.37939393939394,0.1,119.52484848484848,77.03272727272727,22.913939393939394,22.913939393939394,-0.01
