coord_p_true_x,coord_p_true_y,radiusX_p_true,radiusY_p_true,theta_p_true,coord_i_true_x,coord_i_true_y,radiusX_i_true,radiusY_i_true,theta_i_true
107.50060606060607,75.20000000000002,9.454545454545455,9.454545454545455,-0.02,108.13090909090909,75.59757575757574,23.466666666666665,23.466666666666665,-0.23
