coord_p_true_x,coord_p_true_y,radiusX_p_true,radiusY_p_true,theta_p_true,coord_i_true_x,coord_i_true_y,radiusX_i_true,radiusY_i_true,theta_i_true
112.61090909090909,76.97454545454545,7.04,7.04,0.03,112.07757575757574,76.03393939393942,22.74909090909091,22.74909090909091,-0.25
