coord_p_true_x,coord_p_true_y,radiusX_p_true,radiusY_p_true,theta_p_true,coord_i_true_x,coord_i_true_y,radiusX_i_true,radiusY_i_true,theta_i_true
104.64000000000003,74.27878787878791,9.01818181818182,9.01818181818182,-0.23,104.42666666666666,75.86909090909091,23.612121212121213,23.612121212121213,-0.22
