coord_p_true_x,coord_p_true_y,radiusX_p_true,radiusY_p_true,theta_p_true,coord_i_true_x,coord_i_true_y,radiusX_i_true,radiusY_i_true,theta_i_true
106.87030303030302,77.86666666666667,6.904242424242424,6.904242424242424,0.13,107.57818181818182,79.4957575757576,24.106666666666666,24.106666666666666,-0.11
