coord_p_true_x,coord_p_true_y,radiusX_p_true,radiusY_p_true,theta_p_true,coord_i_true_x,coord_i_true_y,radiusX_i_true,radiusY_i_true,theta_i_true
104.329696969697,78.3418181818182,7.253333333333334,7.253333333333334,0.09,107.96606060606064,79.4957575757576,24.087272727272726,24.087272727272726,-0.04
