coord_p_true_x,coord_p_true_y,radiusX_p_true,radiusY_p_true,theta_p_true,coord_i_true_x,coord_i_true_y,radiusX_i_true,radiusY_i_true,theta_i_true
119.14666666666668,81.28969696969696,9.076363636363636,9.076363636363636,-0.27,121.01818181818177,81.7357575757576,26.443636363636365,27.364848484848483,0.14
