coord_p_true_x,coord_p_true_y,radiusX_p_true,radiusY_p_true,theta_p_true,coord_i_true_x,coord_i_true_y,radiusX_i_true,radiusY_i_true,theta_i_true
121.80363636363639,75.35515151515149,6.031515151515151,6.031515151515151,-0.16,122.52121212121214,77.65333333333332,25.997575757575756,25.997575757575756,-0.11
