coord_p_true_x,coord_p_true_y,radiusX_p_true,radiusY_p_true,theta_p_true,coord_i_true_x,coord_i_true_y,radiusX_i_true,radiusY_i_true,theta_i_true
116.33454545454548,83.05454545454543,8.601212121212122,8.601212121212122,0.32,114.82181818181822,82.20121212121211,25.241212121212122,24.882424242424243,0.12
