coord_p_true_x,coord_p_true_y,radiusX_p_true,radiusY_p_true,theta_p_true,coord_i_true_x,coord_i_true_y,radiusX_i_true,radiusY_i_true,theta_i_true
123.52,76.29575757575759,7.233939393939394,7.233939393939394,-0.12,120.68848484848483,79.95151515151514,25.63878787878788,25.63878787878788,0.07
