coord_p_true_x,coord_p_true_y,radiusX_p_true,radiusY_p_true,theta_p_true,coord_i_true_x,coord_i_true_y,radiusX_i_true,radiusY_i_true,theta_i_true
108.88727272727274,81.17333333333332,9.376969696969697,9.376969696969697,0.11,108.50909090909089,83.67515151515154,23.117575757575757,23.117575757575757,0.1
