coord_p_true_x,coord_p_true_y,radiusX_p_true,radiusY_p_true,theta_p_true,coord_i_true_x,coord_i_true_y,radiusX_i_true,radiusY_i_true,theta_i_true
109.93454545454546,80.32969696969695,8.766060606060606,8.766060606060606,0.0,109.93454545454546,81.72606060606059,23.04969696969697,23.04969696969697,0.01
