coord_p_true_x,coord_p_true_y,radiusX_p_true,radiusY_p_true,theta_p_true,coord_i_true_x,coord_i_true_y,radiusX_i_true,radiusY_i_true,theta_i_true
117.7987878787879,83.85939393939395,6.943030303030303,6.943030303030303,-0.22,116.64484848484851,83.71393939393938,21.79878787878788,21.79878787878788,-0.05
