coord_p_true_x,coord_p_true_y,radiusX_p_true,radiusY_p_true,theta_p_true,coord_i_true_x,coord_i_true_y,radiusX_i_true,radiusY_i_true,theta_i_true
106.82181818181816,82.83151515151516,7.65090909090909,7.65090909090909,-0.37,108.81939393939398,82.91878787878787,22.332121212121216,22.332121212121216,0.0
