coord_p_true_x,coord_p_true_y,radiusX_p_true,radiusY_p_true,theta_p_true,coord_i_true_x,coord_i_true_y,radiusX_i_true,radiusY_i_true,theta_i_true
119.11757575757579,75.1418181818182,12.315151515151515,12.315151515151515,-0.24,118.31272727272727,75.78181818181817,23.583030303030306,23.583030303030306,-0.17
