coord_p_true_x,coord_p_true_y,radiusX_p_true,radiusY_p_true,theta_p_true,coord_i_true_x,coord_i_true_y,radiusX_i_true,radiusY_i_true,theta_i_true
113.76484848484849,75.04484848484847,12.121212121212121,12.121212121212121,-0.14,112.49454545454545,73.36727272727275,23.699393939393943,23.699393939393943,-0.14
