coord_p_true_x,coord_p_true_y,radiusX_p_true,radiusY_p_true,theta_p_true,coord_i_true_x,coord_i_true_y,radiusX_i_true,radiusY_i_true,theta_i_true
93.39151515151511,79.40848484848483,9.095757575757577,9.095757575757577,-0.06,92.39272727272724,79.98060606060608,25.764848484848486,26.492121212121212,0.01
