coord_p_true_x,coord_p_true_y,radiusX_p_true,radiusY_p_true,theta_p_true,coord_i_true_x,coord_i_true_y,radiusX_i_true,radiusY_i_true,theta_i_true
114.51151515151513,75.19030303030306,6.526060606060606,6.526060606060606,0.13,114.29818181818183,76.3539393939394,21.313939393939396,21.55636363636364,-0.08
