coord_p_true_x,coord_p_true_y,radiusX_p_true,radiusY_p_true,theta_p_true,coord_i_true_x,coord_i_true_y,radiusX_i_true,radiusY_i_true,theta_i_true
113.7745454545455,77.23636363636362,5.624242424242424,5.624242424242424,-0.03,115.68484848484844,77.68242424242426,21.42060606060606,21.42060606060606,0.02
