coord_p_true_x,coord_p_true_y,radiusX_p_true,radiusY_p_true,theta_p_true,coord_i_true_x,coord_i_true_y,radiusX_i_true,radiusY_i_true,theta_i_true
101.91515151515154,77.64363636363636,8.077575757575758,8.077575757575758,-0.39,100.90666666666667,79.68000000000002,24.37818181818182,26.24969696969697,0.1
