coord_p_true_x,coord_p_true_y,radiusX_p_true,radiusY_p_true,theta_p_true,coord_i_true_x,coord_i_true_y,radiusX_i_true,radiusY_i_true,theta_i_true
110.16727272727275,70.7490909090909,7.864242424242424,7.864242424242424,-0.21,109.0521212121212,72.79515151515152,23.43757575757576,23.43757575757576,-0.09
