coord_p_true_x,coord_p_true_y,radiusX_p_true,radiusY_p_true,theta_p_true,coord_i_true_x,coord_i_true_y,radiusX_i_true,radiusY_i_true,theta_i_true
108.47030303030304,72.60121212121213,7.553939393939395,7.553939393939395,-0.14,109.2945454545455,73.80363636363639,22.96242424242424,22.96242424242424,-0.2
