coord_p_true_x,coord_p_true_y,radiusX_p_true,radiusY_p_true,theta_p_true,coord_i_true_x,coord_i_true_y,radiusX_i_true,radiusY_i_true,theta_i_true
109.71151515151514,71.65090909090908,6.816969696969697,6.816969696969697,-0.08,109.4690909090909,71.04969696969695,30.40969696969697,30.40969696969697,-0.22
