coord_p_true_x,coord_p_true_y,radiusX_p_true,radiusY_p_true,theta_p_true,coord_i_true_x,coord_i_true_y,radiusX_i_true,radiusY_i_true,theta_i_true
108.5575757575758,73.22181818181818,7.903030303030303,7.903030303030303,-0.12,109.19757575757578,74.04606060606062,30.080000000000002,30.080000000000002,-0.2
