coord_p_true_x,coord_p_true_y,radiusX_p_true,radiusY_p_true,theta_p_true,coord_i_true_x,coord_i_true_y,radiusX_i_true,radiusY_i_true,theta_i_true
115.24848484848488,88.39757575757578,5.226666666666667,5.226666666666667,-0.04,116.22787878787881,89.03757575757575,25.115151515151513,25.115151515151513,0.2
