coord_p_true_x,coord_p_true_y,radiusX_p_true,radiusY_p_true,theta_p_true,coord_i_true_x,coord_i_true_y,radiusX_i_true,radiusY_i_true,theta_i_true
113.1151515151515,85.73090909090912,5.546666666666667,5.12969696969697,-0.48,111.50545454545455,86.49696969696969,24.096969696969698,24.096969696969698,0.08
