coord_p_true_x,coord_p_true_y,radiusX_p_true,radiusY_p_true,theta_p_true,coord_i_true_x,coord_i_true_y,radiusX_i_true,radiusY_i_true,theta_i_true
114.00727272727272,82.06545454545454,5.313939393939394,5.313939393939394,0.13,113.28,78.51636363636366,25.881212121212123,25.881212121212123,-0.1
