coord_p_true_x,coord_p_true_y,radiusX_p_true,radiusY_p_true,theta_p_true,coord_i_true_x,coord_i_true_y,radiusX_i_true,radiusY_i_true,theta_i_true
115.76242424242425,78.61333333333333,6.002424242424243,6.002424242424243,-0.06,114.88000000000002,79.77696969696969,26.521212121212123,26.521212121212123,0.1
