coord_p_true_x,coord_p_true_y,radiusX_p_true,radiusY_p_true,theta_p_true,coord_i_true_x,coord_i_true_y,radiusX_i_true,radiusY_i_true,theta_i_true
117.08121212121213,81.95878787878786,5.294545454545455,5.100606060606061,0.69,117.37212121212119,80.40727272727274,24.64,24.64,-0.05
