coord_p_true_x,coord_p_true_y,radiusX_p_true,radiusY_p_true,theta_p_true,coord_i_true_x,coord_i_true_y,radiusX_i_true,radiusY_i_true,theta_i_true
109.53696969696973,78.94303030303033,5.905454545454545,5.905454545454545,0.1,111.1660606060606,79.05939393939391,26.28848484848485,26.28848484848485,-0.14
