coord_p_true_x,coord_p_true_y,radiusX_p_true,radiusY_p_true,theta_p_true,coord_i_true_x,coord_i_true_y,radiusX_i_true,radiusY_i_true,theta_i_true
100.53818181818177,78.97212121212121,5.74060606060606,5.653333333333333,-0.67,102.8363636363636,79.95151515151514,22.118787878787877,22.118787878787877,-0.17
