coord_p_true_x,coord_p_true_y,radiusX_p_true,radiusY_p_true,theta_p_true,coord_i_true_x,coord_i_true_y,radiusX_i_true,radiusY_i_true,theta_i_true
105.62909090909092,79.47636363636362,6.584242424242425,6.584242424242425,-0.1,103.89333333333332,80.07757575757574,23.04969696969697,23.04969696969697,-0.07
