coord_p_true_x,coord_p_true_y,radiusX_p_true,radiusY_p_true,theta_p_true,coord_i_true_x,coord_i_true_y,radiusX_i_true,radiusY_i_true,theta_i_true
114.46303030303032,79.47636363636362,8.562424242424242,8.562424242424242,-0.13,113.76484848484849,80.18424242424243,22.661818181818184,22.661818181818184,-0.02
