coord_p_true_x,coord_p_true_y,radiusX_p_true,radiusY_p_true,theta_p_true,coord_i_true_x,coord_i_true_y,radiusX_i_true,radiusY_i_true,theta_i_true
112.9115151515152,79.25333333333336,8.746666666666666,8.746666666666666,-0.42,113.39636363636369,80.65939393939395,23.040000000000003,23.040000000000003,0.03
