coord_p_true_x,coord_p_true_y,radiusX_p_true,radiusY_p_true,theta_p_true,coord_i_true_x,coord_i_true_y,radiusX_i_true,radiusY_i_true,theta_i_true
119.48606060606063,78.89454545454547,7.922424242424243,7.922424242424243,-0.3,119.22424242424242,81.1539393939394,26.181818181818183,26.181818181818183,0.09
