coord_p_true_x,coord_p_true_y,radiusX_p_true,radiusY_p_true,theta_p_true,coord_i_true_x,coord_i_true_y,radiusX_i_true,radiusY_i_true,theta_i_true
125.89575757575761,82.98666666666665,15.263030303030304,15.263030303030304,0.08,126.5066666666667,82.62787878787877,27.597575757575758,27.597575757575758,0.0
