coord_p_true_x,coord_p_true_y,radiusX_p_true,radiusY_p_true,theta_p_true,coord_i_true_x,coord_i_true_y,radiusX_i_true,radiusY_i_true,theta_i_true
118.93333333333331,81.78424242424241,13.808484848484849,13.808484848484849,0.16,117.89575757575756,81.28969696969696,25.570909090909094,25.570909090909094,-0.06
