coord_p_true_x,coord_p_true_y,radiusX_p_true,radiusY_p_true,theta_p_true,coord_i_true_x,coord_i_true_y,radiusX_i_true,radiusY_i_true,theta_i_true
107.53939393939392,76.28606060606063,9.396363636363636,9.396363636363636,-0.13,106.34666666666668,75.09333333333333,25.60969696969697,25.60969696969697,-0.16
