coord_p_true_x,coord_p_true_y,radiusX_p_true,radiusY_p_true,theta_p_true,coord_i_true_x,coord_i_true_y,radiusX_i_true,radiusY_i_true,theta_i_true
108.06303030303036,76.36363636363636,9.309090909090909,9.309090909090909,-0.12,110.18666666666667,76.16000000000003,26.181818181818183,26.181818181818183,-0.11
