coord_p_true_x,coord_p_true_y,radiusX_p_true,radiusY_p_true,theta_p_true,coord_i_true_x,coord_i_true_y,radiusX_i_true,radiusY_i_true,theta_i_true
115.63636363636364,77.0909090909091,8.407272727272728,8.407272727272728,0.07,116.86787878787878,77.0909090909091,24.533333333333335,24.533333333333335,-0.12
