coord_p_true_x,coord_p_true_y,radiusX_p_true,radiusY_p_true,theta_p_true,coord_i_true_x,coord_i_true_y,radiusX_i_true,radiusY_i_true,theta_i_true
113.6969696969697,77.75030303030304,8.707878787878789,8.707878787878789,-0.05,113.06666666666669,78.12848484848485,24.455757575757577,24.455757575757577,-0.05
