coord_p_true_x,coord_p_true_y,radiusX_p_true,radiusY_p_true,theta_p_true,coord_i_true_x,coord_i_true_y,radiusX_i_true,radiusY_i_true,theta_i_true
132.86787878787877,77.04242424242423,10.521212121212121,11.607272727272727,-0.07,132.6448484848485,79.75757575757576,23.951515151515153,26.89939393939394,-0.11
