coord_p_true_x,coord_p_true_y,radiusX_p_true,radiusY_p_true,theta_p_true,coord_i_true_x,coord_i_true_y,radiusX_i_true,radiusY_i_true,theta_i_true
116.06303030303036,78.62303030303029,8.785454545454547,10.57939393939394,-0.22,116.86787878787878,80.93090909090907,19.85939393939394,24.42666666666667,-0.38
