coord_p_true_x,coord_p_true_y,radiusX_p_true,radiusY_p_true,theta_p_true,coord_i_true_x,coord_i_true_y,radiusX_i_true,radiusY_i_true,theta_i_true
112.74666666666666,77.70181818181818,8.494545454545454,8.494545454545454,-0.06,114.20121212121211,78.26424242424241,28.703030303030307,28.703030303030307,-0.12
