coord_p_true_x,coord_p_true_y,radiusX_p_true,radiusY_p_true,theta_p_true,coord_i_true_x,coord_i_true_y,radiusX_i_true,radiusY_i_true,theta_i_true
110.07030303030302,78.00242424242424,9.735757575757575,9.735757575757575,-0.01,110.62303030303035,78.8848484848485,28.906666666666666,28.52848484848485,-0.05
