coord_p_true_x,coord_p_true_y,radiusX_p_true,radiusY_p_true,theta_p_true,coord_i_true_x,coord_i_true_y,radiusX_i_true,radiusY_i_true,theta_i_true
109.51757575757581,82.22060606060609,12.324848484848486,12.324848484848486,-0.09,110.22545454545451,81.32848484848485,22.60363636363636,22.60363636363636,-0.09
