coord_p_true_x,coord_p_true_y,radiusX_p_true,radiusY_p_true,theta_p_true,coord_i_true_x,coord_i_true_y,radiusX_i_true,radiusY_i_true,theta_i_true
111.05939393939391,79.7478787878788,13.129696969696969,13.129696969696969,-0.02,110.7878787878788,80.31030303030303,22.42909090909091,22.42909090909091,0.02
