coord_p_true_x,coord_p_true_y,radiusX_p_true,radiusY_p_true,theta_p_true,coord_i_true_x,coord_i_true_y,radiusX_i_true,radiusY_i_true,theta_i_true
118.66181818181819,77.76969696969697,6.846060606060606,6.846060606060606,-0.22,120.7854545454545,78.48727272727272,25.464242424242425,25.464242424242425,-0.02
