coord_p_true_x,coord_p_true_y,radiusX_p_true,radiusY_p_true,theta_p_true,coord_i_true_x,coord_i_true_y,radiusX_i_true,radiusY_i_true,theta_i_true
111.35999999999999,76.98424242424241,6.4775757575757575,6.4775757575757575,-0.27,110.48727272727272,79.09818181818181,26.637575757575757,26.637575757575757,-0.08
