coord_p_true_x,coord_p_true_y,radiusX_p_true,radiusY_p_true,theta_p_true,coord_i_true_x,coord_i_true_y,radiusX_i_true,radiusY_i_true,theta_i_true
120.2036363636364,72.62060606060605,6.244848484848485,6.244848484848485,-0.44,121.80363636363639,72.85333333333332,26.579393939393942,26.404848484848486,-0.25
