coord_p_true_x,coord_p_true_y,radiusX_p_true,radiusY_p_true,theta_p_true,coord_i_true_x,coord_i_true_y,radiusX_i_true,radiusY_i_true,theta_i_true
128.15515151515154,73.76484848484849,6.962424242424242,6.962424242424242,-0.56,125.99272727272728,74.7248484848485,26.90909090909091,26.90909090909091,-0.12
