coord_p_true_x,coord_p_true_y,radiusX_p_true,radiusY_p_true,theta_p_true,coord_i_true_x,coord_i_true_y,radiusX_i_true,radiusY_i_true,theta_i_true
95.94181818181823,78.53575757575759,7.864242424242424,7.864242424242424,0.16,96.0484848484848,78.76848484848487,21.255757575757578,20.266666666666666,-0.35
