coord_p_true_x,coord_p_true_y,radiusX_p_true,radiusY_p_true,theta_p_true,coord_i_true_x,coord_i_true_y,radiusX_i_true,radiusY_i_true,theta_i_true
89.81333333333335,76.72242424242425,7.6896969696969695,7.6896969696969695,0.02,88.71757575757577,76.59636363636365,19.296969696969697,21.44,0.07
