coord_p_true_x,coord_p_true_y,radiusX_p_true,radiusY_p_true,theta_p_true,coord_i_true_x,coord_i_true_y,radiusX_i_true,radiusY_i_true,theta_i_true
111.71878787878792,77.81818181818183,7.612121212121212,7.612121212121212,0.01,113.54181818181821,78.09939393939396,22.526060606060607,22.526060606060607,-0.11
