coord_p_true_x,coord_p_true_y,radiusX_p_true,radiusY_p_true,theta_p_true,coord_i_true_x,coord_i_true_y,radiusX_i_true,radiusY_i_true,theta_i_true
115.58787878787878,76.40242424242426,7.263030303030304,7.263030303030304,0.01,114.32727272727271,76.93575757575755,22.506666666666668,22.506666666666668,-0.01
