coord_p_true_x,coord_p_true_y,radiusX_p_true,radiusY_p_true,theta_p_true,coord_i_true_x,coord_i_true_y,radiusX_i_true,radiusY_i_true,theta_i_true
110.65212121212123,73.72606060606059,7.8545454545454545,7.747878787878788,-0.35,111.61212121212124,75.91757575757578,26.60848484848485,26.60848484848485,-0.17
