coord_p_true_x,coord_p_true_y,radiusX_p_true,radiusY_p_true,theta_p_true,coord_i_true_x,coord_i_true_y,radiusX_i_true,radiusY_i_true,theta_i_true
113.97818181818184,78.99151515151513,7.253333333333334,7.253333333333334,-0.46,112.00969696969696,80.23272727272729,23.36969696969697,23.36969696969697,0.02
