coord_p_true_x,coord_p_true_y,radiusX_p_true,radiusY_p_true,theta_p_true,coord_i_true_x,coord_i_true_y,radiusX_i_true,radiusY_i_true,theta_i_true
114.41454545454546,76.1018181818182,7.020606060606061,7.020606060606061,-0.47,113.609696969697,75.41333333333331,26.90909090909091,26.346666666666668,-0.06
