coord_p_true_x,coord_p_true_y,radiusX_p_true,radiusY_p_true,theta_p_true,coord_i_true_x,coord_i_true_y,radiusX_i_true,radiusY_i_true,theta_i_true
110.73939393939399,78.99151515151513,5.953939393939394,5.953939393939394,-0.21,112.44606060606064,78.72000000000001,22.778181818181817,22.778181818181817,-0.16
