coord_p_true_x,coord_p_true_y,radiusX_p_true,radiusY_p_true,theta_p_true,coord_i_true_x,coord_i_true_y,radiusX_i_true,radiusY_i_true,theta_i_true
112.51393939393937,82.60848484848485,13.275151515151515,12.48969696969697,-0.26,111.80606060606063,84.72242424242425,29.381818181818183,27.53939393939394,-0.11
