coord_p_true_x,coord_p_true_y,radiusX_p_true,radiusY_p_true,theta_p_true,coord_i_true_x,coord_i_true_y,radiusX_i_true,radiusY_i_true,theta_i_true
111.51515151515152,79.51515151515152,8.145454545454546,8.145454545454546,0.02,111.67999999999996,79.35030303030301,24.116363636363637,24.116363636363637,-0.13
