coord_p_true_x,coord_p_true_y,radiusX_p_true,radiusY_p_true,theta_p_true,coord_i_true_x,coord_i_true_y,radiusX_i_true,radiusY_i_true,theta_i_true
108.59636363636365,81.51272727272728,12.50909090909091,12.50909090909091,0.04,108.75151515151514,82.7248484848485,29.507878787878788,29.507878787878788,-0.05
