coord_p_true_x,coord_p_true_y,radiusX_p_true,radiusY_p_true,theta_p_true,coord_i_true_x,coord_i_true_y,radiusX_i_true,radiusY_i_true,theta_i_true
104.83393939393942,78.96242424242425,7.941818181818181,7.941818181818181,-0.26,104.1260606060606,81.49333333333335,24.0,23.243636363636362,-0.04
