coord_p_true_x,coord_p_true_y,radiusX_p_true,radiusY_p_true,theta_p_true,coord_i_true_x,coord_i_true_y,radiusX_i_true,radiusY_i_true,theta_i_true
116.58666666666669,78.79757575757576,5.760000000000001,5.760000000000001,0.81,115.42303030303027,78.68121212121211,23.941818181818185,24.116363636363637,0.44
