coord_p_true_x,coord_p_true_y,radiusX_p_true,radiusY_p_true,theta_p_true,coord_i_true_x,coord_i_true_y,radiusX_i_true,radiusY_i_true,theta_i_true
113.06666666666669,78.38060606060604,6.652121212121212,6.652121212121212,0.13,115.67515151515148,78.2157575757576,26.104242424242425,25.086060606060606,-0.02
