coord_p_true_x,coord_p_true_y,radiusX_p_true,radiusY_p_true,theta_p_true,coord_i_true_x,coord_i_true_y,radiusX_i_true,radiusY_i_true,theta_i_true
113.91030303030306,78.35151515151516,5.915151515151515,5.915151515151515,0.92,115.32606060606057,78.04121212121214,24.174545454545456,24.174545454545456,0.28
