coord_p_true_x,coord_p_true_y,radiusX_p_true,radiusY_p_true,theta_p_true,coord_i_true_x,coord_i_true_y,radiusX_i_true,radiusY_i_true,theta_i_true
112.42666666666666,77.18787878787882,6.293333333333334,6.293333333333334,0.09,110.63272727272725,78.2157575757576,23.36969696969697,23.36969696969697,0.02
