coord_p_true_x,coord_p_true_y,radiusX_p_true,radiusY_p_true,theta_p_true,coord_i_true_x,coord_i_true_y,radiusX_i_true,radiusY_i_true,theta_i_true
121.09575757575757,76.19878787878787,7.65090909090909,7.65090909090909,0.81,119.64121212121212,75.2678787878788,24.368484848484847,24.63030303030303,0.38
