coord_p_true_x,coord_p_true_y,radiusX_p_true,radiusY_p_true,theta_p_true,coord_i_true_x,coord_i_true_y,radiusX_i_true,radiusY_i_true,theta_i_true
115.11272727272731,74.35636363636364,6.816969696969697,6.816969696969697,0.83,117.18787878787882,75.57818181818182,23.563636363636366,23.883636363636363,0.34
