coord_p_true_x,coord_p_true_y,radiusX_p_true,radiusY_p_true,theta_p_true,coord_i_true_x,coord_i_true_y,radiusX_i_true,radiusY_i_true,theta_i_true
109.20727272727274,77.5951515151515,5.178181818181818,5.178181818181818,0.6,109.0909090909091,79.28242424242424,26.152727272727272,26.152727272727272,0.19
