coord_p_true_x,coord_p_true_y,radiusX_p_true,radiusY_p_true,theta_p_true,coord_i_true_x,coord_i_true_y,radiusX_i_true,radiusY_i_true,theta_i_true
113.84242424242423,77.23636363636362,5.546666666666667,5.546666666666667,0.81,114.55999999999999,79.53454545454544,26.773333333333333,26.773333333333333,0.09
