coord_p_true_x,coord_p_true_y,radiusX_p_true,radiusY_p_true,theta_p_true,coord_i_true_x,coord_i_true_y,radiusX_i_true,radiusY_i_true,theta_i_true
115.25818181818184,76.39272727272724,9.55151515151515,9.55151515151515,1.12,116.73212121212121,77.19757575757578,22.700606060606063,23.583030303030306,0.51
