coord_p_true_x,coord_p_true_y,radiusX_p_true,radiusY_p_true,theta_p_true,coord_i_true_x,coord_i_true_y,radiusX_i_true,radiusY_i_true,theta_i_true
118.15757575757578,78.07999999999998,9.55151515151515,9.60969696969697,0.81,116.86787878787878,79.36969696969699,21.80848484848485,21.80848484848485,0.42
