coord_p_true_x,coord_p_true_y,radiusX_p_true,radiusY_p_true,theta_p_true,coord_i_true_x,coord_i_true_y,radiusX_i_true,radiusY_i_true,theta_i_true
103.11757575757579,79.63151515151516,4.887272727272728,4.887272727272728,1.04,104.09696969696972,80.99878787878785,19.19030303030303,19.19030303030303,3.0
