coord_p_true_x,coord_p_true_y,radiusX_p_true,radiusY_p_true,theta_p_true,coord_i_true_x,coord_i_true_y,radiusX_i_true,radiusY_i_true,theta_i_true
106.80242424242424,80.78545454545456,4.945454545454545,4.945454545454545,1.2,105.84242424242423,80.46545454545456,17.008484848484848,17.008484848484848,0.26
