coord_p_true_x,coord_p_true_y,radiusX_p_true,radiusY_p_true,theta_p_true,coord_i_true_x,coord_i_true_y,radiusX_i_true,radiusY_i_true,theta_i_true
113.49333333333335,75.98545454545456,8.106666666666666,8.32,0.37,114.10424242424244,80.0,25.726060606060607,25.726060606060607,0.04
