coord_p_true_x,coord_p_true_y,radiusX_p_true,radiusY_p_true,theta_p_true,coord_i_true_x,coord_i_true_y,radiusX_i_true,radiusY_i_true,theta_i_true
117.42060606060609,73.49333333333335,6.458181818181819,6.361212121212121,0.65,116.7612121212121,76.86787878787877,24.785454545454545,24.785454545454545,-0.21
