coord_p_true_x,coord_p_true_y,radiusX_p_true,radiusY_p_true,theta_p_true,coord_i_true_x,coord_i_true_y,radiusX_i_true,radiusY_i_true,theta_i_true
102.80727272727272,78.90424242424243,9.978181818181818,9.978181818181818,0.49,102.86545454545454,79.5442424242424,28.673939393939396,28.48969696969697,0.03
