coord_p_true_x,coord_p_true_y,radiusX_p_true,radiusY_p_true,theta_p_true,coord_i_true_x,coord_i_true_y,radiusX_i_true,radiusY_i_true,theta_i_true
113.56121212121214,68.92606060606059,11.161212121212122,11.161212121212122,0.57,114.04606060606062,68.03393939393942,30.332121212121216,31.107878787878786,0.11
