coord_p_true_x,coord_p_true_y,radiusX_p_true,radiusY_p_true,theta_p_true,coord_i_true_x,coord_i_true_y,radiusX_i_true,radiusY_i_true,theta_i_true
106.00727272727278,80.90181818181819,8.65939393939394,8.65939393939394,0.68,106.01696969696974,79.92242424242426,27.830303030303032,27.490909090909092,0.43
