coord_p_true_x,coord_p_true_y,radiusX_p_true,radiusY_p_true,theta_p_true,coord_i_true_x,coord_i_true_y,radiusX_i_true,radiusY_i_true,theta_i_true
112.74666666666666,66.02666666666664,11.558787878787879,11.646060606060606,0.59,113.92969696969698,66.71515151515153,30.19636363636364,30.19636363636364,-0.02
