coord_p_true_x,coord_p_true_y,radiusX_p_true,radiusY_p_true,theta_p_true,coord_i_true_x,coord_i_true_y,radiusX_i_true,radiusY_i_true,theta_i_true
116.80969696969701,77.48848484848487,6.40969696969697,6.40969696969697,0.98,118.0993939393939,78.2157575757576,27.58787878787879,27.58787878787879,0.15
