coord_p_true_x,coord_p_true_y,radiusX_p_true,radiusY_p_true,theta_p_true,coord_i_true_x,coord_i_true_y,radiusX_i_true,radiusY_i_true,theta_i_true
107.81090909090905,79.21454545454546,6.448484848484849,6.448484848484849,1.19,109.07151515151517,78.90424242424243,25.047272727272727,24.727272727272727,0.16
