coord_p_true_x,coord_p_true_y,radiusX_p_true,radiusY_p_true,theta_p_true,coord_i_true_x,coord_i_true_y,radiusX_i_true,radiusY_i_true,theta_i_true
109.81818181818183,78.0121212121212,6.661818181818182,6.700606060606061,0.8,109.08121212121213,79.76727272727273,25.85212121212121,25.85212121212121,0.02
