coord_p_true_x,coord_p_true_y,radiusX_p_true,radiusY_p_true,theta_p_true,coord_i_true_x,coord_i_true_y,radiusX_i_true,radiusY_i_true,theta_i_true
109.7987878787879,75.91757575757578,6.6036363636363635,6.6036363636363635,0.8,108.79030303030304,75.85939393939395,27.89818181818182,27.89818181818182,-0.11
