coord_p_true_x,coord_p_true_y,radiusX_p_true,radiusY_p_true,theta_p_true,coord_i_true_x,coord_i_true_y,radiusX_i_true,radiusY_i_true,theta_i_true
113.52242424242424,74.7636363636364,8.736969696969696,8.736969696969696,0.62,111.81575757575759,75.71393939393938,22.516363636363636,22.225454545454546,0.1
