coord_p_true_x,coord_p_true_y,radiusX_p_true,radiusY_p_true,theta_p_true,coord_i_true_x,coord_i_true_y,radiusX_i_true,radiusY_i_true,theta_i_true
110.70060606060603,75.53939393939392,8.979393939393939,8.979393939393939,0.76,111.53454545454544,76.13090909090909,22.60363636363636,22.19636363636364,0.05
