coord_p_true_x,coord_p_true_y,radiusX_p_true,radiusY_p_true,theta_p_true,coord_i_true_x,coord_i_true_y,radiusX_i_true,radiusY_i_true,theta_i_true
111.63151515151516,81.30909090909093,5.352727272727273,5.352727272727273,0.7,113.43515151515153,82.83151515151516,22.875151515151515,22.43878787878788,0.13
