coord_p_true_x,coord_p_true_y,radiusX_p_true,radiusY_p_true,theta_p_true,coord_i_true_x,coord_i_true_y,radiusX_i_true,radiusY_i_true,theta_i_true
117.45939393939393,83.75272727272728,7.6024242424242425,7.6024242424242425,0.54,114.97696969696969,84.08242424242422,21.96363636363636,22.08969696969697,0.31
