coord_p_true_x,coord_p_true_y,radiusX_p_true,radiusY_p_true,theta_p_true,coord_i_true_x,coord_i_true_y,radiusX_i_true,radiusY_i_true,theta_i_true
106.11393939393935,77.52727272727272,8.261818181818182,8.261818181818182,1.09,107.9757575757576,80.25212121212121,31.136969696969697,31.136969696969697,0.3
