coord_p_true_x,coord_p_true_y,radiusX_p_true,radiusY_p_true,theta_p_true,coord_i_true_x,coord_i_true_y,radiusX_i_true,radiusY_i_true,theta_i_true
118.03151515151518,79.9612121212121,13.246060606060606,13.246060606060606,0.89,117.78909090909094,81.29939393939392,24.494545454545456,22.855757575757575,0.67
