coord_p_true_x,coord_p_true_y,radiusX_p_true,radiusY_p_true,theta_p_true,coord_i_true_x,coord_i_true_y,radiusX_i_true,radiusY_i_true,theta_i_true
119.8739393939394,80.07757575757574,14.40969696969697,14.40969696969697,1.16,121.26060606060602,82.52121212121214,24.62060606060606,24.62060606060606,0.6
