coord_p_true_x,coord_p_true_y,radiusX_p_true,radiusY_p_true,theta_p_true,coord_i_true_x,coord_i_true_y,radiusX_i_true,radiusY_i_true,theta_i_true
114.62787878787877,77.57575757575758,10.433939393939394,10.433939393939394,0.86,112.35878787878788,79.52484848484848,29.10060606060606,29.10060606060606,0.36
