coord_p_true_x,coord_p_true_y,radiusX_p_true,radiusY_p_true,theta_p_true,coord_i_true_x,coord_i_true_y,radiusX_i_true,radiusY_i_true,theta_i_true
102.67151515151515,76.15030303030301,8.32,8.32,0.92,100.80000000000004,75.39393939393939,26.327272727272728,25.3769696969697,-2.93
