coord_p_true_x,coord_p_true_y,radiusX_p_true,radiusY_p_true,theta_p_true,coord_i_true_x,coord_i_true_y,radiusX_i_true,radiusY_i_true,theta_i_true
99.17090909090908,77.98303030303032,9.745454545454546,10.016969696969698,0.97,98.24969696969697,78.47757575757576,22.865454545454543,22.293333333333333,-3.13
