coord_p_true_x,coord_p_true_y,radiusX_p_true,radiusY_p_true,theta_p_true,coord_i_true_x,coord_i_true_y,radiusX_i_true,radiusY_i_true,theta_i_true
96.14545454545453,78.8848484848485,11.064242424242424,11.161212121212122,0.94,98.61818181818187,80.00969696969696,29.847272727272728,29.847272727272728,2.93
