coord_p_true_x,coord_p_true_y,radiusX_p_true,radiusY_p_true,theta_p_true,coord_i_true_x,coord_i_true_y,radiusX_i_true,radiusY_i_true,theta_i_true
110.8848484848485,77.40121212121211,10.831515151515152,10.831515151515152,1.12,109.95393939393938,76.60606060606061,31.15636363636364,31.15636363636364,0.39
