coord_p_true_x,coord_p_true_y,radiusX_p_true,radiusY_p_true,theta_p_true,coord_i_true_x,coord_i_true_y,radiusX_i_true,radiusY_i_true,theta_i_true
109.40121212121217,77.36242424242421,5.12,5.12,0.72,112.41696969696964,77.49818181818183,24.785454545454545,24.785454545454545,3.06
