coord_p_true_x,coord_p_true_y,radiusX_p_true,radiusY_p_true,theta_p_true,coord_i_true_x,coord_i_true_y,radiusX_i_true,radiusY_i_true,theta_i_true
103.12727272727275,78.12848484848485,6.128484848484849,6.128484848484849,1.1,103.7478787878788,76.60606060606061,26.637575757575757,24.40727272727273,-2.57
