coord_p_true_x,coord_p_true_y,radiusX_p_true,radiusY_p_true,theta_p_true,coord_i_true_x,coord_i_true_y,radiusX_i_true,radiusY_i_true,theta_i_true
125.22666666666666,75.94666666666666,11.946666666666667,11.946666666666667,0.93,126.06060606060606,75.41333333333331,26.521212121212123,26.521212121212123,0.24
