coord_p_true_x,coord_p_true_y,radiusX_p_true,radiusY_p_true,theta_p_true,coord_i_true_x,coord_i_true_y,radiusX_i_true,radiusY_i_true,theta_i_true
126.70060606060609,76.83878787878788,10.812121212121212,10.812121212121212,1.0,124.41212121212122,75.71393939393938,25.076363636363638,24.882424242424243,0.19
