coord_p_true_x,coord_p_true_y,radiusX_p_true,radiusY_p_true,theta_p_true,coord_i_true_x,coord_i_true_y,radiusX_i_true,radiusY_i_true,theta_i_true
102.97212121212127,72.38787878787876,9.270303030303031,9.270303030303031,0.67,105.92000000000002,73.6969696969697,28.53818181818182,26.94787878787879,0.14
