coord_p_true_x,coord_p_true_y,radiusX_p_true,radiusY_p_true,theta_p_true,coord_i_true_x,coord_i_true_y,radiusX_i_true,radiusY_i_true,theta_i_true
115.9757575757576,76.96484848484849,9.280000000000001,9.280000000000001,0.8,114.69575757575755,76.21818181818185,29.595151515151514,29.682424242424243,0.16
