coord_p_true_x,coord_p_true_y,radiusX_p_true,radiusY_p_true,theta_p_true,coord_i_true_x,coord_i_true_y,radiusX_i_true,radiusY_i_true,theta_i_true
103.59272727272732,79.66060606060604,11.093333333333334,11.093333333333334,0.87,105.4933333333333,79.25333333333336,31.02060606060606,31.02060606060606,3.1
