coord_p_true_x,coord_p_true_y,radiusX_p_true,radiusY_p_true,theta_p_true,coord_i_true_x,coord_i_true_y,radiusX_i_true,radiusY_i_true,theta_i_true
118.77818181818184,79.63151515151516,10.036363636363637,10.036363636363637,0.93,116.65454545454547,79.2921212121212,29.983030303030304,29.983030303030304,3.14
