coord_p_true_x,coord_p_true_y,radiusX_p_true,radiusY_p_true,theta_p_true,coord_i_true_x,coord_i_true_y,radiusX_i_true,radiusY_i_true,theta_i_true
111.69939393939394,71.64121212121212,5.992727272727272,5.992727272727272,0.83,110.71030303030305,73.45454545454545,24.94060606060606,24.94060606060606,0.08
