coord_p_true_x,coord_p_true_y,radiusX_p_true,radiusY_p_true,theta_p_true,coord_i_true_x,coord_i_true_y,radiusX_i_true,radiusY_i_true,theta_i_true
114.6084848484849,71.4569696969697,6.652121212121212,6.778181818181818,1.02,115.79151515151513,72.89212121212122,24.892121212121214,24.892121212121214,0.25
