coord_p_true_x,coord_p_true_y,radiusX_p_true,radiusY_p_true,theta_p_true,coord_i_true_x,coord_i_true_y,radiusX_i_true,radiusY_i_true,theta_i_true
105.30909090909094,78.57454545454543,7.272727272727273,7.272727272727273,0.81,104.97939393939393,78.15757575757578,23.951515151515153,22.96242424242424,2.71
