coord_p_true_x,coord_p_true_y,radiusX_p_true,radiusY_p_true,theta_p_true,coord_i_true_x,coord_i_true_y,radiusX_i_true,radiusY_i_true,theta_i_true
102.24484848484855,80.53333333333335,7.204848484848485,7.204848484848485,0.8,103.36969696969699,81.56121212121214,24.0,23.699393939393943,3.1
