coord_p_true_x,coord_p_true_y,radiusX_p_true,radiusY_p_true,theta_p_true,coord_i_true_x,coord_i_true_y,radiusX_i_true,radiusY_i_true,theta_i_true
111.82545454545455,77.08121212121213,7.495757575757576,7.495757575757576,1.04,110.8751515151515,77.57575757575758,26.93818181818182,26.93818181818182,0.04
