coord_p_true_x,coord_p_true_y,radiusX_p_true,radiusY_p_true,theta_p_true,coord_i_true_x,coord_i_true_y,radiusX_i_true,radiusY_i_true,theta_i_true
115.47151515151519,74.00727272727272,7.612121212121212,7.612121212121212,0.95,116.3054545454546,74.78303030303032,26.113939393939393,26.113939393939393,0.34
