coord_p_true_x,coord_p_true_y,radiusX_p_true,radiusY_p_true,theta_p_true,coord_i_true_x,coord_i_true_y,radiusX_i_true,radiusY_i_true,theta_i_true
124.40242424242422,74.80242424242424,7.427878787878789,7.427878787878789,0.6,125.75030303030299,72.64000000000003,27.762424242424242,27.762424242424242,0.09
