coord_p_true_x,coord_p_true_y,radiusX_p_true,radiusY_p_true,theta_p_true,coord_i_true_x,coord_i_true_y,radiusX_i_true,radiusY_i_true,theta_i_true
115.3551515151515,73.67757575757578,7.243636363636363,6.991515151515151,0.52,114.56969696969695,75.16121212121212,25.62909090909091,25.62909090909091,0.27
