coord_p_true_x,coord_p_true_y,radiusX_p_true,radiusY_p_true,theta_p_true,coord_i_true_x,coord_i_true_y,radiusX_i_true,radiusY_i_true,theta_i_true
114.44363636363634,74.09454545454548,12.596363636363638,12.596363636363638,0.81,113.05696969696967,73.52242424242424,32.57212121212122,32.57212121212122,0.45
