coord_p_true_x,coord_p_true_y,radiusX_p_true,radiusY_p_true,theta_p_true,coord_i_true_x,coord_i_true_y,radiusX_i_true,radiusY_i_true,theta_i_true
116.8387878787879,76.72242424242425,7.544242424242425,8.126060606060607,1.05,117.95393939393938,78.41939393939394,26.31757575757576,26.31757575757576,-3.02
