coord_p_true_x,coord_p_true_y,radiusX_p_true,radiusY_p_true,theta_p_true,coord_i_true_x,coord_i_true_y,radiusX_i_true,radiusY_i_true,theta_i_true
120.24242424242425,80.67878787878787,7.243636363636363,7.243636363636363,0.86,118.54545454545455,81.61939393939396,26.113939393939393,26.113939393939393,0.33
