coord_p_true_x,coord_p_true_y,radiusX_p_true,radiusY_p_true,theta_p_true,coord_i_true_x,coord_i_true_y,radiusX_i_true,radiusY_i_true,theta_i_true
109.23636363636362,75.85939393939395,12.421818181818182,12.421818181818182,0.93,110.20606060606059,75.63636363636364,32.416969696969694,32.416969696969694,0.23
