coord_p_true_x,coord_p_true_y,radiusX_p_true,radiusY_p_true,theta_p_true,coord_i_true_x,coord_i_true_y,radiusX_i_true,radiusY_i_true,theta_i_true
120.55272727272732,78.97212121212121,8.426666666666666,8.426666666666666,0.95,120.5042424242424,79.1660606060606,24.97939393939394,24.97939393939394,-3.09
