coord_p_true_x,coord_p_true_y,radiusX_p_true,radiusY_p_true,theta_p_true,coord_i_true_x,coord_i_true_y,radiusX_i_true,radiusY_i_true,theta_i_true
116.88727272727274,77.64363636363636,6.972121212121213,6.972121212121213,0.75,115.9369696969697,77.9248484848485,24.649696969696972,24.649696969696972,-2.95
