coord_p_true_x,coord_p_true_y,radiusX_p_true,radiusY_p_true,theta_p_true,coord_i_true_x,coord_i_true_y,radiusX_i_true,radiusY_i_true,theta_i_true
109.16848484848484,77.65333333333332,9.309090909090909,9.309090909090909,0.7,107.37454545454547,78.97212121212121,23.515151515151516,23.515151515151516,0.0
