coord_p_true_x,coord_p_true_y,radiusX_p_true,radiusY_p_true,theta_p_true,coord_i_true_x,coord_i_true_y,radiusX_i_true,radiusY_i_true,theta_i_true
105.74545454545456,71.08848484848485,6.797575757575758,6.797575757575758,0.86,103.76727272727273,74.3660606060606,22.73939393939394,22.41939393939394,-2.78
