coord_p_true_x,coord_p_true_y,radiusX_p_true,radiusY_p_true,theta_p_true,coord_i_true_x,coord_i_true_y,radiusX_i_true,radiusY_i_true,theta_i_true
98.10424242424239,72.0872727272727,6.72969696969697,6.72969696969697,0.87,97.43515151515153,75.1418181818182,23.796363636363637,24.37818181818182,-2.48
