coord_p_true_x,coord_p_true_y,radiusX_p_true,radiusY_p_true,theta_p_true,coord_i_true_x,coord_i_true_y,radiusX_i_true,radiusY_i_true,theta_i_true
106.93818181818179,76.40242424242426,9.493333333333332,9.493333333333332,0.95,108.42181818181813,76.41212121212122,23.699393939393943,23.272727272727273,3.1
