coord_p_true_x,coord_p_true_y,radiusX_p_true,radiusY_p_true,theta_p_true,coord_i_true_x,coord_i_true_y,radiusX_i_true,radiusY_i_true,theta_i_true
105.50303030303026,74.88000000000002,13.934545454545454,13.934545454545454,0.9,106.95757575757571,76.48,31.03030303030303,31.03030303030303,-3.09
