coord_p_true_x,coord_p_true_y,radiusX_p_true,radiusY_p_true,theta_p_true,coord_i_true_x,coord_i_true_y,radiusX_i_true,radiusY_i_true,theta_i_true
113.00848484848487,76.45090909090906,12.935757575757576,12.935757575757576,0.75,110.40969696969698,77.2557575757576,31.185454545454544,31.185454545454544,0.17
