coord_p_true_x,coord_p_true_y,radiusX_p_true,radiusY_p_true,theta_p_true,coord_i_true_x,coord_i_true_y,radiusX_i_true,radiusY_i_true,theta_i_true
106.51151515151513,78.7878787878788,9.153939393939394,9.153939393939394,0.96,104.95030303030305,79.01090909090911,22.46787878787879,22.46787878787879,0.12
