coord_p_true_x,coord_p_true_y,radiusX_p_true,radiusY_p_true,theta_p_true,coord_i_true_x,coord_i_true_y,radiusX_i_true,radiusY_i_true,theta_i_true
109.11030303030302,78.52606060606062,7.970909090909092,7.970909090909092,0.97,109.31393939393942,78.35151515151516,21.37212121212121,21.37212121212121,0.03
