coord_p_true_x,coord_p_true_y,radiusX_p_true,radiusY_p_true,theta_p_true,coord_i_true_x,coord_i_true_y,radiusX_i_true,radiusY_i_true,theta_i_true
105.1151515151515,80.0387878787879,12.334545454545456,12.334545454545456,-0.07,106.74424242424247,81.48363636363634,25.784242424242425,25.784242424242425,-0.19
