coord_p_true_x,coord_p_true_y,radiusX_p_true,radiusY_p_true,theta_p_true,coord_i_true_x,coord_i_true_y,radiusX_i_true,radiusY_i_true,theta_i_true
109.77939393939393,82.28848484848487,12.644848484848485,12.644848484848485,0.14,109.55636363636366,81.9878787878788,26.84121212121212,26.84121212121212,0.1
