coord_p_true_x,coord_p_true_y,radiusX_p_true,radiusY_p_true,theta_p_true,coord_i_true_x,coord_i_true_y,radiusX_i_true,radiusY_i_true,theta_i_true
109.56606060606062,84.18909090909091,10.656969696969698,10.656969696969698,0.19,109.2945454545455,82.06545454545454,24.930909090909093,24.930909090909093,-0.06
