coord_p_true_x,coord_p_true_y,radiusX_p_true,radiusY_p_true,theta_p_true,coord_i_true_x,coord_i_true_y,radiusX_i_true,radiusY_i_true,theta_i_true
110.44848484848482,81.20242424242426,10.715151515151517,10.715151515151517,0.07,110.50666666666665,80.87272727272725,24.63030303030303,24.63030303030303,0.0
