coord_p_true_x,coord_p_true_y,radiusX_p_true,radiusY_p_true,theta_p_true,coord_i_true_x,coord_i_true_y,radiusX_i_true,radiusY_i_true,theta_i_true
117.74060606060603,76.74181818181818,10.763636363636364,10.763636363636364,-0.27,118.73939393939399,78.89454545454547,21.323636363636364,21.323636363636364,-0.1
