coord_p_true_x,coord_p_true_y,radiusX_p_true,radiusY_p_true,theta_p_true,coord_i_true_x,coord_i_true_y,radiusX_i_true,radiusY_i_true,theta_i_true
109.04242424242429,77.60484848484846,5.953939393939394,5.953939393939394,0.15,111.0884848484848,80.13575757575757,22.642424242424244,22.642424242424244,0.01
