coord_p_true_x,coord_p_true_y,radiusX_p_true,radiusY_p_true,theta_p_true,coord_i_true_x,coord_i_true_y,radiusX_i_true,radiusY_i_true,theta_i_true
116.16969696969699,80.64000000000003,8.504242424242424,8.504242424242424,-0.08,117.48848484848487,81.12484848484851,21.692121212121215,21.692121212121215,0.02
