coord_p_true_x,coord_p_true_y,radiusX_p_true,radiusY_p_true,theta_p_true,coord_i_true_x,coord_i_true_y,radiusX_i_true,radiusY_i_true,theta_i_true
116.11151515151516,77.44969696969697,6.778181818181818,6.778181818181818,0.06,115.15151515151516,77.96363636363634,27.28727272727273,27.28727272727273,-0.03
