coord_p_true_x,coord_p_true_y,radiusX_p_true,radiusY_p_true,theta_p_true,coord_i_true_x,coord_i_true_y,radiusX_i_true,radiusY_i_true,theta_i_true
108.63515151515149,77.00363636363639,6.661818181818182,6.661818181818182,0.22,110.39030303030306,78.40969696969698,26.540606060606063,26.540606060606063,-0.09
