coord_p_true_x,coord_p_true_y,radiusX_p_true,radiusY_p_true,theta_p_true,coord_i_true_x,coord_i_true_y,radiusX_i_true,radiusY_i_true,theta_i_true
112.85333333333334,79.78666666666665,9.153939393939394,8.455757575757577,0.08,115.5975757575758,79.53454545454544,21.653333333333332,21.653333333333332,-0.08
