coord_p_true_x,coord_p_true_y,radiusX_p_true,radiusY_p_true,theta_p_true,coord_i_true_x,coord_i_true_y,radiusX_i_true,radiusY_i_true,theta_i_true
123.91757575757578,76.86787878787877,12.896969696969698,12.896969696969698,-0.08,123.37454545454547,77.58545454545454,24.05818181818182,24.05818181818182,-0.1
