coord_p_true_x,coord_p_true_y,radiusX_p_true,radiusY_p_true,theta_p_true,coord_i_true_x,coord_i_true_y,radiusX_i_true,radiusY_i_true,theta_i_true
116.3539393939394,77.11030303030302,12.896969696969698,12.896969696969698,-0.1,114.27878787878791,77.83757575757575,25.435151515151517,25.435151515151517,-0.05
