coord_p_true_x,coord_p_true_y,radiusX_p_true,radiusY_p_true,theta_p_true,coord_i_true_x,coord_i_true_y,radiusX_i_true,radiusY_i_true,theta_i_true
113.39636363636369,77.34303030303029,13.313939393939394,13.313939393939394,-0.11,114.05575757575758,77.11999999999998,26.443636363636365,26.443636363636365,-0.12
