coord_p_true_x,coord_p_true_y,radiusX_p_true,radiusY_p_true,theta_p_true,coord_i_true_x,coord_i_true_y,radiusX_i_true,radiusY_i_true,theta_i_true
105.39636363636369,75.44242424242425,5.837575757575757,5.837575757575757,-0.2,108.50909090909089,76.71272727272729,28.8,27.26787878787879,-0.17
