coord_p_true_x,coord_p_true_y,radiusX_p_true,radiusY_p_true,theta_p_true,coord_i_true_x,coord_i_true_y,radiusX_i_true,radiusY_i_true,theta_i_true
112.04848484848486,75.1418181818182,6.07030303030303,6.07030303030303,-0.15,111.04969696969695,76.12121212121212,29.905454545454546,27.277575757575757,-0.22
