coord_p_true_x,coord_p_true_y,radiusX_p_true,radiusY_p_true,theta_p_true,coord_i_true_x,coord_i_true_y,radiusX_i_true,radiusY_i_true,theta_i_true
109.82787878787879,77.24606060606064,11.035151515151517,10.298181818181817,-0.1,110.1769696969697,77.82787878787879,24.69818181818182,24.59151515151515,-0.07
