coord_p_true_x,coord_p_true_y,radiusX_p_true,radiusY_p_true,theta_p_true,coord_i_true_x,coord_i_true_y,radiusX_i_true,radiusY_i_true,theta_i_true
116.30545454545455,77.48848484848487,9.493333333333332,8.775757575757577,-0.16,114.96727272727273,77.4690909090909,24.23272727272727,24.23272727272727,-0.02
