coord_p_true_x,coord_p_true_y,radiusX_p_true,radiusY_p_true,theta_p_true,coord_i_true_x,coord_i_true_y,radiusX_i_true,radiusY_i_true,theta_i_true
102.26424242424247,80.75636363636362,6.109090909090909,6.109090909090909,-0.31,102.70060606060603,81.90060606060604,22.225454545454546,22.225454545454546,-0.15
