coord_p_true_x,coord_p_true_y,radiusX_p_true,radiusY_p_true,theta_p_true,coord_i_true_x,coord_i_true_y,radiusX_i_true,radiusY_i_true,theta_i_true
92.66424242424243,71.50545454545455,8.814545454545454,8.814545454545454,-0.45,91.19030303030306,71.79636363636367,20.916363636363638,20.984242424242424,-0.43
