coord_p_true_x,coord_p_true_y,radiusX_p_true,radiusY_p_true,theta_p_true,coord_i_true_x,coord_i_true_y,radiusX_i_true,radiusY_i_true,theta_i_true
86.71999999999996,75.74303030303032,7.757575757575758,7.37939393939394,-0.38,86.74909090909095,73.56121212121214,21.255757575757578,21.255757575757578,2.83
