coord_p_true_x,coord_p_true_y,radiusX_p_true,radiusY_p_true,theta_p_true,coord_i_true_x,coord_i_true_y,radiusX_i_true,radiusY_i_true,theta_i_true
109.44969696969697,80.35878787878788,5.682424242424243,5.682424242424243,-0.13,107.24848484848488,82.04606060606062,22.642424242424244,22.642424242424244,0.04
