coord_p_true_x,coord_p_true_y,radiusX_p_true,radiusY_p_true,theta_p_true,coord_i_true_x,coord_i_true_y,radiusX_i_true,radiusY_i_true,theta_i_true
111.3309090909091,77.44969696969697,11.578181818181818,11.578181818181818,-0.06,110.4290909090909,77.30424242424245,22.070303030303034,22.070303030303034,-0.12
