coord_p_true_x,coord_p_true_y,radiusX_p_true,radiusY_p_true,theta_p_true,coord_i_true_x,coord_i_true_y,radiusX_i_true,radiusY_i_true,theta_i_true
117.71151515151514,76.66424242424243,6.73939393939394,6.574545454545455,0.0,116.79030303030304,77.66303030303028,23.932121212121213,23.932121212121213,-0.07
