coord_p_true_x,coord_p_true_y,radiusX_p_true,radiusY_p_true,theta_p_true,coord_i_true_x,coord_i_true_y,radiusX_i_true,radiusY_i_true,theta_i_true
118.80727272727272,76.56727272727271,6.904242424242424,6.458181818181819,-0.05,118.95272727272723,77.71151515151514,23.524848484848487,23.524848484848487,0.01
