coord_p_true_x,coord_p_true_y,radiusX_p_true,radiusY_p_true,theta_p_true,coord_i_true_x,coord_i_true_y,radiusX_i_true,radiusY_i_true,theta_i_true
112.7854545454545,78.86545454545453,10.86060606060606,10.57939393939394,-0.32,112.96969696969697,77.87636363636364,22.312727272727276,22.312727272727276,-0.08
