coord_p_true_x,coord_p_true_y,radiusX_p_true,radiusY_p_true,theta_p_true,coord_i_true_x,coord_i_true_y,radiusX_i_true,radiusY_i_true,theta_i_true
119.01090909090911,75.79151515151518,14.593939393939396,14.593939393939396,-0.16,119.0884848484848,75.87878787878788,24.833939393939396,24.833939393939396,-0.09
