coord_p_true_x,coord_p_true_y,radiusX_p_true,radiusY_p_true,theta_p_true,coord_i_true_x,coord_i_true_y,radiusX_i_true,radiusY_i_true,theta_i_true
111.93212121212122,74.33696969696972,14.535757575757577,14.535757575757577,-0.24,111.73818181818184,75.38424242424243,24.40727272727273,24.40727272727273,-0.05
