coord_p_true_x,coord_p_true_y,radiusX_p_true,radiusY_p_true,theta_p_true,coord_i_true_x,coord_i_true_y,radiusX_i_true,radiusY_i_true,theta_i_true
108.21818181818185,79.98060606060608,6.952727272727273,7.156363636363636,-0.13,111.06909090909087,81.16363636363636,23.67030303030303,23.67030303030303,-0.05
