coord_p_true_x,coord_p_true_y,radiusX_p_true,radiusY_p_true,theta_p_true,coord_i_true_x,coord_i_true_y,radiusX_i_true,radiusY_i_true,theta_i_true
119.75757575757576,75.45212121212121,11.27757575757576,11.27757575757576,-0.08,120.62060606060605,74.46303030303032,25.98787878787879,25.98787878787879,-0.06
