coord_p_true_x,coord_p_true_y,radiusX_p_true,radiusY_p_true,theta_p_true,coord_i_true_x,coord_i_true_y,radiusX_i_true,radiusY_i_true,theta_i_true
113.09575757575757,81.48363636363634,8.193939393939393,8.193939393939393,-0.17,113.09575757575757,83.66545454545452,23.835151515151516,23.835151515151516,0.09
