coord_p_true_x,coord_p_true_y,radiusX_p_true,radiusY_p_true,theta_p_true,coord_i_true_x,coord_i_true_y,radiusX_i_true,radiusY_i_true,theta_i_true
103.60242424242422,75.86909090909091,12.586666666666668,12.586666666666668,-0.2,102.83636363636366,77.29454545454544,25.473939393939393,25.473939393939393,-0.13
