coord_p_true_x,coord_p_true_y,radiusX_p_true,radiusY_p_true,theta_p_true,coord_i_true_x,coord_i_true_y,radiusX_i_true,radiusY_i_true,theta_i_true
99.42303030303027,78.64242424242427,13.042424242424243,12.80969696969697,-0.42,100.80000000000004,78.19636363636363,24.863030303030303,24.863030303030303,-0.2
