coord_p_true_x,coord_p_true_y,radiusX_p_true,radiusY_p_true,theta_p_true,coord_i_true_x,coord_i_true_y,radiusX_i_true,radiusY_i_true,theta_i_true
122.19151515151515,81.45454545454545,12.111515151515151,12.111515151515151,-0.09,122.03636363636366,82.93818181818179,23.96121212121212,23.96121212121212,0.07
