coord_p_true_x,coord_p_true_y,radiusX_p_true,radiusY_p_true,theta_p_true,coord_i_true_x,coord_i_true_y,radiusX_i_true,radiusY_i_true,theta_i_true
122.8606060606061,80.5430303030303,12.974545454545456,12.974545454545456,-0.28,124.16969696969693,80.72727272727273,25.095757575757574,25.095757575757574,0.07
