coord_p_true_x,coord_p_true_y,radiusX_p_true,radiusY_p_true,theta_p_true,coord_i_true_x,coord_i_true_y,radiusX_i_true,radiusY_i_true,theta_i_true
123.37454545454547,76.22787878787881,7.292121212121212,7.292121212121212,0.11,122.34666666666669,77.26545454545456,22.43878787878788,22.44848484848485,-0.09
