coord_p_true_x,coord_p_true_y,radiusX_p_true,radiusY_p_true,theta_p_true,coord_i_true_x,coord_i_true_y,radiusX_i_true,radiusY_i_true,theta_i_true
103.35030303030302,76.60606060606061,10.56,10.56,0.1,103.14666666666668,75.02545454545455,23.893333333333334,23.893333333333334,-0.15
