coord_p_true_x,coord_p_true_y,radiusX_p_true,radiusY_p_true,theta_p_true,coord_i_true_x,coord_i_true_y,radiusX_i_true,radiusY_i_true,theta_i_true
111.90303030303028,75.8981818181818,7.04969696969697,7.04969696969697,-0.25,112.11636363636364,73.81333333333335,22.855757575757575,22.855757575757575,-0.32
