coord_p_true_x,coord_p_true_y,radiusX_p_true,radiusY_p_true,theta_p_true,coord_i_true_x,coord_i_true_y,radiusX_i_true,radiusY_i_true,theta_i_true
105.18303030303034,79.06909090909093,11.015757575757576,10.783030303030303,0.0,103.82545454545459,79.2436363636364,23.098181818181818,23.098181818181818,-0.22
