coord_p_true_x,coord_p_true_y,radiusX_p_true,radiusY_p_true,theta_p_true,coord_i_true_x,coord_i_true_y,radiusX_i_true,radiusY_i_true,theta_i_true
129.59030303030303,79.43757575757577,9.638787878787879,9.638787878787879,0.8,126.45818181818184,81.18303030303034,23.098181818181818,23.098181818181818,0.13
