coord_p_true_x,coord_p_true_y,radiusX_p_true,radiusY_p_true,theta_p_true,coord_i_true_x,coord_i_true_y,radiusX_i_true,radiusY_i_true,theta_i_true
131.12242424242427,77.11999999999998,8.533333333333335,8.533333333333335,-0.29,128.9115151515152,80.74666666666666,26.734545454545454,26.734545454545454,-0.02
