coord_p_true_x,coord_p_true_y,radiusX_p_true,radiusY_p_true,theta_p_true,coord_i_true_x,coord_i_true_y,radiusX_i_true,radiusY_i_true,theta_i_true
115.83030303030303,74.47272727272728,7.621818181818182,7.621818181818182,-0.36,115.36484848484851,74.37575757575756,22.943030303030305,22.943030303030305,-0.17
