coord_p_true_x,coord_p_true_y,radiusX_p_true,radiusY_p_true,theta_p_true,coord_i_true_x,coord_i_true_y,radiusX_i_true,radiusY_i_true,theta_i_true
121.91030303030306,76.63515151515149,7.146666666666667,7.146666666666667,0.04,122.62787878787883,77.61454545454548,21.362424242424243,22.118787878787877,-0.15
