coord_p_true_x,coord_p_true_y,radiusX_p_true,radiusY_p_true,theta_p_true,coord_i_true_x,coord_i_true_y,radiusX_i_true,radiusY_i_true,theta_i_true
125.28484848484848,77.28484848484848,7.583030303030304,7.583030303030304,-0.05,125.39151515151515,77.70181818181818,23.098181818181818,23.098181818181818,0.07
