coord_p_true_x,coord_p_true_y,radiusX_p_true,radiusY_p_true,theta_p_true,coord_i_true_x,coord_i_true_y,radiusX_i_true,radiusY_i_true,theta_i_true
107.37454545454547,74.22060606060609,7.1854545454545455,7.1854545454545455,-0.16,107.05454545454543,71.66060606060604,22.535757575757575,22.535757575757575,-0.29
