coord_p_true_x,coord_p_true_y,radiusX_p_true,radiusY_p_true,theta_p_true,coord_i_true_x,coord_i_true_y,radiusX_i_true,radiusY_i_true,theta_i_true
117.73090909090907,75.83030303030303,7.427878787878789,7.282424242424242,0.12,119.10787878787883,76.96484848484849,24.475151515151513,24.475151515151513,-0.1
