coord_p_true_x,coord_p_true_y,radiusX_p_true,radiusY_p_true,theta_p_true,coord_i_true_x,coord_i_true_y,radiusX_i_true,radiusY_i_true,theta_i_true
116.84848484848486,74.9090909090909,7.738181818181819,7.573333333333333,0.08,115.4812121212121,74.57939393939397,25.347878787878788,25.347878787878788,-0.15
