coord_p_true_x,coord_p_true_y,radiusX_p_true,radiusY_p_true,theta_p_true,coord_i_true_x,coord_i_true_y,radiusX_i_true,radiusY_i_true,theta_i_true
119.83515151515151,77.5951515151515,7.7672727272727276,7.7672727272727276,-0.37,119.57333333333334,77.94424242424242,23.311515151515152,23.311515151515152,-0.29
