coord_p_true_x,coord_p_true_y,radiusX_p_true,radiusY_p_true,theta_p_true,coord_i_true_x,coord_i_true_y,radiusX_i_true,radiusY_i_true,theta_i_true
132.00484848484848,78.16727272727275,7.117575757575757,7.117575757575757,0.14,133.11999999999998,79.03999999999999,20.974545454545453,20.974545454545453,0.03
