coord_p_true_x,coord_p_true_y,radiusX_p_true,radiusY_p_true,theta_p_true,coord_i_true_x,coord_i_true_y,radiusX_i_true,radiusY_i_true,theta_i_true
111.23393939393944,80.71757575757577,11.248484848484848,11.248484848484848,0.01,112.03878787878784,80.23272727272729,24.42666666666667,24.42666666666667,0.0
