coord_p_true_x,coord_p_true_y,radiusX_p_true,radiusY_p_true,theta_p_true,coord_i_true_x,coord_i_true_y,radiusX_i_true,radiusY_i_true,theta_i_true
109.61454545454548,78.72000000000001,11.587878787878788,11.587878787878788,-0.02,108.66424242424243,79.7478787878788,23.951515151515153,23.951515151515153,-0.04
