coord_p_true_x,coord_p_true_y,radiusX_p_true,radiusY_p_true,theta_p_true,coord_i_true_x,coord_i_true_y,radiusX_i_true,radiusY_i_true,theta_i_true
114.08484848484846,77.02303030303031,13.052121212121213,13.052121212121213,-0.14,113.1539393939394,77.87636363636364,23.76727272727273,23.76727272727273,-0.15
