coord_p_true_x,coord_p_true_y,radiusX_p_true,radiusY_p_true,theta_p_true,coord_i_true_x,coord_i_true_y,radiusX_i_true,radiusY_i_true,theta_i_true
98.3660606060606,80.8339393939394,9.33818181818182,9.33818181818182,0.07,96.93090909090907,80.5042424242424,29.546666666666667,29.546666666666667,0.0
