coord_p_true_x,coord_p_true_y,radiusX_p_true,radiusY_p_true,theta_p_true,coord_i_true_x,coord_i_true_y,radiusX_i_true,radiusY_i_true,theta_i_true
105.43515151515153,82.56969696969695,9.629090909090909,9.629090909090909,0.13,106.27878787878791,82.46303030303032,29.032727272727275,29.032727272727275,-0.27
