coord_p_true_x,coord_p_true_y,radiusX_p_true,radiusY_p_true,theta_p_true,coord_i_true_x,coord_i_true_y,radiusX_i_true,radiusY_i_true,theta_i_true
109.32363636363638,79.03999999999999,6.846060606060606,6.846060606060606,-0.21,111.05939393939391,78.8848484848485,32.155151515151516,32.155151515151516,-0.1
