coord_p_true_x,coord_p_true_y,radiusX_p_true,radiusY_p_true,theta_p_true,coord_i_true_x,coord_i_true_y,radiusX_i_true,radiusY_i_true,theta_i_true
118.25454545454551,76.54787878787879,14.458181818181819,14.458181818181819,-0.26,118.72969696969703,77.83757575757575,24.44606060606061,24.44606060606061,-0.09
