coord_p_true_x,coord_p_true_y,radiusX_p_true,radiusY_p_true,theta_p_true,coord_i_true_x,coord_i_true_y,radiusX_i_true,radiusY_i_true,theta_i_true
90.89939393939395,80.0387878787879,6.215757575757576,6.215757575757576,-0.19,93.13939393939395,79.05939393939391,27.48121212121212,27.94666666666667,-3.13
