coord_p_true_x,coord_p_true_y,radiusX_p_true,radiusY_p_true,theta_p_true,coord_i_true_x,coord_i_true_y,radiusX_i_true,radiusY_i_true,theta_i_true
118.1381818181818,72.21333333333337,9.037575757575759,9.037575757575759,-0.36,116.49939393939393,73.50303030303031,24.252121212121214,24.252121212121214,-0.09
