coord_p_true_x,coord_p_true_y,radiusX_p_true,radiusY_p_true,theta_p_true,coord_i_true_x,coord_i_true_y,radiusX_i_true,radiusY_i_true,theta_i_true
116.37333333333333,72.87272727272725,9.415757575757576,9.415757575757576,-0.35,117.82787878787879,73.59999999999998,25.086060606060606,25.086060606060606,-0.18
