coord_p_true_x,coord_p_true_y,radiusX_p_true,radiusY_p_true,theta_p_true,coord_i_true_x,coord_i_true_y,radiusX_i_true,radiusY_i_true,theta_i_true
118.15757575757578,79.27272727272728,14.943030303030303,14.943030303030303,0.18,118.69090909090907,79.27272727272728,28.49939393939394,28.49939393939394,-0.05
