coord_p_true_x,coord_p_true_y,radiusX_p_true,radiusY_p_true,theta_p_true,coord_i_true_x,coord_i_true_y,radiusX_i_true,radiusY_i_true,theta_i_true
118.10909090909092,81.90060606060604,17.23151515151515,17.23151515151515,-0.06,119.00121212121215,79.72848484848488,29.323636363636364,29.323636363636364,0.02
