coord_p_true_x,coord_p_true_y,radiusX_p_true,radiusY_p_true,theta_p_true,coord_i_true_x,coord_i_true_y,radiusX_i_true,radiusY_i_true,theta_i_true
115.3163636363636,74.7636363636364,8.533333333333335,8.533333333333335,-0.32,115.39393939393939,76.31515151515151,25.551515151515154,25.551515151515154,-0.13
