coord_p_true_x,coord_p_true_y,radiusX_p_true,radiusY_p_true,theta_p_true,coord_i_true_x,coord_i_true_y,radiusX_i_true,radiusY_i_true,theta_i_true
113.3187878787879,74.08484848484846,7.893333333333334,7.893333333333334,-0.21,113.39636363636363,75.8981818181818,25.764848484848486,25.764848484848486,-0.11
