coord_p_true_x,coord_p_true_y,radiusX_p_true,radiusY_p_true,theta_p_true,coord_i_true_x,coord_i_true_y,radiusX_i_true,radiusY_i_true,theta_i_true
111.47636363636367,84.34424242424244,5.827878787878788,5.827878787878788,-0.03,112.17454545454541,84.68363636363635,22.884848484848487,22.884848484848487,-0.07
