coord_p_true_x,coord_p_true_y,radiusX_p_true,radiusY_p_true,theta_p_true,coord_i_true_x,coord_i_true_y,radiusX_i_true,radiusY_i_true,theta_i_true
113.54181818181816,83.12242424242427,5.469090909090909,5.469090909090909,0.01,112.55272727272727,83.87878787878788,23.156363636363636,23.156363636363636,-0.07
