coord_p_true_x,coord_p_true_y,radiusX_p_true,radiusY_p_true,theta_p_true,coord_i_true_x,coord_i_true_y,radiusX_i_true,radiusY_i_true,theta_i_true
129.63878787878792,72.20363636363635,8.581818181818182,8.581818181818182,1.03,128.5624242424243,75.92727272727274,12.092121212121214,20.809696969696972,-0.04
