coord_p_true_x,coord_p_true_y,radiusX_p_true,radiusY_p_true,theta_p_true,coord_i_true_x,coord_i_true_y,radiusX_i_true,radiusY_i_true,theta_i_true
111.12727272727275,77.43030303030305,13.983030303030302,13.983030303030302,-0.22,110.48727272727272,79.34060606060605,24.863030303030303,24.504242424242424,-0.1
