coord_p_true_x,coord_p_true_y,radiusX_p_true,radiusY_p_true,theta_p_true,coord_i_true_x,coord_i_true_y,radiusX_i_true,radiusY_i_true,theta_i_true
108.26666666666665,77.7212121212121,8.911515151515152,8.911515151515152,0.06,108.90666666666662,77.5078787878788,30.535757575757575,30.535757575757575,-0.05
