coord_p_true_x,coord_p_true_y,radiusX_p_true,radiusY_p_true,theta_p_true,coord_i_true_x,coord_i_true_y,radiusX_i_true,radiusY_i_true,theta_i_true
107.3066666666667,75.21939393939394,7.1854545454545455,7.1854545454545455,0.17,107.08363636363637,74.33696969696972,29.449696969696973,29.449696969696973,0.01
