coord_p_true_x,coord_p_true_y,radiusX_p_true,radiusY_p_true,theta_p_true,coord_i_true_x,coord_i_true_y,radiusX_i_true,radiusY_i_true,theta_i_true
107.16121212121212,78.63272727272725,13.973333333333334,13.973333333333334,-0.08,108.24727272727273,79.80606060606063,25.667878787878788,25.667878787878788,-0.07
