coord_p_true_x,coord_p_true_y,radiusX_p_true,radiusY_p_true,theta_p_true,coord_i_true_x,coord_i_true_y,radiusX_i_true,radiusY_i_true,theta_i_true
137.28969696969696,74.43393939393938,9.483636363636363,9.483636363636363,1.02,142.9333333333333,76.25696969696969,21.663030303030304,23.330909090909092,0.47
