coord_p_true_x,coord_p_true_y,radiusX_p_true,radiusY_p_true,theta_p_true,coord_i_true_x,coord_i_true_y,radiusX_i_true,radiusY_i_true,theta_i_true
115.09333333333339,70.96242424242425,9.687272727272727,9.687272727272727,0.49,115.35515151515155,72.30060606060607,20.625454545454545,20.625454545454545,0.02
