coord_p_true_x,coord_p_true_y,radiusX_p_true,radiusY_p_true,theta_p_true,coord_i_true_x,coord_i_true_y,radiusX_i_true,radiusY_i_true,theta_i_true
119.89333333333332,72.36848484848484,9.65818181818182,9.65818181818182,0.74,118.50666666666665,72.90181818181819,20.247272727272726,20.247272727272726,0.42
