coord_p_true_x,coord_p_true_y,radiusX_p_true,radiusY_p_true,theta_p_true,coord_i_true_x,coord_i_true_y,radiusX_i_true,radiusY_i_true,theta_i_true
112.96000000000001,76.72242424242425,14.574545454545454,14.574545454545454,0.95,111.35999999999999,77.33333333333333,28.673939393939396,28.673939393939396,0.33
