coord_p_true_x,coord_p_true_y,radiusX_p_true,radiusY_p_true,theta_p_true,coord_i_true_x,coord_i_true_y,radiusX_i_true,radiusY_i_true,theta_i_true
105.83272727272727,75.1030303030303,13.924848484848484,13.924848484848484,0.96,106.28848484848487,75.35515151515149,29.11030303030303,29.11030303030303,0.11
