coord_p_true_x,coord_p_true_y,radiusX_p_true,radiusY_p_true,theta_p_true,coord_i_true_x,coord_i_true_y,radiusX_i_true,radiusY_i_true,theta_i_true
106.64727272727275,76.03393939393942,9.861818181818181,9.861818181818181,1.46,106.95757575757571,76.24727272727273,28.974545454545453,28.974545454545453,-0.04
