coord_p_true_x,coord_p_true_y,radiusX_p_true,radiusY_p_true,theta_p_true,coord_i_true_x,coord_i_true_y,radiusX_i_true,radiusY_i_true,theta_i_true
109.76969696969702,76.88727272727274,6.225454545454546,6.225454545454546,0.94,110.5066666666667,77.129696969697,21.226666666666667,21.226666666666667,0.01
