coord_p_true_x,coord_p_true_y,radiusX_p_true,radiusY_p_true,theta_p_true,coord_i_true_x,coord_i_true_y,radiusX_i_true,radiusY_i_true,theta_i_true
106.87030303030302,76.08242424242422,9.667878787878788,9.667878787878788,1.05,105.04727272727271,76.39272727272724,29.323636363636364,29.323636363636364,0.07
