coord_p_true_x,coord_p_true_y,radiusX_p_true,radiusY_p_true,theta_p_true,coord_i_true_x,coord_i_true_y,radiusX_i_true,radiusY_i_true,theta_i_true
112.20363636363635,77.41090909090907,7.7284848484848485,7.7284848484848485,0.9,109.60484848484846,76.03393939393942,20.926060606060606,20.926060606060606,0.24
