coord_p_true_x,coord_p_true_y,radiusX_p_true,radiusY_p_true,theta_p_true,coord_i_true_x,coord_i_true_y,radiusX_i_true,radiusY_i_true,theta_i_true
109.33333333333334,75.05454545454543,7.098181818181819,7.098181818181819,0.87,109.01333333333329,76.15030303030301,23.321212121212124,22.952727272727277,0.37
