coord_p_true_x,coord_p_true_y,radiusX_p_true,radiusY_p_true,theta_p_true,coord_i_true_x,coord_i_true_y,radiusX_i_true,radiusY_i_true,theta_i_true
107.34545454545454,75.75272727272728,6.875151515151515,6.875151515151515,0.79,106.4533333333333,75.52,24.06787878787879,24.03878787878788,0.17
