coord_p_true_x,coord_p_true_y,radiusX_p_true,radiusY_p_true,theta_p_true,coord_i_true_x,coord_i_true_y,radiusX_i_true,radiusY_i_true,theta_i_true
102.11878787878788,75.31636363636365,8.058181818181819,8.058181818181819,0.94,100.41212121212122,77.99272727272728,23.204848484848487,23.204848484848487,0.03
