coord_p_true_x,coord_p_true_y,radiusX_p_true,radiusY_p_true,theta_p_true,coord_i_true_x,coord_i_true_y,radiusX_i_true,radiusY_i_true,theta_i_true
102.92363636363635,76.26666666666665,9.037575757575759,9.037575757575759,0.98,102.73939393939399,77.03272727272727,24.436363636363637,24.436363636363637,0.18
