coord_p_true_x,coord_p_true_y,radiusX_p_true,radiusY_p_true,theta_p_true,coord_i_true_x,coord_i_true_y,radiusX_i_true,radiusY_i_true,theta_i_true
116.16000000000003,79.06909090909093,12.955151515151515,12.955151515151515,1.0,116.36363636363637,78.58424242424245,24.824242424242428,24.824242424242428,0.57
