coord_p_true_x,coord_p_true_y,radiusX_p_true,radiusY_p_true,theta_p_true,coord_i_true_x,coord_i_true_y,radiusX_i_true,radiusY_i_true,theta_i_true
117.48848484848482,80.39757575757578,13.362424242424241,13.362424242424241,0.64,118.19636363636363,77.19757575757578,24.66909090909091,24.66909090909091,0.25
