coord_p_true_x,coord_p_true_y,radiusX_p_true,radiusY_p_true,theta_p_true,coord_i_true_x,coord_i_true_y,radiusX_i_true,radiusY_i_true,theta_i_true
109.81818181818183,73.56121212121214,6.050909090909092,6.050909090909092,0.6,108.11151515151516,73.85212121212123,22.099393939393938,22.632727272727273,-0.07
