coord_p_true_x,coord_p_true_y,radiusX_p_true,radiusY_p_true,theta_p_true,coord_i_true_x,coord_i_true_y,radiusX_i_true,radiusY_i_true,theta_i_true
117.05212121212125,76.0630303030303,7.350303030303031,7.350303030303031,0.71,118.29333333333335,75.84969696969699,22.021818181818183,22.021818181818183,-3.06
