coord_p_true_x,coord_p_true_y,radiusX_p_true,radiusY_p_true,theta_p_true,coord_i_true_x,coord_i_true_y,radiusX_i_true,radiusY_i_true,theta_i_true
121.9490909090909,73.50303030303031,18.104242424242425,18.104242424242425,0.58,121.71636363636362,72.98909090909089,29.236363636363635,29.236363636363635,0.34
