coord_p_true_x,coord_p_true_y,radiusX_p_true,radiusY_p_true,theta_p_true,coord_i_true_x,coord_i_true_y,radiusX_i_true,radiusY_i_true,theta_i_true
121.25090909090912,75.43272727272729,13.47878787878788,13.372121212121211,0.72,122.09454545454548,76.04363636363638,27.713939393939395,27.713939393939395,0.46
