coord_p_true_x,coord_p_true_y,radiusX_p_true,radiusY_p_true,theta_p_true,coord_i_true_x,coord_i_true_y,radiusX_i_true,radiusY_i_true,theta_i_true
112.59151515151517,80.46545454545456,9.774545454545455,9.774545454545455,1.02,113.59999999999998,80.07757575757574,22.312727272727276,22.312727272727276,0.09
