coord_p_true_x,coord_p_true_y,radiusX_p_true,radiusY_p_true,theta_p_true,coord_i_true_x,coord_i_true_y,radiusX_i_true,radiusY_i_true,theta_i_true
108.17939393939395,81.54181818181816,9.706666666666667,9.706666666666667,1.2,107.90787878787876,81.49333333333335,21.76,21.76,0.08
