coord_p_true_x,coord_p_true_y,radiusX_p_true,radiusY_p_true,theta_p_true,coord_i_true_x,coord_i_true_y,radiusX_i_true,radiusY_i_true,theta_i_true
117.26545454545456,79.99030303030304,6.593939393939394,6.593939393939394,1.12,115.40363636363635,81.03757575757575,23.76727272727273,23.76727272727273,0.73
