coord_p_true_x,coord_p_true_y,radiusX_p_true,radiusY_p_true,theta_p_true,coord_i_true_x,coord_i_true_y,radiusX_i_true,radiusY_i_true,theta_i_true
112.55272727272732,77.7212121212121,5.663030303030303,5.663030303030303,0.96,114.8121212121212,79.23393939393938,24.581818181818186,24.581818181818186,0.51
