coord_p_true_x,coord_p_true_y,radiusX_p_true,radiusY_p_true,theta_p_true,coord_i_true_x,coord_i_true_y,radiusX_i_true,radiusY_i_true,theta_i_true
111.99030303030304,74.31757575757575,10.521212121212121,10.521212121212121,0.85,113.15393939393945,74.78303030303032,25.551515151515154,25.92,0.16
