coord_p_true_x,coord_p_true_y,radiusX_p_true,radiusY_p_true,theta_p_true,coord_i_true_x,coord_i_true_y,radiusX_i_true,radiusY_i_true,theta_i_true
115.70424242424242,78.50666666666665,10.24969696969697,10.24969696969697,0.86,112.97939393939393,77.22666666666666,26.492121212121212,26.492121212121212,0.1
