coord_p_true_x,coord_p_true_y,radiusX_p_true,radiusY_p_true,theta_p_true,coord_i_true_x,coord_i_true_y,radiusX_i_true,radiusY_i_true,theta_i_true
109.86666666666663,78.0509090909091,10.540606060606061,10.540606060606061,0.68,110.06060606060606,77.96363636363634,26.065454545454546,26.065454545454546,0.04
