coord_p_true_x,coord_p_true_y,radiusX_p_true,radiusY_p_true,theta_p_true,coord_i_true_x,coord_i_true_y,radiusX_i_true,radiusY_i_true,theta_i_true
115.1030303030303,75.85939393939395,11.80121212121212,11.80121212121212,0.92,114.43393939393938,76.43151515151514,25.03757575757576,24.96,0.33
