coord_p_true_x,coord_p_true_y,radiusX_p_true,radiusY_p_true,theta_p_true,coord_i_true_x,coord_i_true_y,radiusX_i_true,radiusY_i_true,theta_i_true
106.34666666666668,78.89454545454547,7.350303030303031,7.350303030303031,0.76,103.78666666666665,80.39757575757578,25.095757575757574,25.493333333333332,0.14
