coord_p_true_x,coord_p_true_y,radiusX_p_true,radiusY_p_true,theta_p_true,coord_i_true_x,coord_i_true_y,radiusX_i_true,radiusY_i_true,theta_i_true
111.03030303030303,80.69818181818185,7.195151515151515,7.195151515151515,0.78,112.54303030303025,79.37939393939395,22.933333333333334,22.933333333333334,0.38
