coord_p_true_x,coord_p_true_y,radiusX_p_true,radiusY_p_true,theta_p_true,coord_i_true_x,coord_i_true_y,radiusX_i_true,radiusY_i_true,theta_i_true
117.50787878787874,78.83636363636364,7.534545454545454,7.534545454545454,0.77,119.4181818181818,79.34060606060605,25.60969696969697,25.60969696969697,0.12
