coord_p_true_x,coord_p_true_y,radiusX_p_true,radiusY_p_true,theta_p_true,coord_i_true_x,coord_i_true_y,radiusX_i_true,radiusY_i_true,theta_i_true
117.5466666666667,80.64000000000003,6.836363636363636,6.836363636363636,0.95,115.32606060606062,78.8848484848485,22.76848484848485,22.76848484848485,0.56
