coord_p_true_x,coord_p_true_y,radiusX_p_true,radiusY_p_true,theta_p_true,coord_i_true_x,coord_i_true_y,radiusX_i_true,radiusY_i_true,theta_i_true
113.33818181818182,78.47757575757576,16.795151515151517,16.795151515151517,0.03,113.30909090909094,78.94303030303033,29.265454545454546,29.265454545454546,-0.09
