coord_p_true_x,coord_p_true_y,radiusX_p_true,radiusY_p_true,theta_p_true,coord_i_true_x,coord_i_true_y,radiusX_i_true,radiusY_i_true,theta_i_true
113.33818181818182,79.86424242424243,17.153939393939396,17.153939393939396,0.03,114.17212121212123,79.50545454545455,29.663030303030304,29.663030303030304,-0.03
