coord_p_true_x,coord_p_true_y,radiusX_p_true,radiusY_p_true,theta_p_true,coord_i_true_x,coord_i_true_y,radiusX_i_true,radiusY_i_true,theta_i_true
105.66787878787882,76.21818181818185,11.86909090909091,11.86909090909091,-0.18,107.0642424242424,77.87636363636364,23.40848484848485,23.40848484848485,-0.22
