coord_p_true_x,coord_p_true_y,radiusX_p_true,radiusY_p_true,theta_p_true,coord_i_true_x,coord_i_true_y,radiusX_i_true,radiusY_i_true,theta_i_true
97.5321212121212,76.34424242424244,12.082424242424244,12.673939393939394,0.06,98.30787878787879,76.56727272727271,24.00969696969697,22.506666666666668,-2.86
