coord_p_true_x,coord_p_true_y,radiusX_p_true,radiusY_p_true,theta_p_true,coord_i_true_x,coord_i_true_y,radiusX_i_true,radiusY_i_true,theta_i_true
112.06787878787884,80.80484848484848,6.380606060606061,6.380606060606061,0.1,114.42424242424242,81.1151515151515,33.10545454545455,33.10545454545455,0.0
