coord_p_true_x,coord_p_true_y,radiusX_p_true,radiusY_p_true,theta_p_true,coord_i_true_x,coord_i_true_y,radiusX_i_true,radiusY_i_true,theta_i_true
113.76484848484849,77.16848484848484,7.37939393939394,7.37939393939394,0.0,115.3066666666667,78.59393939393941,33.26060606060606,33.26060606060606,-0.13
