coord_p_true_x,coord_p_true_y,radiusX_p_true,radiusY_p_true,theta_p_true,coord_i_true_x,coord_i_true_y,radiusX_i_true,radiusY_i_true,theta_i_true
99.15151515151516,76.27636363636367,6.913939393939394,6.913939393939394,-0.15,101.22666666666666,79.2921212121212,21.585454545454546,21.585454545454546,-0.25
