coord_p_true_x,coord_p_true_y,radiusX_p_true,radiusY_p_true,theta_p_true,coord_i_true_x,coord_i_true_y,radiusX_i_true,radiusY_i_true,theta_i_true
114.88000000000002,86.3321212121212,7.8545454545454545,7.8545454545454545,0.02,116.66424242424237,87.22424242424242,20.75151515151515,20.75151515151515,0.01
