coord_p_true_x,coord_p_true_y,radiusX_p_true,radiusY_p_true,theta_p_true,coord_i_true_x,coord_i_true_y,radiusX_i_true,radiusY_i_true,theta_i_true
106.70545454545457,75.6848484848485,6.206060606060607,6.206060606060607,-0.28,104.93090909090907,77.78909090909094,21.49818181818182,21.49818181818182,0.03
