coord_p_true_x,coord_p_true_y,radiusX_p_true,radiusY_p_true,theta_p_true,coord_i_true_x,coord_i_true_y,radiusX_i_true,radiusY_i_true,theta_i_true
112.17454545454541,73.31878787878789,12.286060606060607,12.286060606060607,-0.26,112.77575757575754,75.21939393939394,25.62909090909091,25.62909090909091,0.01
