coord_p_true_x,coord_p_true_y,radiusX_p_true,radiusY_p_true,theta_p_true,coord_i_true_x,coord_i_true_y,radiusX_i_true,radiusY_i_true,theta_i_true
109.23636363636362,73.67757575757578,13.304242424242425,13.304242424242425,-0.4,108.90666666666667,74.08484848484846,26.51151515151515,26.51151515151515,-0.2
