coord_p_true_x,coord_p_true_y,radiusX_p_true,radiusY_p_true,theta_p_true,coord_i_true_x,coord_i_true_y,radiusX_i_true,radiusY_i_true,theta_i_true
115.25818181818184,73.75515151515152,5.362424242424243,5.362424242424243,-0.03,115.32606060606057,74.84121212121212,23.330909090909092,23.330909090909092,-0.15
