coord_p_true_x,coord_p_true_y,radiusX_p_true,radiusY_p_true,theta_p_true,coord_i_true_x,coord_i_true_y,radiusX_i_true,radiusY_i_true,theta_i_true
117.32363636363638,74.4921212121212,8.562424242424242,8.562424242424242,-0.19,115.92727272727274,75.88848484848484,24.30060606060606,24.30060606060606,-0.13
