coord_p_true_x,coord_p_true_y,radiusX_p_true,radiusY_p_true,theta_p_true,coord_i_true_x,coord_i_true_y,radiusX_i_true,radiusY_i_true,theta_i_true
117.14909090909086,77.29454545454544,8.940606060606061,8.940606060606061,-0.17,118.59393939393935,76.42181818181818,24.581818181818186,24.581818181818186,-0.08
