coord_p_true_x,coord_p_true_y,radiusX_p_true,radiusY_p_true,theta_p_true,coord_i_true_x,coord_i_true_y,radiusX_i_true,radiusY_i_true,theta_i_true
118.09939393939396,75.8981818181818,5.546666666666667,5.546666666666667,0.26,116.99393939393937,76.04363636363638,23.612121212121213,23.844848484848484,-0.05
