coord_p_true_x,coord_p_true_y,radiusX_p_true,radiusY_p_true,theta_p_true,coord_i_true_x,coord_i_true_y,radiusX_i_true,radiusY_i_true,theta_i_true
107.83030303030307,76.49939393939393,13.081212121212122,13.081212121212122,0.93,107.98545454545456,77.24606060606064,23.204848484848487,23.204848484848487,0.28
