coord_p_true_x,coord_p_true_y,radiusX_p_true,radiusY_p_true,theta_p_true,coord_i_true_x,coord_i_true_y,radiusX_i_true,radiusY_i_true,theta_i_true
116.37333333333333,77.27515151515152,14.545454545454547,14.545454545454547,0.82,115.85939393939395,77.58545454545454,23.36,23.36,0.19
