coord_p_true_x,coord_p_true_y,radiusX_p_true,radiusY_p_true,theta_p_true,coord_i_true_x,coord_i_true_y,radiusX_i_true,radiusY_i_true,theta_i_true
105.84242424242423,73.43515151515153,8.038787878787879,8.038787878787879,0.81,105.14424242424244,72.85333333333332,24.921212121212122,24.921212121212122,3.02
