coord_p_true_x,coord_p_true_y,radiusX_p_true,radiusY_p_true,theta_p_true,coord_i_true_x,coord_i_true_y,radiusX_i_true,radiusY_i_true,theta_i_true
107.74303030303032,74.58909090909093,6.943030303030303,6.943030303030303,0.87,108.0242424242424,74.32727272727271,23.524848484848487,23.524848484848487,3.14
