coord_p_true_x,coord_p_true_y,radiusX_p_true,radiusY_p_true,theta_p_true,coord_i_true_x,coord_i_true_y,radiusX_i_true,radiusY_i_true,theta_i_true
115.70424242424242,76.11151515151516,7.195151515151515,7.195151515151515,0.73,115.76242424242425,78.45818181818184,26.24,24.106666666666666,0.17
