coord_p_true_x,coord_p_true_y,radiusX_p_true,radiusY_p_true,theta_p_true,coord_i_true_x,coord_i_true_y,radiusX_i_true,radiusY_i_true,theta_i_true
117.48848484848482,76.25696969696969,7.127272727272727,7.127272727272727,1.05,117.49818181818178,76.60606060606061,24.96,25.493333333333332,-3.12
