coord_p_true_x,coord_p_true_y,radiusX_p_true,radiusY_p_true,theta_p_true,coord_i_true_x,coord_i_true_y,radiusX_i_true,radiusY_i_true,theta_i_true
115.29696969696968,78.50666666666665,7.495757575757576,7.495757575757576,0.64,113.84242424242423,80.63030303030301,24.70787878787879,24.70787878787879,0.12
