coord_p_true_x,coord_p_true_y,radiusX_p_true,radiusY_p_true,theta_p_true,coord_i_true_x,coord_i_true_y,radiusX_i_true,radiusY_i_true,theta_i_true
103.38909090909091,74.03636363636366,10.802424242424243,10.802424242424243,0.5,104.56242424242429,76.23757575757577,20.431515151515153,20.431515151515153,-0.07
