coord_p_true_x,coord_p_true_y,radiusX_p_true,radiusY_p_true,theta_p_true,coord_i_true_x,coord_i_true_y,radiusX_i_true,radiusY_i_true,theta_i_true
113.86181818181815,77.64363636363636,8.504242424242424,8.504242424242424,0.56,116.8387878787879,78.02181818181816,24.96,24.96,-2.94
