coord_p_true_x,coord_p_true_y,radiusX_p_true,radiusY_p_true,theta_p_true,coord_i_true_x,coord_i_true_y,radiusX_i_true,radiusY_i_true,theta_i_true
108.25696969696969,73.37696969696971,7.6896969696969695,7.6896969696969695,0.95,109.73090909090907,74.4048484848485,26.86060606060606,26.86060606060606,0.27
