coord_p_true_x,coord_p_true_y,radiusX_p_true,radiusY_p_true,theta_p_true,coord_i_true_x,coord_i_true_y,radiusX_i_true,radiusY_i_true,theta_i_true
110.97212121212121,77.69212121212122,9.55151515151515,9.55151515151515,0.82,110.51636363636366,76.55757575757575,21.624242424242425,21.624242424242425,0.23
