coord_p_true_x,coord_p_true_y,radiusX_p_true,radiusY_p_true,theta_p_true,coord_i_true_x,coord_i_true_y,radiusX_i_true,radiusY_i_true,theta_i_true
113.67757575757578,71.43757575757577,7.961212121212122,7.961212121212122,0.96,111.68000000000002,72.01939393939392,26.637575757575757,26.637575757575757,0.22
