coord_p_true_x,coord_p_true_y,radiusX_p_true,radiusY_p_true,theta_p_true,coord_i_true_x,coord_i_true_y,radiusX_i_true,radiusY_i_true,theta_i_true
120.81454545454544,72.51393939393937,7.263030303030304,7.263030303030304,0.09,119.75757575757576,72.7757575757576,23.78666666666667,23.78666666666667,-0.16
