coord_p_true_x,coord_p_true_y,radiusX_p_true,radiusY_p_true,theta_p_true,coord_i_true_x,coord_i_true_y,radiusX_i_true,radiusY_i_true,theta_i_true
121.92000000000002,74.00727272727272,7.175757575757577,7.175757575757577,-0.27,122.87030303030306,75.70424242424242,26.93818181818182,26.93818181818182,-0.1
