coord_p_true_x,coord_p_true_y,radiusX_p_true,radiusY_p_true,theta_p_true,coord_i_true_x,coord_i_true_y,radiusX_i_true,radiusY_i_true,theta_i_true
107.21939393939394,72.46545454545456,11.21939393939394,11.21939393939394,-0.45,105.74545454545456,72.99878787878785,28.315151515151516,28.315151515151516,-0.43
