coord_p_true_x,coord_p_true_y,radiusX_p_true,radiusY_p_true,theta_p_true,coord_i_true_x,coord_i_true_y,radiusX_i_true,radiusY_i_true,theta_i_true
112.21333333333337,75.42303030303027,11.238787878787878,11.238787878787878,-0.01,112.49454545454545,74.26909090909089,26.22060606060606,26.22060606060606,-0.07
