coord_p_true_x,coord_p_true_y,radiusX_p_true,radiusY_p_true,theta_p_true,coord_i_true_x,coord_i_true_y,radiusX_i_true,radiusY_i_true,theta_i_true
107.1418181818182,74.4048484848485,11.655757575757576,11.655757575757576,-0.26,108.13090909090909,74.13333333333333,27.490909090909092,27.490909090909092,-0.26
