coord_p_true_x,coord_p_true_y,radiusX_p_true,radiusY_p_true,theta_p_true,coord_i_true_x,coord_i_true_y,radiusX_i_true,radiusY_i_true,theta_i_true
122.46303030303027,76.01454545454544,10.404848484848486,10.404848484848486,-0.16,120.94060606060609,78.80727272727272,25.27030303030303,25.27030303030303,0.03
