coord_p_true_x,coord_p_true_y,radiusX_p_true,radiusY_p_true,theta_p_true,coord_i_true_x,coord_i_true_y,radiusX_i_true,radiusY_i_true,theta_i_true
105.13454545454542,82.24969696969697,8.484848484848484,8.484848484848484,0.3,106.95757575757571,82.25939393939393,25.444848484848485,25.62909090909091,3.1
