coord_p_true_x,coord_p_true_y,radiusX_p_true,radiusY_p_true,theta_p_true,coord_i_true_x,coord_i_true_y,radiusX_i_true,radiusY_i_true,theta_i_true
102.50666666666665,78.4290909090909,7.796363636363636,7.796363636363636,0.45,101.30424242424246,79.17575757575756,27.675151515151516,27.675151515151516,-0.06
