coord_p_true_x,coord_p_true_y,radiusX_p_true,radiusY_p_true,theta_p_true,coord_i_true_x,coord_i_true_y,radiusX_i_true,radiusY_i_true,theta_i_true
101.7987878787879,78.47757575757576,11.093333333333334,11.093333333333334,0.08,101.26545454545456,77.8860606060606,20.11151515151515,20.11151515151515,0.08
