coord_p_true_x,coord_p_true_y,radiusX_p_true,radiusY_p_true,theta_p_true,coord_i_true_x,coord_i_true_y,radiusX_i_true,radiusY_i_true,theta_i_true
94.55515151515151,78.64242424242427,9.764848484848486,9.764848484848486,-0.11,94.30303030303031,78.1769696969697,20.654545454545456,20.654545454545456,-0.19
