coord_p_true_x,coord_p_true_y,radiusX_p_true,radiusY_p_true,theta_p_true,coord_i_true_x,coord_i_true_y,radiusX_i_true,radiusY_i_true,theta_i_true
120.76606060606058,75.73333333333336,8.184242424242424,8.184242424242424,0.17,122.55030303030303,76.82909090909092,26.143030303030304,26.143030303030304,-0.01
