coord_p_true_x,coord_p_true_y,radiusX_p_true,radiusY_p_true,theta_p_true,coord_i_true_x,coord_i_true_y,radiusX_i_true,radiusY_i_true,theta_i_true
120.82424242424246,75.76242424242425,6.952727272727273,6.952727272727273,0.07,119.06909090909093,75.98545454545456,25.473939393939393,25.561212121212122,0.04
