coord_p_true_x,coord_p_true_y,radiusX_p_true,radiusY_p_true,theta_p_true,coord_i_true_x,coord_i_true_y,radiusX_i_true,radiusY_i_true,theta_i_true
111.5442424242424,69.43030303030305,7.408484848484848,7.175757575757577,-0.18,109.94424242424242,71.09818181818181,26.802424242424244,26.802424242424244,-0.32
