coord_p_true_x,coord_p_true_y,radiusX_p_true,radiusY_p_true,theta_p_true,coord_i_true_x,coord_i_true_y,radiusX_i_true,radiusY_i_true,theta_i_true
114.93818181818179,70.36121212121212,8.455757575757577,8.223030303030304,-0.28,116.51878787878785,72.74666666666666,27.229090909090907,27.229090909090907,-0.12
