coord_p_true_x,coord_p_true_y,radiusX_p_true,radiusY_p_true,theta_p_true,coord_i_true_x,coord_i_true_y,radiusX_i_true,radiusY_i_true,theta_i_true
114.14303030303029,74.47272727272728,6.40969696969697,6.40969696969697,-0.09,112.57212121212119,75.34545454545453,20.75151515151515,20.75151515151515,-0.19
