coord_p_true_x,coord_p_true_y,radiusX_p_true,radiusY_p_true,theta_p_true,coord_i_true_x,coord_i_true_y,radiusX_i_true,radiusY_i_true,theta_i_true
112.28121212121209,80.46545454545456,6.1478787878787875,6.1478787878787875,0.32,113.59030303030302,80.67878787878787,21.672727272727276,21.672727272727276,0.22
