coord_p_true_x,coord_p_true_y,radiusX_p_true,radiusY_p_true,theta_p_true,coord_i_true_x,coord_i_true_y,radiusX_i_true,radiusY_i_true,theta_i_true
115.24848484848488,72.46545454545456,6.283636363636364,6.283636363636364,0.13,113.59030303030302,74.21090909090907,24.44606060606061,24.44606060606061,-0.04
