coord_p_true_x,coord_p_true_y,radiusX_p_true,radiusY_p_true,theta_p_true,coord_i_true_x,coord_i_true_y,radiusX_i_true,radiusY_i_true,theta_i_true
110.25454545454551,75.84969696969699,5.1490909090909085,5.1490909090909085,-0.15,112.23272727272729,73.5321212121212,24.155151515151516,24.155151515151516,-0.2
