coord_p_true_x,coord_p_true_y,radiusX_p_true,radiusY_p_true,theta_p_true,coord_i_true_x,coord_i_true_y,radiusX_i_true,radiusY_i_true,theta_i_true
118.10909090909092,76.11151515151516,14.167272727272728,14.167272727272728,0.13,117.27515151515152,76.65454545454547,23.699393939393943,23.699393939393943,0.03
