coord_p_true_x,coord_p_true_y,radiusX_p_true,radiusY_p_true,theta_p_true,coord_i_true_x,coord_i_true_y,radiusX_i_true,radiusY_i_true,theta_i_true
113.6484848484849,75.31636363636365,14.244848484848484,14.244848484848484,-0.04,113.44484848484849,76.8,24.223030303030303,24.223030303030303,-0.1
