coord_p_true_x,coord_p_true_y,radiusX_p_true,radiusY_p_true,theta_p_true,coord_i_true_x,coord_i_true_y,radiusX_i_true,radiusY_i_true,theta_i_true
108.30545454545455,78.64242424242427,8.281212121212121,8.281212121212121,-0.3,109.99272727272728,79.34060606060605,21.546666666666667,21.546666666666667,-0.1
