coord_p_true_x,coord_p_true_y,radiusX_p_true,radiusY_p_true,theta_p_true,coord_i_true_x,coord_i_true_y,radiusX_i_true,radiusY_i_true,theta_i_true
113.80363636363639,80.0872727272727,7.04,7.04,-0.13,114.30787878787879,80.0872727272727,22.293333333333333,22.293333333333333,0.03
