coord_p_true_x,coord_p_true_y,radiusX_p_true,radiusY_p_true,theta_p_true,coord_i_true_x,coord_i_true_y,radiusX_i_true,radiusY_i_true,theta_i_true
115.00606060606063,71.48606060606063,5.789090909090909,5.498181818181818,-0.02,114.55999999999999,72.98909090909089,25.357575757575756,25.357575757575756,-0.06
