coord_p_true_x,coord_p_true_y,radiusX_p_true,radiusY_p_true,theta_p_true,coord_i_true_x,coord_i_true_y,radiusX_i_true,radiusY_i_true,theta_i_true
112.47515151515152,70.92363636363635,6.41939393939394,6.41939393939394,-0.13,112.71757575757577,70.40969696969698,25.512727272727272,25.512727272727272,-0.3
