coord_p_true_x,coord_p_true_y,radiusX_p_true,radiusY_p_true,theta_p_true,coord_i_true_x,coord_i_true_y,radiusX_i_true,radiusY_i_true,theta_i_true
111.75757575757576,76.41212121212122,8.669090909090908,8.669090909090908,0.12,112.87272727272726,78.10909090909092,23.00121212121212,23.00121212121212,-0.03
