coord_p_true_x,coord_p_true_y,radiusX_p_true,radiusY_p_true,theta_p_true,coord_i_true_x,coord_i_true_y,radiusX_i_true,radiusY_i_true,theta_i_true
114.52121212121214,77.48848484848487,8.223030303030304,8.223030303030304,0.3,114.29818181818183,78.07030303030302,23.204848484848487,23.204848484848487,-0.04
