coord_p_true_x,coord_p_true_y,radiusX_p_true,radiusY_p_true,theta_p_true,coord_i_true_x,coord_i_true_y,radiusX_i_true,radiusY_i_true,theta_i_true
107.15151515151516,79.2436363636364,13.381818181818183,13.381818181818183,-0.14,107.16121212121212,79.13696969696971,28.053333333333335,28.053333333333335,0.0
