coord_p_true_x,coord_p_true_y,radiusX_p_true,radiusY_p_true,theta_p_true,coord_i_true_x,coord_i_true_y,radiusX_i_true,radiusY_i_true,theta_i_true
104.5818181818182,76.1018181818182,15.379393939393939,15.379393939393939,-0.21,106.22060606060603,76.77090909090911,30.39030303030303,30.39030303030303,-0.16
