coord_p_true_x,coord_p_true_y,radiusX_p_true,radiusY_p_true,theta_p_true,coord_i_true_x,coord_i_true_y,radiusX_i_true,radiusY_i_true,theta_i_true
120.91151515151515,76.33454545454548,10.492121212121212,10.492121212121212,-0.06,119.48606060606063,75.83999999999999,26.783030303030305,26.783030303030305,-0.18
