coord_p_true_x,coord_p_true_y,radiusX_p_true,radiusY_p_true,theta_p_true,coord_i_true_x,coord_i_true_y,radiusX_i_true,radiusY_i_true,theta_i_true
122.48242424242419,76.8969696969697,11.132121212121213,11.132121212121213,-0.04,123.18060606060604,79.33090909090909,26.201212121212123,27.723636363636363,0.16
