coord_p_true_x,coord_p_true_y,radiusX_p_true,radiusY_p_true,theta_p_true,coord_i_true_x,coord_i_true_y,radiusX_i_true,radiusY_i_true,theta_i_true
111.75757575757576,74.34666666666668,6.361212121212121,6.6036363636363635,-0.44,110.19636363636363,77.28484848484848,22.01212121212121,22.01212121212121,-0.07
