coord_p_true_x,coord_p_true_y,radiusX_p_true,radiusY_p_true,theta_p_true,coord_i_true_x,coord_i_true_y,radiusX_i_true,radiusY_i_true,theta_i_true
107.22909090909096,76.75151515151514,6.487272727272728,6.487272727272728,-0.3,108.82909090909094,75.98545454545456,22.73939393939394,22.73939393939394,-0.08
