coord_p_true_x,coord_p_true_y,radiusX_p_true,radiusY_p_true,theta_p_true,coord_i_true_x,coord_i_true_y,radiusX_i_true,radiusY_i_true,theta_i_true
112.49454545454545,76.8969696969697,7.001212121212121,7.001212121212121,0.15,114.18181818181819,77.0521212121212,28.295757575757577,28.295757575757577,-0.02
