coord_p_true_x,coord_p_true_y,radiusX_p_true,radiusY_p_true,theta_p_true,coord_i_true_x,coord_i_true_y,radiusX_i_true,radiusY_i_true,theta_i_true
114.28848484848487,75.63636363636364,7.0593939393939396,7.0593939393939396,0.17,112.96000000000001,76.4412121212121,28.16969696969697,28.16969696969697,-0.11
