coord_p_true_x,coord_p_true_y,radiusX_p_true,radiusY_p_true,theta_p_true,coord_i_true_x,coord_i_true_y,radiusX_i_true,radiusY_i_true,theta_i_true
115.17090909090908,77.55636363636366,9.745454545454546,9.56121212121212,0.0,116.67393939393945,76.00484848484848,25.047272727272727,25.047272727272727,-0.08
