coord_p_true_x,coord_p_true_y,radiusX_p_true,radiusY_p_true,theta_p_true,coord_i_true_x,coord_i_true_y,radiusX_i_true,radiusY_i_true,theta_i_true
102.53575757575759,76.67393939393939,9.764848484848486,9.764848484848486,-0.25,100.93575757575755,77.69212121212122,24.581818181818186,24.581818181818186,-0.03
