coord_p_true_x,coord_p_true_y,radiusX_p_true,radiusY_p_true,theta_p_true,coord_i_true_x,coord_i_true_y,radiusX_i_true,radiusY_i_true,theta_i_true
103.61212121212124,69.73090909090912,13.663030303030304,13.536969696969699,-0.37,104.89212121212118,69.90545454545452,29.672727272727276,29.672727272727276,-0.2
