coord_p_true_x,coord_p_true_y,radiusX_p_true,radiusY_p_true,theta_p_true,coord_i_true_x,coord_i_true_y,radiusX_i_true,radiusY_i_true,theta_i_true
101.96363636363634,69.56606060606062,11.675151515151514,11.675151515151514,-0.3,101.0521212121212,72.52363636363638,26.210909090909094,26.210909090909094,-0.11
