coord_p_true_x,coord_p_true_y,radiusX_p_true,radiusY_p_true,theta_p_true,coord_i_true_x,coord_i_true_y,radiusX_i_true,radiusY_i_true,theta_i_true
96.7854545454545,77.11999999999998,6.4387878787878785,6.4387878787878785,-0.32,97.1927272727273,77.81818181818183,20.993939393939392,20.993939393939392,-0.17
