coord_p_true_x,coord_p_true_y,radiusX_p_true,radiusY_p_true,theta_p_true,coord_i_true_x,coord_i_true_y,radiusX_i_true,radiusY_i_true,theta_i_true
118.66181818181819,76.88727272727274,14.43878787878788,14.39030303030303,0.03,118.39030303030302,75.60727272727276,30.05090909090909,30.05090909090909,-0.03
