coord_p_true_x,coord_p_true_y,radiusX_p_true,radiusY_p_true,theta_p_true,coord_i_true_x,coord_i_true_y,radiusX_i_true,radiusY_i_true,theta_i_true
109.65333333333338,77.37212121212123,13.090909090909092,13.090909090909092,-0.14,110.94303030303027,75.38424242424243,29.2169696969697,29.2169696969697,-0.12
