coord_p_true_x,coord_p_true_y,radiusX_p_true,radiusY_p_true,theta_p_true,coord_i_true_x,coord_i_true_y,radiusX_i_true,radiusY_i_true,theta_i_true
92.97454545454545,77.29454545454544,5.13939393939394,5.13939393939394,-0.2,91.38424242424243,78.390303030303,18.58909090909091,17.900606060606062,-0.61
