coord_p_true_x,coord_p_true_y,radiusX_p_true,radiusY_p_true,theta_p_true,coord_i_true_x,coord_i_true_y,radiusX_i_true,radiusY_i_true,theta_i_true
102.24484848484855,78.76848484848487,13.566060606060606,13.566060606060606,-0.22,102.75878787878791,79.4181818181818,26.724848484848483,26.724848484848483,-3.13
