coord_p_true_x,coord_p_true_y,radiusX_p_true,radiusY_p_true,theta_p_true,coord_i_true_x,coord_i_true_y,radiusX_i_true,radiusY_i_true,theta_i_true
97.80363636363639,78.1769696969697,12.606060606060606,12.606060606060606,-0.25,98.96727272727273,77.2169696969697,27.694545454545455,27.694545454545455,-3.08
