coord_p_true_x,coord_p_true_y,radiusX_p_true,radiusY_p_true,theta_p_true,coord_i_true_x,coord_i_true_y,radiusX_i_true,radiusY_i_true,theta_i_true
114.13333333333333,79.1660606060606,10.637575757575759,10.637575757575759,-0.36,112.97939393939393,79.08848484848485,25.91030303030303,25.91030303030303,0.06
