coord_p_true_x,coord_p_true_y,radiusX_p_true,radiusY_p_true,theta_p_true,coord_i_true_x,coord_i_true_y,radiusX_i_true,radiusY_i_true,theta_i_true
116.71272727272729,79.35030303030301,10.25939393939394,10.25939393939394,0.08,119.2436363636364,79.06909090909093,25.33818181818182,25.33818181818182,-0.03
