coord_p_true_x,coord_p_true_y,radiusX_p_true,radiusY_p_true,theta_p_true,coord_i_true_x,coord_i_true_y,radiusX_i_true,radiusY_i_true,theta_i_true
114.64727272727275,77.11030303030302,5.566060606060606,5.624242424242424,0.3,115.46181818181823,78.62303030303029,19.587878787878786,19.587878787878786,-0.08
