coord_p_true_x,coord_p_true_y,radiusX_p_true,radiusY_p_true,theta_p_true,coord_i_true_x,coord_i_true_y,radiusX_i_true,radiusY_i_true,theta_i_true
112.85333333333334,75.11272727272726,5.604848484848485,5.604848484848485,0.06,112.1648484848485,76.74181818181818,21.75030303030303,21.75030303030303,-0.03
