coord_p_true_x,coord_p_true_y,radiusX_p_true,radiusY_p_true,theta_p_true,coord_i_true_x,coord_i_true_y,radiusX_i_true,radiusY_i_true,theta_i_true
121.05696969696973,77.89575757575756,6.943030303030303,6.943030303030303,0.01,122.61818181818187,79.61212121212124,24.35878787878788,24.35878787878788,0.05
