coord_p_true_x,coord_p_true_y,radiusX_p_true,radiusY_p_true,theta_p_true,coord_i_true_x,coord_i_true_y,radiusX_i_true,radiusY_i_true,theta_i_true
120.89212121212122,76.16969696969699,7.292121212121212,7.292121212121212,-0.32,120.57212121212119,80.35878787878788,25.62909090909091,25.62909090909091,0.0
