coord_p_true_x,coord_p_true_y,radiusX_p_true,radiusY_p_true,theta_p_true,coord_i_true_x,coord_i_true_y,radiusX_i_true,radiusY_i_true,theta_i_true
118.51636363636366,78.25454545454545,11.238787878787878,11.238787878787878,-0.11,118.82666666666664,78.98181818181817,25.357575757575756,25.357575757575756,-0.03
