coord_p_true_x,coord_p_true_y,radiusX_p_true,radiusY_p_true,theta_p_true,coord_i_true_x,coord_i_true_y,radiusX_i_true,radiusY_i_true,theta_i_true
119.90303030303028,79.10787878787878,10.58909090909091,10.58909090909091,0.13,116.86787878787878,79.40848484848483,24.833939393939396,24.833939393939396,0.0
