coord_p_true_x,coord_p_true_y,radiusX_p_true,radiusY_p_true,theta_p_true,coord_i_true_x,coord_i_true_y,radiusX_i_true,radiusY_i_true,theta_i_true
108.47030303030304,73.64848484848484,5.197575757575758,5.197575757575758,0.12,106.55030303030303,75.83999999999999,16.04848484848485,15.466666666666667,0.05
