coord_p_true_x,coord_p_true_y,radiusX_p_true,radiusY_p_true,theta_p_true,coord_i_true_x,coord_i_true_y,radiusX_i_true,radiusY_i_true,theta_i_true
104.60121212121213,76.19878787878787,10.986666666666666,10.986666666666666,-0.08,106.60848484848485,76.45090909090906,25.163636363636364,25.163636363636364,0.07
