coord_p_true_x,coord_p_true_y,radiusX_p_true,radiusY_p_true,theta_p_true,coord_i_true_x,coord_i_true_y,radiusX_i_true,radiusY_i_true,theta_i_true
100.28606060606057,80.56242424242423,11.772121212121213,11.772121212121213,-0.24,100.91636363636368,79.4957575757576,25.687272727272727,25.687272727272727,-0.35
