coord_p_true_x,coord_p_true_y,radiusX_p_true,radiusY_p_true,theta_p_true,coord_i_true_x,coord_i_true_y,radiusX_i_true,radiusY_i_true,theta_i_true
111.42787878787875,74.34666666666668,8.843636363636364,8.843636363636364,-0.29,112.49454545454545,74.24000000000001,22.293333333333333,22.76848484848485,-0.24
