coord_p_true_x,coord_p_true_y,radiusX_p_true,radiusY_p_true,theta_p_true,coord_i_true_x,coord_i_true_y,radiusX_i_true,radiusY_i_true,theta_i_true
110.64242424242427,73.82303030303031,10.123636363636363,10.123636363636363,-0.16,109.47878787878786,74.50181818181817,22.40969696969697,23.01090909090909,-0.29
