coord_p_true_x,coord_p_true_y,radiusX_p_true,radiusY_p_true,theta_p_true,coord_i_true_x,coord_i_true_y,radiusX_i_true,radiusY_i_true,theta_i_true
115.27757575757576,74.9090909090909,9.94909090909091,9.94909090909091,0.17,114.95757575757577,75.43272727272729,21.284848484848485,21.284848484848485,-0.02
