coord_p_true_x,coord_p_true_y,radiusX_p_true,radiusY_p_true,theta_p_true,coord_i_true_x,coord_i_true_y,radiusX_i_true,radiusY_i_true,theta_i_true
114.28848484848487,74.54060606060607,9.997575757575758,9.997575757575758,0.19,113.9975757575757,74.61818181818181,22.332121212121216,22.332121212121216,-0.02
