coord_p_true_x,coord_p_true_y,radiusX_p_true,radiusY_p_true,theta_p_true,coord_i_true_x,coord_i_true_y,radiusX_i_true,radiusY_i_true,theta_i_true
113.14424242424238,79.23393939393938,8.271515151515151,8.271515151515151,0.08,112.56242424242429,80.4557575757576,22.312727272727276,22.312727272727276,-0.08
