coord_p_true_x,coord_p_true_y,radiusX_p_true,radiusY_p_true,theta_p_true,coord_i_true_x,coord_i_true_y,radiusX_i_true,radiusY_i_true,theta_i_true
110.26424242424241,79.44727272727273,7.961212121212122,7.961212121212122,0.11,109.80848484848487,79.99030303030304,22.400000000000002,22.400000000000002,0.0
