coord_p_true_x,coord_p_true_y,radiusX_p_true,radiusY_p_true,theta_p_true,coord_i_true_x,coord_i_true_y,radiusX_i_true,radiusY_i_true,theta_i_true
112.15515151515149,81.6969696969697,6.778181818181818,6.778181818181818,0.06,112.62060606060605,80.52363636363638,22.661818181818184,22.661818181818184,0.03
