coord_p_true_x,coord_p_true_y,radiusX_p_true,radiusY_p_true,theta_p_true,coord_i_true_x,coord_i_true_y,radiusX_i_true,radiusY_i_true,theta_i_true
112.81454545454544,80.97939393939393,7.534545454545454,7.534545454545454,0.15,111.02060606060607,79.34060606060605,22.186666666666667,22.186666666666667,-0.07
