coord_p_true_x,coord_p_true_y,radiusX_p_true,radiusY_p_true,theta_p_true,coord_i_true_x,coord_i_true_y,radiusX_i_true,radiusY_i_true,theta_i_true
101.6727272727273,77.74060606060608,8.465454545454547,8.465454545454547,-0.02,99.7721212121212,78.1769696969697,23.263030303030302,23.263030303030302,-0.08
