coord_p_true_x,coord_p_true_y,radiusX_p_true,radiusY_p_true,theta_p_true,coord_i_true_x,coord_i_true_y,radiusX_i_true,radiusY_i_true,theta_i_true
105.23151515151514,79.07878787878789,5.992727272727272,6.012121212121213,0.25,107.190303030303,80.20363636363635,22.836363636363636,22.836363636363636,0.02
