coord_p_true_x,coord_p_true_y,radiusX_p_true,radiusY_p_true,theta_p_true,coord_i_true_x,coord_i_true_y,radiusX_i_true,radiusY_i_true,theta_i_true
117.14909090909092,85.6727272727273,9.183030303030304,9.183030303030304,0.27,116.19878787878787,85.33333333333334,25.85212121212121,25.85212121212121,0.29
