coord_p_true_x,coord_p_true_y,radiusX_p_true,radiusY_p_true,theta_p_true,coord_i_true_x,coord_i_true_y,radiusX_i_true,radiusY_i_true,theta_i_true
121.92969696969698,79.53454545454544,8.678787878787878,8.678787878787878,0.21,120.70787878787881,79.94181818181818,25.26060606060606,25.26060606060606,0.04
