coord_p_true_x,coord_p_true_y,radiusX_p_true,radiusY_p_true,theta_p_true,coord_i_true_x,coord_i_true_y,radiusX_i_true,radiusY_i_true,theta_i_true
120.21333333333337,77.15878787878788,8.69818181818182,8.69818181818182,0.05,120.8630303030303,79.08848484848485,24.416969696969698,24.416969696969698,0.07
