coord_p_true_x,coord_p_true_y,radiusX_p_true,radiusY_p_true,theta_p_true,coord_i_true_x,coord_i_true_y,radiusX_i_true,radiusY_i_true,theta_i_true
113.66787878787882,87.7478787878788,9.037575757575759,9.037575757575759,0.38,116.22787878787881,88.98909090909089,26.60848484848485,26.60848484848485,0.21
