coord_p_true_x,coord_p_true_y,radiusX_p_true,radiusY_p_true,theta_p_true,coord_i_true_x,coord_i_true_y,radiusX_i_true,radiusY_i_true,theta_i_true
97.76484848484849,73.08606060606061,9.02787878787879,9.02787878787879,-0.23,97.56121212121214,75.08363636363637,16.707878787878787,16.707878787878787,-2.88
