coord_p_true_x,coord_p_true_y,radiusX_p_true,radiusY_p_true,theta_p_true,coord_i_true_x,coord_i_true_y,radiusX_i_true,radiusY_i_true,theta_i_true
103.90303030303028,78.90424242424243,9.716363636363637,9.716363636363637,-0.03,102.98181818181823,79.23393939393938,20.52848484848485,20.52848484848485,-0.02
