coord_p_true_x,coord_p_true_y,radiusX_p_true,radiusY_p_true,theta_p_true,coord_i_true_x,coord_i_true_y,radiusX_i_true,radiusY_i_true,theta_i_true
98.7636363636364,72.62060606060605,11.132121212121213,11.132121212121213,-0.02,99.41333333333331,73.1151515151515,28.654545454545456,28.654545454545456,-0.14
