coord_p_true_x,coord_p_true_y,radiusX_p_true,radiusY_p_true,theta_p_true,coord_i_true_x,coord_i_true_y,radiusX_i_true,radiusY_i_true,theta_i_true
108.87757575757574,76.99393939393937,12.15030303030303,12.15030303030303,-0.3,109.63393939393934,75.82060606060607,22.293333333333333,22.293333333333333,-0.23
