coord_p_true_x,coord_p_true_y,radiusX_p_true,radiusY_p_true,theta_p_true,coord_i_true_x,coord_i_true_y,radiusX_i_true,radiusY_i_true,theta_i_true
102.62303030303029,71.56363636363638,10.443636363636363,10.443636363636363,0.17,101.11030303030302,72.24242424242425,25.92,27.94666666666667,-0.14
