coord_p_true_x,coord_p_true_y,radiusX_p_true,radiusY_p_true,theta_p_true,coord_i_true_x,coord_i_true_y,radiusX_i_true,radiusY_i_true,theta_i_true
108.46060606060608,76.37333333333332,11.141818181818183,11.141818181818183,-0.18,107.3066666666667,76.23757575757577,21.5369696969697,21.5369696969697,-0.15
