coord_p_true_x,coord_p_true_y,radiusX_p_true,radiusY_p_true,theta_p_true,coord_i_true_x,coord_i_true_y,radiusX_i_true,radiusY_i_true,theta_i_true
112.13575757575757,76.98424242424241,7.098181818181819,7.098181818181819,-0.18,112.35878787878788,77.22666666666666,22.264242424242425,22.264242424242425,-0.12
