coord_p_true_x,coord_p_true_y,radiusX_p_true,radiusY_p_true,theta_p_true,coord_i_true_x,coord_i_true_y,radiusX_i_true,radiusY_i_true,theta_i_true
111.92242424242426,75.53939393939392,6.458181818181819,6.458181818181819,-0.19,110.65212121212123,75.82060606060607,21.11030303030303,21.11030303030303,-0.09
