coord_p_true_x,coord_p_true_y,radiusX_p_true,radiusY_p_true,theta_p_true,coord_i_true_x,coord_i_true_y,radiusX_i_true,radiusY_i_true,theta_i_true
113.07636363636365,81.20242424242426,6.875151515151515,6.875151515151515,-0.09,113.3187878787879,81.05696969696967,24.242424242424242,24.242424242424242,-0.01
