coord_p_true_x,coord_p_true_y,radiusX_p_true,radiusY_p_true,theta_p_true,coord_i_true_x,coord_i_true_y,radiusX_i_true,radiusY_i_true,theta_i_true
111.55393939393942,79.17575757575756,7.7284848484848485,7.7284848484848485,0.01,110.0121212121212,80.67878787878787,24.126060606060605,24.126060606060605,0.02
