coord_p_true_x,coord_p_true_y,radiusX_p_true,radiusY_p_true,theta_p_true,coord_i_true_x,coord_i_true_y,radiusX_i_true,radiusY_i_true,theta_i_true
121.9878787878788,81.87151515151515,8.804848484848485,8.804848484848485,0.19,120.63030303030301,81.06666666666669,31.292121212121216,31.292121212121216,0.03
