coord_p_true_x,coord_p_true_y,radiusX_p_true,radiusY_p_true,theta_p_true,coord_i_true_x,coord_i_true_y,radiusX_i_true,radiusY_i_true,theta_i_true
121.55151515151518,82.27878787878791,8.785454545454547,8.785454545454547,0.23,122.55030303030303,80.99878787878785,30.8169696969697,30.8169696969697,0.04
