coord_p_true_x,coord_p_true_y,radiusX_p_true,radiusY_p_true,theta_p_true,coord_i_true_x,coord_i_true_y,radiusX_i_true,radiusY_i_true,theta_i_true
109.43030303030305,79.98060606060608,9.202424242424243,9.202424242424243,-0.1,108.96484848484849,80.66909090909091,22.273939393939393,22.273939393939393,0.08
