coord_p_true_x,coord_p_true_y,radiusX_p_true,radiusY_p_true,theta_p_true,coord_i_true_x,coord_i_true_y,radiusX_i_true,radiusY_i_true,theta_i_true
106.12363636363642,77.35272727272725,10.24969696969697,10.24969696969697,-0.02,107.20969696969692,76.07272727272726,23.321212121212124,23.321212121212124,-0.12
