coord_p_true_x,coord_p_true_y,radiusX_p_true,radiusY_p_true,theta_p_true,coord_i_true_x,coord_i_true_y,radiusX_i_true,radiusY_i_true,theta_i_true
103.8739393939394,73.78424242424241,15.292121212121213,15.292121212121213,-0.07,103.65090909090908,73.66787878787882,28.21818181818182,28.21818181818182,-0.19
