coord_p_true_x,coord_p_true_y,radiusX_p_true,radiusY_p_true,theta_p_true,coord_i_true_x,coord_i_true_y,radiusX_i_true,radiusY_i_true,theta_i_true
110.29333333333335,73.87151515151515,16.116363636363637,16.116363636363637,-0.3,111.79636363636361,73.87151515151515,29.79878787878788,29.79878787878788,-0.37
