coord_p_true_x,coord_p_true_y,radiusX_p_true,radiusY_p_true,theta_p_true,coord_i_true_x,coord_i_true_y,radiusX_i_true,radiusY_i_true,theta_i_true
134.57454545454544,86.8848484848485,5.43030303030303,5.43030303030303,0.36,130.55030303030304,88.01939393939392,24.504242424242424,24.504242424242424,0.23
