coord_p_true_x,coord_p_true_y,radiusX_p_true,radiusY_p_true,theta_p_true,coord_i_true_x,coord_i_true_y,radiusX_i_true,radiusY_i_true,theta_i_true
129.50303030303027,87.92242424242426,6.574545454545455,6.574545454545455,0.2,131.52969696969697,88.80484848484848,26.686060606060607,26.686060606060607,0.06
