coord_p_true_x,coord_p_true_y,radiusX_p_true,radiusY_p_true,theta_p_true,coord_i_true_x,coord_i_true_y,radiusX_i_true,radiusY_i_true,theta_i_true
100.28606060606063,78.91393939393939,5.5175757575757585,5.614545454545455,0.72,99.52,80.67878787878787,20.024242424242424,19.23878787878788,2.69
