coord_p_true_x,coord_p_true_y,radiusX_p_true,radiusY_p_true,theta_p_true,coord_i_true_x,coord_i_true_y,radiusX_i_true,radiusY_i_true,theta_i_true
98.4048484848485,77.98303030303032,6.797575757575758,6.797575757575758,0.89,99.99515151515152,82.09454545454548,23.02060606060606,23.02060606060606,2.87
