coord_p_true_x,coord_p_true_y,radiusX_p_true,radiusY_p_true,theta_p_true,coord_i_true_x,coord_i_true_y,radiusX_i_true,radiusY_i_true,theta_i_true
116.06303030303036,76.07272727272726,9.852121212121213,9.852121212121213,-0.22,117.3430303030303,77.69212121212122,25.124848484848485,25.124848484848485,-0.07
