coord_p_true_x,coord_p_true_y,radiusX_p_true,radiusY_p_true,theta_p_true,coord_i_true_x,coord_i_true_y,radiusX_i_true,radiusY_i_true,theta_i_true
115.52,75.25818181818184,10.89939393939394,10.89939393939394,-0.18,114.75393939393938,75.03515151515151,25.774545454545454,25.95878787878788,-0.04
