coord_p_true_x,coord_p_true_y,radiusX_p_true,radiusY_p_true,theta_p_true,coord_i_true_x,coord_i_true_y,radiusX_i_true,radiusY_i_true,theta_i_true
113.63878787878794,75.47151515151513,12.15030303030303,12.15030303030303,1.11,114.6860606060606,78.15757575757578,21.585454545454546,21.585454545454546,3.12
