coord_p_true_x,coord_p_true_y,radiusX_p_true,radiusY_p_true,theta_p_true,coord_i_true_x,coord_i_true_y,radiusX_i_true,radiusY_i_true,theta_i_true
113.09575757575757,77.57575757575758,10.976969696969698,10.976969696969698,0.95,111.52484848484848,78.31272727272727,21.11030303030303,21.11030303030303,3.11
