coord_p_true_x,coord_p_true_y,radiusX_p_true,radiusY_p_true,theta_p_true,coord_i_true_x,coord_i_true_y,radiusX_i_true,radiusY_i_true,theta_i_true
117.42060606060609,76.43151515151514,12.450909090909091,12.450909090909091,0.84,117.10060606060605,75.41333333333331,21.236363636363635,21.236363636363635,2.96
