coord_p_true_x,coord_p_true_y,radiusX_p_true,radiusY_p_true,theta_p_true,coord_i_true_x,coord_i_true_y,radiusX_i_true,radiusY_i_true,theta_i_true
109.82787878787879,78.43878787878786,12.635151515151515,12.635151515151515,3.12,111.59272727272732,78.70060606060609,24.930909090909093,24.930909090909093,3.14
