coord_p_true_x,coord_p_true_y,radiusX_p_true,radiusY_p_true,theta_p_true,coord_i_true_x,coord_i_true_y,radiusX_i_true,radiusY_i_true,theta_i_true
120.21333333333337,76.90666666666667,11.103030303030303,11.103030303030303,0.86,119.61212121212124,76.00484848484848,21.71151515151515,21.71151515151515,-2.95
