coord_p_true_x,coord_p_true_y,radiusX_p_true,radiusY_p_true,theta_p_true,coord_i_true_x,coord_i_true_y,radiusX_i_true,radiusY_i_true,theta_i_true
102.79757575757576,79.39878787878787,12.693333333333333,12.693333333333333,0.12,101.7987878787879,78.87515151515149,24.42666666666667,24.42666666666667,-0.08
