coord_p_true_x,coord_p_true_y,radiusX_p_true,radiusY_p_true,theta_p_true,coord_i_true_x,coord_i_true_y,radiusX_i_true,radiusY_i_true,theta_i_true
110.26424242424247,77.69212121212122,12.072727272727272,12.072727272727272,0.89,110.30303030303031,78.40000000000002,21.924848484848486,21.924848484848486,2.84
