coord_p_true_x,coord_p_true_y,radiusX_p_true,radiusY_p_true,theta_p_true,coord_i_true_x,coord_i_true_y,radiusX_i_true,radiusY_i_true,theta_i_true
114.52121212121214,77.5951515151515,12.392727272727273,12.392727272727273,1.05,113.97818181818184,76.8,23.117575757575757,23.117575757575757,-2.92
