coord_p_true_x,coord_p_true_y,radiusX_p_true,radiusY_p_true,theta_p_true,coord_i_true_x,coord_i_true_y,radiusX_i_true,radiusY_i_true,theta_i_true
114.41454545454546,70.390303030303,14.516363636363637,14.516363636363637,0.45,114.26909090909089,69.66303030303028,26.618181818181817,26.618181818181817,0.27
