coord_p_true_x,coord_p_true_y,radiusX_p_true,radiusY_p_true,theta_p_true,coord_i_true_x,coord_i_true_y,radiusX_i_true,radiusY_i_true,theta_i_true
116.20848484848489,67.20000000000002,14.671515151515152,14.671515151515152,0.31,116.27636363636361,68.31515151515151,25.444848484848485,25.444848484848485,-3.02
