coord_p_true_x,coord_p_true_y,radiusX_p_true,radiusY_p_true,theta_p_true,coord_i_true_x,coord_i_true_y,radiusX_i_true,radiusY_i_true,theta_i_true
119.2436363636364,80.34909090909092,8.669090909090908,8.669090909090908,0.76,120.56242424242429,80.51393939393937,25.464242424242425,25.464242424242425,-3.11
