coord_p_true_x,coord_p_true_y,radiusX_p_true,radiusY_p_true,theta_p_true,coord_i_true_x,coord_i_true_y,radiusX_i_true,radiusY_i_true,theta_i_true
114.58909090909087,75.95636363636362,16.368484848484847,16.368484848484847,1.03,114.47272727272723,74.26909090909089,26.85090909090909,26.85090909090909,-3.01
