coord_p_true_x,coord_p_true_y,radiusX_p_true,radiusY_p_true,theta_p_true,coord_i_true_x,coord_i_true_y,radiusX_i_true,radiusY_i_true,theta_i_true
117.82787878787879,78.41939393939394,15.10787878787879,15.10787878787879,0.89,116.47030303030304,78.18666666666667,26.521212121212123,26.075151515151518,-2.96
