coord_p_true_x,coord_p_true_y,radiusX_p_true,radiusY_p_true,theta_p_true,coord_i_true_x,coord_i_true_y,radiusX_i_true,radiusY_i_true,theta_i_true
108.71272727272729,78.8848484848485,9.677575757575758,9.677575757575758,0.89,107.43272727272729,80.33939393939396,25.599999999999998,25.202424242424243,3.04
