coord_p_true_x,coord_p_true_y,radiusX_p_true,radiusY_p_true,theta_p_true,coord_i_true_x,coord_i_true_y,radiusX_i_true,radiusY_i_true,theta_i_true
118.0509090909091,76.42181818181818,12.363636363636363,12.363636363636363,0.97,116.91636363636363,77.48848484848487,24.85333333333333,24.85333333333333,-3.04
