coord_p_true_x,coord_p_true_y,radiusX_p_true,radiusY_p_true,theta_p_true,coord_i_true_x,coord_i_true_y,radiusX_i_true,radiusY_i_true,theta_i_true
117.70181818181818,76.58666666666669,12.17939393939394,12.17939393939394,1.13,118.72969696969703,76.32484848484847,26.433939393939397,26.433939393939397,-2.94
