coord_p_true_x,coord_p_true_y,radiusX_p_true,radiusY_p_true,theta_p_true,coord_i_true_x,coord_i_true_y,radiusX_i_true,radiusY_i_true,theta_i_true
101.4690909090909,76.68363636363635,11.86909090909091,11.86909090909091,0.95,100.5187878787879,77.13939393939395,26.753939393939394,26.753939393939394,3.1
