coord_p_true_x,coord_p_true_y,radiusX_p_true,radiusY_p_true,theta_p_true,coord_i_true_x,coord_i_true_y,radiusX_i_true,radiusY_i_true,theta_i_true
94.69090909090907,79.01090909090911,10.356363636363636,10.356363636363636,1.02,99.03515151515151,79.86424242424243,21.740606060606062,22.186666666666667,0.68
