coord_p_true_x,coord_p_true_y,radiusX_p_true,radiusY_p_true,theta_p_true,coord_i_true_x,coord_i_true_y,radiusX_i_true,radiusY_i_true,theta_i_true
118.27393939393943,81.23151515151514,11.238787878787878,11.238787878787878,0.99,115.3551515151515,79.76727272727273,30.681212121212123,30.681212121212123,-3.02
