coord_p_true_x,coord_p_true_y,radiusX_p_true,radiusY_p_true,theta_p_true,coord_i_true_x,coord_i_true_y,radiusX_i_true,radiusY_i_true,theta_i_true
103.59272727272732,78.77818181818184,10.656969696969698,10.656969696969698,0.66,104.49454545454545,78.52606060606062,29.381818181818183,29.381818181818183,2.91
