coord_p_true_x,coord_p_true_y,radiusX_p_true,radiusY_p_true,theta_p_true,coord_i_true_x,coord_i_true_y,radiusX_i_true,radiusY_i_true,theta_i_true
125.24606060606058,78.63272727272725,12.383030303030303,12.383030303030303,1.13,126.89454545454547,80.1260606060606,26.792727272727273,26.792727272727273,-2.96
