coord_p_true_x,coord_p_true_y,radiusX_p_true,radiusY_p_true,theta_p_true,coord_i_true_x,coord_i_true_y,radiusX_i_true,radiusY_i_true,theta_i_true
119.93212121212116,76.8581818181818,12.49939393939394,12.49939393939394,-3.1,122.14303030303034,78.12848484848485,24.543030303030303,24.116363636363637,3.1
