coord_p_true_x,coord_p_true_y,radiusX_p_true,radiusY_p_true,theta_p_true,coord_i_true_x,coord_i_true_y,radiusX_i_true,radiusY_i_true,theta_i_true
116.0630303030303,78.19636363636363,12.043636363636363,12.043636363636363,1.29,115.54909090909094,78.90424242424243,25.900606060606062,25.900606060606062,-3.0
