coord_p_true_x,coord_p_true_y,radiusX_p_true,radiusY_p_true,theta_p_true,coord_i_true_x,coord_i_true_y,radiusX_i_true,radiusY_i_true,theta_i_true
124.43151515151514,77.129696969697,11.520000000000001,11.520000000000001,-2.45,122.21090909090907,77.14909090909092,24.28121212121212,24.28121212121212,-2.62
