coord_p_true_x,coord_p_true_y,radiusX_p_true,radiusY_p_true,theta_p_true,coord_i_true_x,coord_i_true_y,radiusX_i_true,radiusY_i_true,theta_i_true
109.9733333333333,79.32121212121213,8.067878787878788,8.067878787878788,1.07,111.1660606060606,80.39757575757578,29.847272727272728,29.847272727272728,3.11
