coord_p_true_x,coord_p_true_y,radiusX_p_true,radiusY_p_true,theta_p_true,coord_i_true_x,coord_i_true_y,radiusX_i_true,radiusY_i_true,theta_i_true
115.50060606060607,76.71272727272729,8.02909090909091,8.02909090909091,0.65,114.00727272727272,76.0630303030303,30.8169696969697,30.865454545454543,2.96
