coord_p_true_x,coord_p_true_y,radiusX_p_true,radiusY_p_true,theta_p_true,coord_i_true_x,coord_i_true_y,radiusX_i_true,radiusY_i_true,theta_i_true
119.53454545454544,78.50666666666665,9.93939393939394,10.191515151515151,0.91,117.49818181818183,77.0521212121212,28.48,28.373333333333335,-2.82
