coord_p_true_x,coord_p_true_y,radiusX_p_true,radiusY_p_true,theta_p_true,coord_i_true_x,coord_i_true_y,radiusX_i_true,radiusY_i_true,theta_i_true
120.67878787878787,78.40969696969698,8.475151515151516,8.475151515151516,-3.07,118.94303030303033,80.1260606060606,24.06787878787879,24.06787878787879,-3.03
