coord_p_true_x,coord_p_true_y,radiusX_p_true,radiusY_p_true,theta_p_true,coord_i_true_x,coord_i_true_y,radiusX_i_true,radiusY_i_true,theta_i_true
109.28484848484854,78.4290909090909,10.317575757575758,10.317575757575758,0.95,113.10545454545453,77.56606060606062,27.616969696969697,27.26787878787879,-3.01
