coord_p_true_x,coord_p_true_y,radiusX_p_true,radiusY_p_true,theta_p_true,coord_i_true_x,coord_i_true_y,radiusX_i_true,radiusY_i_true,theta_i_true
116.40242424242422,78.60363636363637,8.552727272727273,8.242424242424242,3.01,118.21575757575755,80.01939393939392,25.25090909090909,25.25090909090909,3.11
