coord_p_true_x,coord_p_true_y,radiusX_p_true,radiusY_p_true,theta_p_true,coord_i_true_x,coord_i_true_y,radiusX_i_true,radiusY_i_true,theta_i_true
109.89575757575761,79.77696969696969,4.499393939393939,4.499393939393939,1.18,111.0884848484848,80.5042424242424,22.991515151515152,22.19636363636364,-3.09
