coord_p_true_x,coord_p_true_y,radiusX_p_true,radiusY_p_true,theta_p_true,coord_i_true_x,coord_i_true_y,radiusX_i_true,radiusY_i_true,theta_i_true
116.11151515151516,77.6339393939394,5.265454545454546,5.265454545454546,1.02,115.20969696969698,80.81454545454544,22.44848484848485,22.44848484848485,-3.07
