coord_p_true_x,coord_p_true_y,radiusX_p_true,radiusY_p_true,theta_p_true,coord_i_true_x,coord_i_true_y,radiusX_i_true,radiusY_i_true,theta_i_true
114.3660606060606,81.22181818181818,11.587878787878788,11.587878787878788,0.91,115.17090909090908,82.44363636363634,22.71030303030303,23.292121212121213,1.16
