coord_p_true_x,coord_p_true_y,radiusX_p_true,radiusY_p_true,theta_p_true,coord_i_true_x,coord_i_true_y,radiusX_i_true,radiusY_i_true,theta_i_true
119.05939393939391,82.31757575757575,10.24,10.492121212121212,1.05,119.00121212121215,84.30545454545455,22.36121212121212,22.39030303030303,1.4
