coord_p_true_x,coord_p_true_y,radiusX_p_true,radiusY_p_true,theta_p_true,coord_i_true_x,coord_i_true_y,radiusX_i_true,radiusY_i_true,theta_i_true
126.0121212121212,77.45939393939393,6.341818181818182,6.341818181818182,0.98,124.79030303030304,78.23515151515153,23.38909090909091,23.38909090909091,0.56
