coord_p_true_x,coord_p_true_y,radiusX_p_true,radiusY_p_true,theta_p_true,coord_i_true_x,coord_i_true_y,radiusX_i_true,radiusY_i_true,theta_i_true
124.15999999999997,77.86666666666667,6.254545454545455,6.254545454545455,0.92,126.3806060606061,78.90424242424243,24.572121212121214,24.04848484848485,0.53
