coord_p_true_x,coord_p_true_y,radiusX_p_true,radiusY_p_true,theta_p_true,coord_i_true_x,coord_i_true_y,radiusX_i_true,radiusY_i_true,theta_i_true
119.14666666666668,72.29090909090911,5.721212121212122,5.721212121212122,1.11,116.56727272727271,70.57454545454543,23.893333333333334,23.893333333333334,-2.87
