coord_p_true_x,coord_p_true_y,radiusX_p_true,radiusY_p_true,theta_p_true,coord_i_true_x,coord_i_true_y,radiusX_i_true,radiusY_i_true,theta_i_true
116.63515151515149,74.05575757575758,5.585454545454545,5.585454545454545,1.0,117.20727272727274,71.5442424242424,23.00121212121212,23.00121212121212,-2.96
