coord_p_true_x,coord_p_true_y,radiusX_p_true,radiusY_p_true,theta_p_true,coord_i_true_x,coord_i_true_y,radiusX_i_true,radiusY_i_true,theta_i_true
112.35878787878788,78.91393939393939,7.37939393939394,7.156363636363636,0.84,115.40363636363635,78.56484848484847,31.63151515151515,31.63151515151515,3.13
