coord_p_true_x,coord_p_true_y,radiusX_p_true,radiusY_p_true,theta_p_true,coord_i_true_x,coord_i_true_y,radiusX_i_true,radiusY_i_true,theta_i_true
112.34909090909092,76.98424242424241,5.071515151515152,5.178181818181818,1.01,110.0509090909091,81.00848484848487,31.166060606060608,31.166060606060608,0.21
