coord_p_true_x,coord_p_true_y,radiusX_p_true,radiusY_p_true,theta_p_true,coord_i_true_x,coord_i_true_y,radiusX_i_true,radiusY_i_true,theta_i_true
119.14666666666668,79.01090909090911,6.496969696969697,6.496969696969697,0.1,117.04242424242423,78.86545454545453,24.01939393939394,24.01939393939394,0.03
