coord_p_true_x,coord_p_true_y,radiusX_p_true,radiusY_p_true,theta_p_true,coord_i_true_x,coord_i_true_y,radiusX_i_true,radiusY_i_true,theta_i_true
116.36363636363637,77.4690909090909,6.797575757575758,6.797575757575758,0.23,117.9733333333333,78.29333333333335,25.163636363636364,25.163636363636364,0.12
