coord_p_true_x,coord_p_true_y,radiusX_p_true,radiusY_p_true,theta_p_true,coord_i_true_x,coord_i_true_y,radiusX_i_true,radiusY_i_true,theta_i_true
110.47757575757576,77.15878787878788,5.886060606060607,5.536969696969697,0.06,109.1781818181818,78.43878787878786,22.991515151515152,22.846060606060604,-0.13
