coord_p_true_x,coord_p_true_y,radiusX_p_true,radiusY_p_true,theta_p_true,coord_i_true_x,coord_i_true_y,radiusX_i_true,radiusY_i_true,theta_i_true
114.3563636363636,77.38181818181819,6.380606060606061,6.380606060606061,-0.04,115.60727272727276,77.90545454545452,23.39878787878788,23.39878787878788,-0.01
