coord_p_true_x,coord_p_true_y,radiusX_p_true,radiusY_p_true,theta_p_true,coord_i_true_x,coord_i_true_y,radiusX_i_true,radiusY_i_true,theta_i_true
108.60606060606061,81.89090909090908,7.932121212121212,7.6896969696969695,0.2,108.95515151515153,81.99757575757576,25.978181818181817,25.541818181818183,-0.05
