coord_p_true_x,coord_p_true_y,radiusX_p_true,radiusY_p_true,theta_p_true,coord_i_true_x,coord_i_true_y,radiusX_i_true,radiusY_i_true,theta_i_true
112.3781818181818,79.61212121212124,16.087272727272726,16.416969696969698,0.06,111.80606060606063,81.03757575757575,28.712727272727275,28.712727272727275,-0.09
