coord_p_true_x,coord_p_true_y,radiusX_p_true,radiusY_p_true,theta_p_true,coord_i_true_x,coord_i_true_y,radiusX_i_true,radiusY_i_true,theta_i_true
104.18424242424243,83.12242424242427,9.02787878787879,8.591515151515152,0.03,103.66060606060604,83.41333333333331,27.53939393939394,27.56848484848485,0.1
