coord_p_true_x,coord_p_true_y,radiusX_p_true,radiusY_p_true,theta_p_true,coord_i_true_x,coord_i_true_y,radiusX_i_true,radiusY_i_true,theta_i_true
111.52484848484848,80.3781818181818,15.941818181818183,15.466666666666667,0.14,112.13575757575757,82.27878787878791,29.003636363636364,29.003636363636364,0.14
