coord_p_true_x,coord_p_true_y,radiusX_p_true,radiusY_p_true,theta_p_true,coord_i_true_x,coord_i_true_y,radiusX_i_true,radiusY_i_true,theta_i_true
90.84121212121212,78.90424242424243,7.621818181818182,7.04,1.53,92.41212121212122,80.78545454545456,14.962424242424243,22.923636363636366,-3.02
