coord_p_true_x,coord_p_true_y,radiusX_p_true,radiusY_p_true,theta_p_true,coord_i_true_x,coord_i_true_y,radiusX_i_true,radiusY_i_true,theta_i_true
83.94666666666672,79.68969696969698,8.543030303030303,7.65090909090909,1.74,85.3139393939394,80.26181818181817,18.443636363636365,24.61090909090909,-2.97
