coord_p_true_x,coord_p_true_y,radiusX_p_true,radiusY_p_true,theta_p_true,coord_i_true_x,coord_i_true_y,radiusX_i_true,radiusY_i_true,theta_i_true
114.99636363636361,79.67030303030306,6.700606060606061,6.700606060606061,0.73,113.96848484848482,80.66909090909091,28.402424242424242,28.402424242424242,0.1
