coord_p_true_x,coord_p_true_y,radiusX_p_true,radiusY_p_true,theta_p_true,coord_i_true_x,coord_i_true_y,radiusX_i_true,radiusY_i_true,theta_i_true
111.03999999999999,82.14303030303029,6.1478787878787875,6.1478787878787875,0.58,112.76606060606058,82.22060606060609,26.64727272727273,26.64727272727273,0.12
