coord_p_true_x,coord_p_true_y,radiusX_p_true,radiusY_p_true,theta_p_true,coord_i_true_x,coord_i_true_y,radiusX_i_true,radiusY_i_true,theta_i_true
123.04484848484847,76.1018181818182,10.356363636363636,10.443636363636363,0.83,124.9357575757576,75.8981818181818,28.964848484848485,28.53818181818182,0.21
