coord_p_true_x,coord_p_true_y,radiusX_p_true,radiusY_p_true,theta_p_true,coord_i_true_x,coord_i_true_y,radiusX_i_true,radiusY_i_true,theta_i_true
114.6860606060606,78.4290909090909,11.083636363636364,11.258181818181818,1.02,114.27878787878791,77.85696969696971,28.363636363636363,28.363636363636363,0.32
