coord_p_true_x,coord_p_true_y,radiusX_p_true,radiusY_p_true,theta_p_true,coord_i_true_x,coord_i_true_y,radiusX_i_true,radiusY_i_true,theta_i_true
116.4412121212121,74.03636363636366,6.933333333333334,6.690909090909091,0.06,115.59757575757574,74.50181818181817,23.14666666666667,23.505454545454544,0.29
