coord_p_true_x,coord_p_true_y,radiusX_p_true,radiusY_p_true,theta_p_true,coord_i_true_x,coord_i_true_y,radiusX_i_true,radiusY_i_true,theta_i_true
111.1660606060606,75.01575757575759,6.797575757575758,6.846060606060606,0.06,112.33939393939396,73.66787878787882,22.613333333333333,22.613333333333333,0.43
