coord_p_true_x,coord_p_true_y,radiusX_p_true,radiusY_p_true,theta_p_true,coord_i_true_x,coord_i_true_y,radiusX_i_true,radiusY_i_true,theta_i_true
110.15757575757578,79.60242424242422,9.173333333333334,9.173333333333334,0.59,111.13696969696971,81.28969696969696,23.02060606060606,23.02060606060606,-0.05
