coord_p_true_x,coord_p_true_y,radiusX_p_true,radiusY_p_true,theta_p_true,coord_i_true_x,coord_i_true_y,radiusX_i_true,radiusY_i_true,theta_i_true
115.27757575757576,79.79636363636367,8.863030303030303,8.863030303030303,0.49,114.05575757575758,81.78424242424241,22.37090909090909,21.663030303030304,0.1
