coord_p_true_x,coord_p_true_y,radiusX_p_true,radiusY_p_true,theta_p_true,coord_i_true_x,coord_i_true_y,radiusX_i_true,radiusY_i_true,theta_i_true
110.68121212121211,75.20000000000002,9.134545454545455,9.134545454545455,0.91,110.20606060606059,76.3539393939394,21.847272727272728,22.05090909090909,0.41
