coord_p_true_x,coord_p_true_y,radiusX_p_true,radiusY_p_true,theta_p_true,coord_i_true_x,coord_i_true_y,radiusX_i_true,radiusY_i_true,theta_i_true
114.49212121212126,77.70181818181818,9.163636363636364,9.163636363636364,0.97,114.88969696969698,76.94545454545457,21.856969696969696,21.992727272727272,0.73
