coord_p_true_x,coord_p_true_y,radiusX_p_true,radiusY_p_true,theta_p_true,coord_i_true_x,coord_i_true_y,radiusX_i_true,radiusY_i_true,theta_i_true
104.97939393939393,78.66181818181819,8.543030303030303,8.543030303030303,0.93,106.54060606060607,78.2157575757576,24.087272727272726,23.59272727272727,-0.12
