coord_p_true_x,coord_p_true_y,radiusX_p_true,radiusY_p_true,theta_p_true,coord_i_true_x,coord_i_true_y,radiusX_i_true,radiusY_i_true,theta_i_true
103.06909090909093,76.60606060606061,7.020606060606061,7.098181818181819,0.93,102.26424242424241,80.85333333333332,23.42787878787879,23.42787878787879,0.0
