coord_p_true_x,coord_p_true_y,radiusX_p_true,radiusY_p_true,theta_p_true,coord_i_true_x,coord_i_true_y,radiusX_i_true,radiusY_i_true,theta_i_true
105.42545454545457,80.65939393939395,13.381818181818183,13.381818181818183,0.73,104.63030303030301,82.33696969696972,27.52,27.733333333333334,0.09
