coord_p_true_x,coord_p_true_y,radiusX_p_true,radiusY_p_true,theta_p_true,coord_i_true_x,coord_i_true_y,radiusX_i_true,radiusY_i_true,theta_i_true
113.06666666666669,74.77333333333335,9.512727272727274,9.512727272727274,0.82,111.44727272727273,75.01575757575759,24.950303030303033,24.736969696969698,0.36
