coord_p_true_x,coord_p_true_y,radiusX_p_true,radiusY_p_true,theta_p_true,coord_i_true_x,coord_i_true_y,radiusX_i_true,radiusY_i_true,theta_i_true
116.5575757575758,80.0,12.703030303030303,12.703030303030303,0.64,118.22545454545451,80.0387878787879,27.675151515151516,27.917575757575758,0.15
