coord_p_true_x,coord_p_true_y,radiusX_p_true,radiusY_p_true,theta_p_true,coord_i_true_x,coord_i_true_y,radiusX_i_true,radiusY_i_true,theta_i_true
114.21090909090907,76.83878787878788,8.494545454545454,8.494545454545454,1.02,116.89696969696966,75.05454545454543,24.106666666666666,24.106666666666666,0.34
