coord_p_true_x,coord_p_true_y,radiusX_p_true,radiusY_p_true,theta_p_true,coord_i_true_x,coord_i_true_y,radiusX_i_true,radiusY_i_true,theta_i_true
105.54181818181821,78.09939393939396,5.624242424242424,5.624242424242424,0.81,106.22060606060603,77.9248484848485,21.953939393939397,21.953939393939397,0.34
