coord_p_true_x,coord_p_true_y,radiusX_p_true,radiusY_p_true,theta_p_true,coord_i_true_x,coord_i_true_y,radiusX_i_true,radiusY_i_true,theta_i_true
106.33696969696972,77.91515151515154,6.467878787878788,6.467878787878788,0.7,106.4921212121212,77.129696969697,19.88848484848485,20.130909090909093,0.27
