coord_p_true_x,coord_p_true_y,radiusX_p_true,radiusY_p_true,theta_p_true,coord_i_true_x,coord_i_true_y,radiusX_i_true,radiusY_i_true,theta_i_true
98.35636363636364,80.48484848484848,12.654545454545456,11.684848484848485,1.56,104.10666666666668,80.91151515151515,24.26181818181818,24.746666666666666,0.17
