coord_p_true_x,coord_p_true_y,radiusX_p_true,radiusY_p_true,theta_p_true,coord_i_true_x,coord_i_true_y,radiusX_i_true,radiusY_i_true,theta_i_true
98.44363636363634,83.00606060606063,12.19878787878788,12.19878787878788,0.97,98.12363636363636,81.87151515151515,26.656969696969696,26.385454545454547,0.22
