coord_p_true_x,coord_p_true_y,radiusX_p_true,radiusY_p_true,theta_p_true,coord_i_true_x,coord_i_true_y,radiusX_i_true,radiusY_i_true,theta_i_true
100.61575757575757,79.39878787878787,11.898181818181818,12.295757575757575,0.98,104.22303030303033,78.89454545454547,26.67636363636364,26.64727272727273,0.41
