coord_p_true_x,coord_p_true_y,radiusX_p_true,radiusY_p_true,theta_p_true,coord_i_true_x,coord_i_true_y,radiusX_i_true,radiusY_i_true,theta_i_true
106.64727272727275,82.83151515151516,13.381818181818183,13.692121212121211,0.87,107.6460606060606,81.72606060606059,25.28,25.774545454545454,-0.02
