coord_p_true_x,coord_p_true_y,radiusX_p_true,radiusY_p_true,theta_p_true,coord_i_true_x,coord_i_true_y,radiusX_i_true,radiusY_i_true,theta_i_true
110.0121212121212,80.20363636363635,10.24969696969697,10.24969696969697,0.8,110.15757575757578,79.11757575757574,26.598787878787878,26.598787878787878,0.2
