coord_p_true_x,coord_p_true_y,radiusX_p_true,radiusY_p_true,theta_p_true,coord_i_true_x,coord_i_true_y,radiusX_i_true,radiusY_i_true,theta_i_true
108.53818181818177,79.7090909090909,11.694545454545455,11.694545454545455,0.81,107.88848484848484,77.89575757575756,26.792727272727273,26.792727272727273,0.14
