coord_p_true_x,coord_p_true_y,radiusX_p_true,radiusY_p_true,theta_p_true,coord_i_true_x,coord_i_true_y,radiusX_i_true,radiusY_i_true,theta_i_true
102.20606060606059,75.69454545454546,9.473939393939395,9.473939393939395,0.8,99.9757575757576,76.41212121212122,24.44606060606061,24.416969696969698,0.39
