coord_p_true_x,coord_p_true_y,radiusX_p_true,radiusY_p_true,theta_p_true,coord_i_true_x,coord_i_true_y,radiusX_i_true,radiusY_i_true,theta_i_true
102.15757575757578,75.19030303030306,10.288484848484849,10.288484848484849,0.87,104.01939393939392,76.4412121212121,23.650909090909092,24.03878787878788,2.17
