coord_p_true_x,coord_p_true_y,radiusX_p_true,radiusY_p_true,theta_p_true,coord_i_true_x,coord_i_true_y,radiusX_i_true,radiusY_i_true,theta_i_true
118.3806060606061,80.22303030303033,8.358787878787878,8.358787878787878,0.65,120.44606060606064,83.15151515151516,22.002424242424244,22.002424242424244,0.45
