coord_p_true_x,coord_p_true_y,radiusX_p_true,radiusY_p_true,theta_p_true,coord_i_true_x,coord_i_true_y,radiusX_i_true,radiusY_i_true,theta_i_true
117.61454545454548,80.49454545454545,9.115151515151515,9.115151515151515,0.75,117.73090909090912,80.34909090909092,22.60363636363636,22.60363636363636,0.13
