coord_p_true_x,coord_p_true_y,radiusX_p_true,radiusY_p_true,theta_p_true,coord_i_true_x,coord_i_true_y,radiusX_i_true,radiusY_i_true,theta_i_true
112.69818181818185,78.67151515151515,8.30060606060606,8.63030303030303,1.04,112.47515151515152,78.53575757575759,22.487272727272728,22.487272727272728,0.49
