coord_p_true_x,coord_p_true_y,radiusX_p_true,radiusY_p_true,theta_p_true,coord_i_true_x,coord_i_true_y,radiusX_i_true,radiusY_i_true,theta_i_true
117.1393939393939,76.63515151515149,7.553939393939395,7.612121212121212,0.73,117.83757575757575,75.91757575757578,22.584242424242426,22.584242424242426,0.33
