coord_p_true_x,coord_p_true_y,radiusX_p_true,radiusY_p_true,theta_p_true,coord_i_true_x,coord_i_true_y,radiusX_i_true,radiusY_i_true,theta_i_true
114.32727272727271,80.67878787878787,8.174545454545454,8.213333333333335,1.52,114.78303030303032,79.10787878787878,21.604848484848485,21.604848484848485,0.44
