coord_p_true_x,coord_p_true_y,radiusX_p_true,radiusY_p_true,theta_p_true,coord_i_true_x,coord_i_true_y,radiusX_i_true,radiusY_i_true,theta_i_true
99.75272727272728,78.97212121212121,8.0,7.7284848484848485,0.02,99.42303030303027,79.21454545454546,21.09090909090909,20.334545454545452,3.13
