coord_p_true_x,coord_p_true_y,radiusX_p_true,radiusY_p_true,theta_p_true,coord_i_true_x,coord_i_true_y,radiusX_i_true,radiusY_i_true,theta_i_true
95.14666666666668,80.93090909090907,6.652121212121212,6.652121212121212,0.63,101.45939393939393,81.08606060606061,16.775757575757577,17.027878787878787,-3.04
