coord_p_true_x,coord_p_true_y,radiusX_p_true,radiusY_p_true,theta_p_true,coord_i_true_x,coord_i_true_y,radiusX_i_true,radiusY_i_true,theta_i_true
112.22303030303033,75.86909090909091,8.32,8.32,0.72,110.89454545454547,77.94424242424242,22.671515151515152,22.477575757575757,0.25
