coord_p_true_x,coord_p_true_y,radiusX_p_true,radiusY_p_true,theta_p_true,coord_i_true_x,coord_i_true_y,radiusX_i_true,radiusY_i_true,theta_i_true
108.89696969696966,76.8581818181818,8.68848484848485,8.436363636363636,0.88,109.53696969696973,78.03151515151518,23.107878787878786,23.107878787878786,0.21
