coord_p_true_x,coord_p_true_y,radiusX_p_true,radiusY_p_true,theta_p_true,coord_i_true_x,coord_i_true_y,radiusX_i_true,radiusY_i_true,theta_i_true
117.68242424242426,73.29939393939392,7.738181818181819,7.883636363636365,0.62,117.64363636363642,75.96606060606058,30.632727272727273,28.09212121212121,0.17
