coord_p_true_x,coord_p_true_y,radiusX_p_true,radiusY_p_true,theta_p_true,coord_i_true_x,coord_i_true_y,radiusX_i_true,radiusY_i_true,theta_i_true
128.85333333333332,81.23151515151514,9.202424242424243,10.084848484848486,1.03,130.9575757575757,82.37575757575756,25.65818181818182,25.65818181818182,0.63
