coord_p_true_x,coord_p_true_y,radiusX_p_true,radiusY_p_true,theta_p_true,coord_i_true_x,coord_i_true_y,radiusX_i_true,radiusY_i_true,theta_i_true
108.64484848484845,76.46060606060608,11.675151515151514,11.675151515151514,0.83,107.85939393939395,76.13090909090909,26.85090909090909,25.0569696969697,0.35
