coord_p_true_x,coord_p_true_y,radiusX_p_true,radiusY_p_true,theta_p_true,coord_i_true_x,coord_i_true_y,radiusX_i_true,radiusY_i_true,theta_i_true
124.45090909090906,77.66303030303028,10.27878787878788,10.27878787878788,0.7,123.52,78.89454545454547,25.23151515151515,25.23151515151515,0.65
