coord_p_true_x,coord_p_true_y,radiusX_p_true,radiusY_p_true,theta_p_true,coord_i_true_x,coord_i_true_y,radiusX_i_true,radiusY_i_true,theta_i_true
118.60363636363637,73.32848484848485,9.173333333333334,9.173333333333334,0.56,120.36848484848485,75.27757575757576,36.04363636363637,34.07515151515152,-0.04
