coord_p_true_x,coord_p_true_y,radiusX_p_true,radiusY_p_true,theta_p_true,coord_i_true_x,coord_i_true_y,radiusX_i_true,radiusY_i_true,theta_i_true
112.05818181818182,73.61939393939396,10.618181818181817,10.618181818181817,0.79,114.69575757575755,76.05333333333334,26.3369696969697,26.521212121212123,0.61
