coord_p_true_x,coord_p_true_y,radiusX_p_true,radiusY_p_true,theta_p_true,coord_i_true_x,coord_i_true_y,radiusX_i_true,radiusY_i_true,theta_i_true
89.62909090909086,77.19757575757578,6.303030303030303,6.303030303030303,1.18,94.16727272727275,79.85454545454547,27.956363636363637,28.974545454545453,-0.17
