coord_p_true_x,coord_p_true_y,radiusX_p_true,radiusY_p_true,theta_p_true,coord_i_true_x,coord_i_true_y,radiusX_i_true,radiusY_i_true,theta_i_true
90.55030303030303,74.84121212121212,5.410909090909091,5.216969696969697,1.47,92.21818181818185,78.97212121212121,22.904242424242426,25.309090909090912,3.12
