coord_p_true_x,coord_p_true_y,radiusX_p_true,radiusY_p_true,theta_p_true,coord_i_true_x,coord_i_true_y,radiusX_i_true,radiusY_i_true,theta_i_true
107.61696969696972,74.58909090909093,9.541818181818181,9.541818181818181,0.98,107.50060606060607,75.85939393939395,26.88969696969697,25.793939393939397,0.16
