coord_p_true_x,coord_p_true_y,radiusX_p_true,radiusY_p_true,theta_p_true,coord_i_true_x,coord_i_true_y,radiusX_i_true,radiusY_i_true,theta_i_true
105.9006060606061,78.72000000000001,10.967272727272729,10.967272727272729,0.44,106.55999999999999,78.60363636363637,25.85212121212121,25.85212121212121,0.04
