coord_p_true_x,coord_p_true_y,radiusX_p_true,radiusY_p_true,theta_p_true,coord_i_true_x,coord_i_true_y,radiusX_i_true,radiusY_i_true,theta_i_true
105.97818181818178,79.07878787878789,13.711515151515153,13.711515151515153,1.04,106.39515151515154,78.54545454545455,29.633939393939393,28.683636363636364,-3.12
