coord_p_true_x,coord_p_true_y,radiusX_p_true,radiusY_p_true,theta_p_true,coord_i_true_x,coord_i_true_y,radiusX_i_true,radiusY_i_true,theta_i_true
118.50666666666665,78.40000000000002,12.557575757575757,12.557575757575757,0.8,117.97333333333336,78.61333333333333,23.825454545454548,23.825454545454548,3.04
