coord_p_true_x,coord_p_true_y,radiusX_p_true,radiusY_p_true,theta_p_true,coord_i_true_x,coord_i_true_y,radiusX_i_true,radiusY_i_true,theta_i_true
114.8121212121212,77.91515151515154,14.74909090909091,14.74909090909091,1.21,114.96727272727267,79.27272727272728,25.92969696969697,25.92969696969697,3.0
