coord_p_true_x,coord_p_true_y,radiusX_p_true,radiusY_p_true,theta_p_true,coord_i_true_x,coord_i_true_y,radiusX_i_true,radiusY_i_true,theta_i_true
115.09333333333333,78.93333333333331,13.701818181818183,13.701818181818183,0.8,113.74545454545456,79.97090909090912,29.449696969696973,27.50060606060606,-3.04
