coord_p_true_x,coord_p_true_y,radiusX_p_true,radiusY_p_true,theta_p_true,coord_i_true_x,coord_i_true_y,radiusX_i_true,radiusY_i_true,theta_i_true
110.13818181818186,78.0509090909091,8.048484848484849,8.048484848484849,0.76,111.79636363636361,77.26545454545456,26.346666666666668,26.346666666666668,0.04
