coord_p_true_x,coord_p_true_y,radiusX_p_true,radiusY_p_true,theta_p_true,coord_i_true_x,coord_i_true_y,radiusX_i_true,radiusY_i_true,theta_i_true
112.07757575757574,76.65454545454547,9.280000000000001,9.280000000000001,0.77,112.05818181818182,75.8981818181818,26.28848484848485,26.28848484848485,-3.07
