coord_p_true_x,coord_p_true_y,radiusX_p_true,radiusY_p_true,theta_p_true,coord_i_true_x,coord_i_true_y,radiusX_i_true,radiusY_i_true,theta_i_true
105.1151515151515,80.05818181818182,14.690909090909091,14.690909090909091,0.59,105.48363636363634,80.36848484848484,25.28969696969697,25.28969696969697,2.98
