coord_p_true_x,coord_p_true_y,radiusX_p_true,radiusY_p_true,theta_p_true,coord_i_true_x,coord_i_true_y,radiusX_i_true,radiusY_i_true,theta_i_true
111.12727272727275,80.52363636363638,13.187878787878788,13.187878787878788,0.82,111.31151515151512,80.95030303030305,26.27878787878788,26.27878787878788,0.0
