coord_p_true_x,coord_p_true_y,radiusX_p_true,radiusY_p_true,theta_p_true,coord_i_true_x,coord_i_true_y,radiusX_i_true,radiusY_i_true,theta_i_true
128.55272727272734,82.08484848484846,8.126060606060607,4.043636363636364,1.52,135.43757575757573,78.70060606060609,16.727272727272727,23.03030303030303,0.13
