coord_p_true_x,coord_p_true_y,radiusX_p_true,radiusY_p_true,theta_p_true,coord_i_true_x,coord_i_true_y,radiusX_i_true,radiusY_i_true,theta_i_true
147.52969696969697,83.11272727272726,7.815757575757576,5.75030303030303,1.43,153.6678787878788,82.19151515151515,21.624242424242425,22.1769696969697,0.9
