coord_p_true_x,coord_p_true_y,radiusX_p_true,radiusY_p_true,theta_p_true,coord_i_true_x,coord_i_true_y,radiusX_i_true,radiusY_i_true,theta_i_true
121.42545454545457,80.11636363636364,6.041212121212122,6.041212121212122,2.03,121.42545454545457,81.609696969697,23.883636363636363,23.883636363636363,-2.99
