coord_p_true_x,coord_p_true_y,radiusX_p_true,radiusY_p_true,theta_p_true,coord_i_true_x,coord_i_true_y,radiusX_i_true,radiusY_i_true,theta_i_true
104.70787878787881,75.01575757575759,11.975757575757576,11.975757575757576,0.65,104.64969696969699,73.68727272727274,26.453333333333337,26.453333333333337,-0.07
