coord_p_true_x,coord_p_true_y,radiusX_p_true,radiusY_p_true,theta_p_true,coord_i_true_x,coord_i_true_y,radiusX_i_true,radiusY_i_true,theta_i_true
104.29090909090905,75.84969696969699,12.741818181818182,12.741818181818182,0.44,104.87272727272726,74.39515151515154,24.87272727272727,24.87272727272727,-0.05
