coord_p_true_x,coord_p_true_y,radiusX_p_true,radiusY_p_true,theta_p_true,coord_i_true_x,coord_i_true_y,radiusX_i_true,radiusY_i_true,theta_i_true
124.8,79.21454545454546,7.505454545454546,7.505454545454546,2.5,122.65696969696971,80.79515151515152,24.775757575757577,24.775757575757577,3.14
