coord_p_true_x,coord_p_true_y,radiusX_p_true,radiusY_p_true,theta_p_true,coord_i_true_x,coord_i_true_y,radiusX_i_true,radiusY_i_true,theta_i_true
115.61696969696972,80.43636363636362,15.524848484848487,15.524848484848487,0.88,114.8509090909091,82.24969696969697,25.599999999999998,25.599999999999998,0.32
