coord_p_true_x,coord_p_true_y,radiusX_p_true,radiusY_p_true,theta_p_true,coord_i_true_x,coord_i_true_y,radiusX_i_true,radiusY_i_true,theta_i_true
115.28727272727272,77.85696969696971,14.467878787878789,14.467878787878789,0.82,115.00606060606063,78.94303030303033,26.181818181818183,26.181818181818183,0.29
