coord_p_true_x,coord_p_true_y,radiusX_p_true,radiusY_p_true,theta_p_true,coord_i_true_x,coord_i_true_y,radiusX_i_true,radiusY_i_true,theta_i_true
107.01575757575759,70.41939393939394,15.146666666666667,15.146666666666667,0.57,108.32484848484852,70.65212121212123,26.28848484848485,26.753939393939394,0.04
