coord_p_true_x,coord_p_true_y,radiusX_p_true,radiusY_p_true,theta_p_true,coord_i_true_x,coord_i_true_y,radiusX_i_true,radiusY_i_true,theta_i_true
103.03999999999999,72.33939393939396,17.047272727272727,17.047272727272727,0.76,103.11757575757574,73.01818181818183,25.92969696969697,25.96848484848485,0.3
