coord_p_true_x,coord_p_true_y,radiusX_p_true,radiusY_p_true,theta_p_true,coord_i_true_x,coord_i_true_y,radiusX_i_true,radiusY_i_true,theta_i_true
118.49696969696974,78.1381818181818,10.715151515151517,10.715151515151517,0.14,120.31030303030309,78.1381818181818,23.951515151515153,23.951515151515153,0.04
