coord_p_true_x,coord_p_true_y,radiusX_p_true,radiusY_p_true,theta_p_true,coord_i_true_x,coord_i_true_y,radiusX_i_true,radiusY_i_true,theta_i_true
118.7490909090909,76.39272727272724,9.978181818181818,9.978181818181818,0.85,117.5951515151515,76.87757575757573,30.118787878787877,30.118787878787877,0.52
