coord_p_true_x,coord_p_true_y,radiusX_p_true,radiusY_p_true,theta_p_true,coord_i_true_x,coord_i_true_y,radiusX_i_true,radiusY_i_true,theta_i_true
112.0775757575758,77.24606060606064,10.783030303030303,10.783030303030303,0.85,114.55030303030303,78.55515151515151,29.77939393939394,29.77939393939394,0.61
