coord_p_true_x,coord_p_true_y,radiusX_p_true,radiusY_p_true,theta_p_true,coord_i_true_x,coord_i_true_y,radiusX_i_true,radiusY_i_true,theta_i_true
114.12363636363636,77.76969696969697,10.88,10.88,-0.12,112.42666666666666,79.40848484848483,23.873939393939395,23.873939393939395,-0.07
