coord_p_true_x,coord_p_true_y,radiusX_p_true,radiusY_p_true,theta_p_true,coord_i_true_x,coord_i_true_y,radiusX_i_true,radiusY_i_true,theta_i_true
102.96242424242419,76.05333333333334,8.901818181818182,8.901818181818182,1.03,104.57212121212125,75.37454545454547,28.09212121212121,28.09212121212121,2.92
