coord_p_true_x,coord_p_true_y,radiusX_p_true,radiusY_p_true,theta_p_true,coord_i_true_x,coord_i_true_y,radiusX_i_true,radiusY_i_true,theta_i_true
106.28848484848487,74.16242424242427,7.70909090909091,7.747878787878788,0.98,106.00727272727272,75.84969696969699,28.363636363636363,28.363636363636363,0.12
