coord_p_true_x,coord_p_true_y,radiusX_p_true,radiusY_p_true,theta_p_true,coord_i_true_x,coord_i_true_y,radiusX_i_true,radiusY_i_true,theta_i_true
119.43757575757571,83.91757575757578,13.071515151515152,13.071515151515152,0.7,121.30909090909094,84.91636363636363,24.99878787878788,24.96,3.05
