coord_p_true_x,coord_p_true_y,radiusX_p_true,radiusY_p_true,theta_p_true,coord_i_true_x,coord_i_true_y,radiusX_i_true,radiusY_i_true,theta_i_true
117.89575757575756,85.22666666666666,13.730909090909092,13.730909090909092,0.66,117.32363636363638,83.95636363636362,23.563636363636366,23.563636363636366,0.55
