coord_p_true_x,coord_p_true_y,radiusX_p_true,radiusY_p_true,theta_p_true,coord_i_true_x,coord_i_true_y,radiusX_i_true,radiusY_i_true,theta_i_true
101.75030303030299,81.47393939393938,11.762424242424244,11.762424242424244,0.92,100.60606060606061,79.4181818181818,22.96242424242424,22.96242424242424,2.66
