coord_p_true_x,coord_p_true_y,radiusX_p_true,radiusY_p_true,theta_p_true,coord_i_true_x,coord_i_true_y,radiusX_i_true,radiusY_i_true,theta_i_true
110.72000000000001,79.83515151515151,12.082424242424244,12.082424242424244,0.9,109.52727272727272,80.47515151515152,24.26181818181818,24.26181818181818,0.43
