coord_p_true_x,coord_p_true_y,radiusX_p_true,radiusY_p_true,theta_p_true,coord_i_true_x,coord_i_true_y,radiusX_i_true,radiusY_i_true,theta_i_true
110.35151515151516,76.47030303030304,6.933333333333334,6.933333333333334,0.85,109.66303030303028,79.97090909090912,25.29939393939394,25.29939393939394,0.11
