coord_p_true_x,coord_p_true_y,radiusX_p_true,radiusY_p_true,theta_p_true,coord_i_true_x,coord_i_true_y,radiusX_i_true,radiusY_i_true,theta_i_true
109.65333333333338,76.97454545454545,7.3115151515151515,7.3115151515151515,0.54,111.01090909090911,77.15878787878788,25.473939393939393,24.290909090909093,-3.14
