coord_p_true_x,coord_p_true_y,radiusX_p_true,radiusY_p_true,theta_p_true,coord_i_true_x,coord_i_true_y,radiusX_i_true,radiusY_i_true,theta_i_true
115.56848484848486,76.36363636363636,11.345454545454546,11.345454545454546,0.49,114.83151515151518,78.30303030303031,23.311515151515152,23.311515151515152,0.16
