coord_p_true_x,coord_p_true_y,radiusX_p_true,radiusY_p_true,theta_p_true,coord_i_true_x,coord_i_true_y,radiusX_i_true,radiusY_i_true,theta_i_true
114.88000000000002,75.28727272727272,10.773333333333333,10.773333333333333,0.84,115.41333333333331,76.38303030303028,24.164848484848488,24.164848484848488,0.16
