coord_p_true_x,coord_p_true_y,radiusX_p_true,radiusY_p_true,theta_p_true,coord_i_true_x,coord_i_true_y,radiusX_i_true,radiusY_i_true,theta_i_true
110.93333333333331,76.69333333333331,7.020606060606061,7.020606060606061,0.54,109.26545454545456,77.14909090909092,24.329696969696972,24.329696969696972,0.05
