coord_p_true_x,coord_p_true_y,radiusX_p_true,radiusY_p_true,theta_p_true,coord_i_true_x,coord_i_true_y,radiusX_i_true,radiusY_i_true,theta_i_true
97.23151515151514,80.68848484848483,8.717575757575759,8.717575757575759,0.56,98.75393939393943,77.86666666666667,25.861818181818183,26.152727272727272,2.66
