coord_p_true_x,coord_p_true_y,radiusX_p_true,radiusY_p_true,theta_p_true,coord_i_true_x,coord_i_true_y,radiusX_i_true,radiusY_i_true,theta_i_true
102.40000000000002,80.04848484848486,7.69939393939394,7.69939393939394,0.78,101.03272727272727,81.70666666666666,27.200000000000003,27.23878787878788,0.02
