coord_p_true_x,coord_p_true_y,radiusX_p_true,radiusY_p_true,theta_p_true,coord_i_true_x,coord_i_true_y,radiusX_i_true,radiusY_i_true,theta_i_true
104.93090909090913,78.1381818181818,6.894545454545455,6.894545454545455,0.67,106.05575757575758,77.5078787878788,24.155151515151516,24.155151515151516,3.08
