coord_p_true_x,coord_p_true_y,radiusX_p_true,radiusY_p_true,theta_p_true,coord_i_true_x,coord_i_true_y,radiusX_i_true,radiusY_i_true,theta_i_true
110.18666666666667,80.0387878787879,8.087272727272728,8.087272727272728,0.87,111.61212121212124,80.91151515151515,26.560000000000002,26.560000000000002,3.0
