coord_p_true_x,coord_p_true_y,radiusX_p_true,radiusY_p_true,theta_p_true,coord_i_true_x,coord_i_true_y,radiusX_i_true,radiusY_i_true,theta_i_true
111.17575757575756,80.47515151515152,9.803636363636363,9.803636363636363,0.8,110.36121212121212,80.43636363636362,25.29939393939394,25.29939393939394,0.41
