coord_p_true_x,coord_p_true_y,radiusX_p_true,radiusY_p_true,theta_p_true,coord_i_true_x,coord_i_true_y,radiusX_i_true,radiusY_i_true,theta_i_true
110.11878787878783,73.49333333333335,9.852121212121213,9.852121212121213,0.23,110.41939393939394,74.4921212121212,22.952727272727277,22.952727272727277,-0.18
