coord_p_true_x,coord_p_true_y,radiusX_p_true,radiusY_p_true,theta_p_true,coord_i_true_x,coord_i_true_y,radiusX_i_true,radiusY_i_true,theta_i_true
115.5587878787879,75.05454545454543,9.183030303030304,9.183030303030304,0.11,114.20121212121211,76.47030303030304,22.46787878787879,22.46787878787879,0.11
