coord_p_true_x,coord_p_true_y,radiusX_p_true,radiusY_p_true,theta_p_true,coord_i_true_x,coord_i_true_y,radiusX_i_true,radiusY_i_true,theta_i_true
121.97818181818178,77.11999999999998,16.37818181818182,16.37818181818182,-0.03,123.36484848484851,77.5466666666667,24.533333333333335,24.533333333333335,-0.12
