coord_p_true_x,coord_p_true_y,radiusX_p_true,radiusY_p_true,theta_p_true,coord_i_true_x,coord_i_true_y,radiusX_i_true,radiusY_i_true,theta_i_true
117.10060606060605,77.60484848484846,16.494545454545456,16.494545454545456,0.15,116.61575757575757,77.73090909090912,24.70787878787879,24.70787878787879,0.01
