coord_p_true_x,coord_p_true_y,radiusX_p_true,radiusY_p_true,theta_p_true,coord_i_true_x,coord_i_true_y,radiusX_i_true,radiusY_i_true,theta_i_true
107.54909090909094,76.34424242424244,11.073939393939394,11.073939393939394,0.09,107.25818181818184,75.99515151515152,28.56727272727273,28.56727272727273,-0.18
