coord_p_true_x,coord_p_true_y,radiusX_p_true,radiusY_p_true,theta_p_true,coord_i_true_x,coord_i_true_y,radiusX_i_true,radiusY_i_true,theta_i_true
106.09454545454543,76.67393939393939,12.344242424242426,12.344242424242426,-0.13,107.190303030303,75.66545454545452,31.44727272727273,31.44727272727273,-0.3
