coord_p_true_x,coord_p_true_y,radiusX_p_true,radiusY_p_true,theta_p_true,coord_i_true_x,coord_i_true_y,radiusX_i_true,radiusY_i_true,theta_i_true
109.73090909090912,79.78666666666665,7.505454545454546,7.505454545454546,-0.04,108.22787878787881,80.53333333333335,25.599999999999998,25.599999999999998,-0.01
