coord_p_true_x,coord_p_true_y,radiusX_p_true,radiusY_p_true,theta_p_true,coord_i_true_x,coord_i_true_y,radiusX_i_true,radiusY_i_true,theta_i_true
105.53212121212125,80.19393939393939,7.3115151515151515,7.3115151515151515,-0.11,106.99636363636367,81.88121212121212,23.76727272727273,23.76727272727273,-0.02
