coord_p_true_x,coord_p_true_y,radiusX_p_true,radiusY_p_true,theta_p_true,coord_i_true_x,coord_i_true_y,radiusX_i_true,radiusY_i_true,theta_i_true
120.15515151515154,80.14545454545453,7.8545454545454545,7.8545454545454545,0.19,119.67030303030306,82.03636363636366,25.774545454545454,25.774545454545454,-0.01
