coord_p_true_x,coord_p_true_y,radiusX_p_true,radiusY_p_true,theta_p_true,coord_i_true_x,coord_i_true_y,radiusX_i_true,radiusY_i_true,theta_i_true
103.52484848484848,76.55757575757575,8.513939393939394,8.513939393939394,0.09,104.70787878787881,76.90666666666667,28.56727272727273,27.53939393939394,-0.29
