coord_p_true_x,coord_p_true_y,radiusX_p_true,radiusY_p_true,theta_p_true,coord_i_true_x,coord_i_true_y,radiusX_i_true,radiusY_i_true,theta_i_true
113.90060606060604,75.49090909090911,8.281212121212121,8.281212121212121,-0.02,113.1927272727273,75.99515151515152,28.82909090909091,28.82909090909091,-0.05
