coord_p_true_x,coord_p_true_y,radiusX_p_true,radiusY_p_true,theta_p_true,coord_i_true_x,coord_i_true_y,radiusX_i_true,radiusY_i_true,theta_i_true
106.30787878787879,74.25939393939393,11.112727272727273,11.112727272727273,-0.31,107.10303030303035,75.15151515151516,25.444848484848485,25.444848484848485,-0.35
