coord_p_true_x,coord_p_true_y,radiusX_p_true,radiusY_p_true,theta_p_true,coord_i_true_x,coord_i_true_y,radiusX_i_true,radiusY_i_true,theta_i_true
108.12121212121212,72.36848484848484,10.976969696969698,10.976969696969698,-0.35,107.90787878787876,73.81333333333335,23.97090909090909,23.97090909090909,-0.22
