coord_p_true_x,coord_p_true_y,radiusX_p_true,radiusY_p_true,theta_p_true,coord_i_true_x,coord_i_true_y,radiusX_i_true,radiusY_i_true,theta_i_true
119.07878787878784,75.7721212121212,11.675151515151514,11.675151515151514,0.41,119.96121212121216,77.45939393939393,19.015757575757576,19.015757575757576,0.14
