coord_p_true_x,coord_p_true_y,radiusX_p_true,radiusY_p_true,theta_p_true,coord_i_true_x,coord_i_true_y,radiusX_i_true,radiusY_i_true,theta_i_true
122.42424242424242,76.54787878787879,11.82060606060606,11.82060606060606,0.36,123.52969696969696,75.80121212121215,20.974545454545453,20.974545454545453,0.0
