coord_p_true_x,coord_p_true_y,radiusX_p_true,radiusY_p_true,theta_p_true,coord_i_true_x,coord_i_true_y,radiusX_i_true,radiusY_i_true,theta_i_true
112.26181818181817,78.40000000000002,6.370909090909091,6.370909090909091,-0.25,111.22424242424242,80.00969696969696,21.46909090909091,21.46909090909091,-0.12
