coord_p_true_x,coord_p_true_y,radiusX_p_true,radiusY_p_true,theta_p_true,coord_i_true_x,coord_i_true_y,radiusX_i_true,radiusY_i_true,theta_i_true
114.24969696969703,77.23636363636362,5.081212121212122,5.081212121212122,0.01,113.28969696969702,77.30424242424245,21.15878787878788,21.15878787878788,0.03
