coord_p_true_x,coord_p_true_y,radiusX_p_true,radiusY_p_true,theta_p_true,coord_i_true_x,coord_i_true_y,radiusX_i_true,radiusY_i_true,theta_i_true
113.85212121212119,72.39757575757578,5.983030303030303,5.983030303030303,0.18,115.03515151515151,73.10545454545453,26.86060606060606,26.86060606060606,-0.2
