coord_p_true_x,coord_p_true_y,radiusX_p_true,radiusY_p_true,theta_p_true,coord_i_true_x,coord_i_true_y,radiusX_i_true,radiusY_i_true,theta_i_true
109.48848484848487,71.8739393939394,6.700606060606061,6.700606060606061,-0.19,109.40121212121211,72.64000000000003,27.384242424242423,27.384242424242423,-0.21
