coord_p_true_x,coord_p_true_y,radiusX_p_true,radiusY_p_true,theta_p_true,coord_i_true_x,coord_i_true_y,radiusX_i_true,radiusY_i_true,theta_i_true
122.89939393939395,77.58545454545454,7.583030303030304,7.583030303030304,0.15,122.82181818181822,78.8848484848485,22.74909090909091,22.74909090909091,0.04
