coord_p_true_x,coord_p_true_y,radiusX_p_true,radiusY_p_true,theta_p_true,coord_i_true_x,coord_i_true_y,radiusX_i_true,radiusY_i_true,theta_i_true
120.25212121212121,76.56727272727271,8.135757575757577,8.135757575757577,0.21,119.76727272727273,76.97454545454545,23.107878787878786,23.107878787878786,-0.1
