coord_p_true_x,coord_p_true_y,radiusX_p_true,radiusY_p_true,theta_p_true,coord_i_true_x,coord_i_true_y,radiusX_i_true,radiusY_i_true,theta_i_true
115.04484848484847,77.53696969696968,8.833939393939394,8.833939393939394,-0.04,114.51151515151513,77.53696969696968,27.48121212121212,27.48121212121212,-0.06
