coord_p_true_x,coord_p_true_y,radiusX_p_true,radiusY_p_true,theta_p_true,coord_i_true_x,coord_i_true_y,radiusX_i_true,radiusY_i_true,theta_i_true
112.88242424242422,77.129696969697,9.745454545454546,9.745454545454546,0.23,112.28121212121209,76.82909090909092,28.130909090909093,28.130909090909093,-0.15
