coord_p_true_x,coord_p_true_y,radiusX_p_true,radiusY_p_true,theta_p_true,coord_i_true_x,coord_i_true_y,radiusX_i_true,radiusY_i_true,theta_i_true
94.0121212121212,68.38303030303028,8.610909090909091,8.610909090909091,-0.17,94.60363636363637,72.33939393939396,23.059393939393942,23.059393939393942,0.16
