coord_p_true_x,coord_p_true_y,radiusX_p_true,radiusY_p_true,theta_p_true,coord_i_true_x,coord_i_true_y,radiusX_i_true,radiusY_i_true,theta_i_true
97.9490909090909,68.13090909090909,13.255757575757576,13.255757575757576,-0.42,96.82424242424244,68.62545454545453,30.76848484848485,30.76848484848485,-0.15
