coord_p_true_x,coord_p_true_y,radiusX_p_true,radiusY_p_true,theta_p_true,coord_i_true_x,coord_i_true_y,radiusX_i_true,radiusY_i_true,theta_i_true
105.06666666666669,77.78909090909094,6.884848484848485,6.884848484848485,0.07,105.53212121212125,79.22424242424242,28.722424242424243,28.722424242424243,0.04
