coord_p_true_x,coord_p_true_y,radiusX_p_true,radiusY_p_true,theta_p_true,coord_i_true_x,coord_i_true_y,radiusX_i_true,radiusY_i_true,theta_i_true
112.26181818181817,76.16969696969699,6.235151515151515,6.235151515151515,0.21,110.68121212121211,78.15757575757578,29.003636363636364,29.003636363636364,-0.17
