coord_p_true_x,coord_p_true_y,radiusX_p_true,radiusY_p_true,theta_p_true,coord_i_true_x,coord_i_true_y,radiusX_i_true,radiusY_i_true,theta_i_true
94.30303030303031,78.72969696969697,6.642424242424243,6.642424242424243,-0.01,93.75030303030299,79.82545454545455,17.357575757575756,17.357575757575756,-2.88
