coord_p_true_x,coord_p_true_y,radiusX_p_true,radiusY_p_true,theta_p_true,coord_i_true_x,coord_i_true_y,radiusX_i_true,radiusY_i_true,theta_i_true
118.28363636363639,77.43030303030305,8.387878787878789,8.387878787878789,0.07,119.27272727272728,79.36969696969699,23.864242424242423,23.864242424242423,0.01
