coord_p_true_x,coord_p_true_y,radiusX_p_true,radiusY_p_true,theta_p_true,coord_i_true_x,coord_i_true_y,radiusX_i_true,radiusY_i_true,theta_i_true
104.72727272727273,81.9490909090909,5.265454545454546,5.265454545454546,0.11,103.27272727272728,80.01939393939392,13.595151515151516,13.595151515151516,0.03
