coord_p_true_x,coord_p_true_y,radiusX_p_true,radiusY_p_true,theta_p_true,coord_i_true_x,coord_i_true_y,radiusX_i_true,radiusY_i_true,theta_i_true
119.4181818181818,78.31272727272727,8.950303030303031,8.950303030303031,0.24,119.3309090909091,79.71878787878786,23.825454545454548,23.825454545454548,0.0
