coord_p_true_x,coord_p_true_y,radiusX_p_true,radiusY_p_true,theta_p_true,coord_i_true_x,coord_i_true_y,radiusX_i_true,radiusY_i_true,theta_i_true
110.37090909090914,74.62787878787877,7.233939393939394,7.233939393939394,0.34,111.2436363636364,74.8121212121212,26.463030303030305,26.463030303030305,-0.09
