coord_p_true_x,coord_p_true_y,radiusX_p_true,radiusY_p_true,theta_p_true,coord_i_true_x,coord_i_true_y,radiusX_i_true,radiusY_i_true,theta_i_true
110.00242424242424,75.15151515151516,7.263030303030304,7.263030303030304,0.2,109.00363636363639,76.25696969696969,26.94787878787879,26.94787878787879,-0.18
