coord_p_true_x,coord_p_true_y,radiusX_p_true,radiusY_p_true,theta_p_true,coord_i_true_x,coord_i_true_y,radiusX_i_true,radiusY_i_true,theta_i_true
112.59151515151517,71.63151515151516,6.07030303030303,6.07030303030303,-0.02,111.60242424242422,74.17212121212123,22.700606060606063,22.45818181818182,-0.07
