coord_p_true_x,coord_p_true_y,radiusX_p_true,radiusY_p_true,theta_p_true,coord_i_true_x,coord_i_true_y,radiusX_i_true,radiusY_i_true,theta_i_true
121.38666666666667,74.10424242424244,8.727272727272727,8.727272727272727,-0.06,119.02060606060607,75.95636363636362,22.34181818181818,22.34181818181818,-0.13
