coord_p_true_x,coord_p_true_y,radiusX_p_true,radiusY_p_true,theta_p_true,coord_i_true_x,coord_i_true_y,radiusX_i_true,radiusY_i_true,theta_i_true
114.72484848484844,74.09454545454548,8.746666666666666,8.746666666666666,0.23,115.33575757575763,74.71515151515153,24.455757575757577,24.455757575757577,-0.02
