coord_p_true_x,coord_p_true_y,radiusX_p_true,radiusY_p_true,theta_p_true,coord_i_true_x,coord_i_true_y,radiusX_i_true,radiusY_i_true,theta_i_true
111.75757575757576,73.36727272727275,6.778181818181818,6.778181818181818,-0.43,112.39757575757572,74.31757575757575,23.117575757575757,23.117575757575757,-0.11
