coord_p_true_x,coord_p_true_y,radiusX_p_true,radiusY_p_true,theta_p_true,coord_i_true_x,coord_i_true_y,radiusX_i_true,radiusY_i_true,theta_i_true
105.02787878787873,80.69818181818185,7.747878787878788,7.747878787878788,0.03,104.3781818181818,80.40727272727274,19.723636363636363,19.723636363636363,-0.03
