coord_p_true_x,coord_p_true_y,radiusX_p_true,radiusY_p_true,theta_p_true,coord_i_true_x,coord_i_true_y,radiusX_i_true,radiusY_i_true,theta_i_true
107.28727272727272,79.7478787878788,8.126060606060607,8.126060606060607,0.12,107.42303030303027,79.69939393939394,21.265454545454546,21.265454545454546,-0.07
