coord_p_true_x,coord_p_true_y,radiusX_p_true,radiusY_p_true,theta_p_true,coord_i_true_x,coord_i_true_y,radiusX_i_true,radiusY_i_true,theta_i_true
117.9248484848485,77.29454545454544,7.04,7.04,0.44,120.27151515151513,78.50666666666665,24.077575757575758,24.077575757575758,-0.04
