coord_p_true_x,coord_p_true_y,radiusX_p_true,radiusY_p_true,theta_p_true,coord_i_true_x,coord_i_true_y,radiusX_i_true,radiusY_i_true,theta_i_true
121.45454545454545,73.96848484848482,6.496969696969697,6.496969696969697,0.34,120.51393939393937,75.91757575757578,24.484848484848484,24.484848484848484,0.0
