coord_p_true_x,coord_p_true_y,radiusX_p_true,radiusY_p_true,theta_p_true,coord_i_true_x,coord_i_true_y,radiusX_i_true,radiusY_i_true,theta_i_true
117.38181818181819,74.62787878787877,8.387878787878789,8.387878787878789,0.11,115.66545454545452,73.68727272727274,23.932121212121213,23.932121212121213,-0.15
