coord_p_true_x,coord_p_true_y,radiusX_p_true,radiusY_p_true,theta_p_true,coord_i_true_x,coord_i_true_y,radiusX_i_true,radiusY_i_true,theta_i_true
111.86424242424243,71.8739393939394,6.943030303030303,6.943030303030303,-0.41,113.2412121212121,70.50666666666665,24.59151515151515,24.59151515151515,-0.39
