coord_p_true_x,coord_p_true_y,radiusX_p_true,radiusY_p_true,theta_p_true,coord_i_true_x,coord_i_true_y,radiusX_i_true,radiusY_i_true,theta_i_true
116.01454545454544,78.95272727272729,5.74060606060606,5.75030303030303,-0.2,117.40121212121217,77.83757575757575,22.535757575757575,22.535757575757575,-0.1
