coord_p_true_x,coord_p_true_y,radiusX_p_true,radiusY_p_true,theta_p_true,coord_i_true_x,coord_i_true_y,radiusX_i_true,radiusY_i_true,theta_i_true
114.87030303030302,77.9248484848485,6.690909090909091,6.652121212121212,-0.02,114.44363636363634,78.20606060606059,22.661818181818184,22.661818181818184,-0.1
