coord_p_true_x,coord_p_true_y,radiusX_p_true,radiusY_p_true,theta_p_true,coord_i_true_x,coord_i_true_y,radiusX_i_true,radiusY_i_true,theta_i_true
127.3309090909091,77.26545454545456,9.386666666666667,9.386666666666667,-0.05,124.22787878787881,78.60363636363637,23.02060606060606,23.02060606060606,0.17
