coord_p_true_x,coord_p_true_y,radiusX_p_true,radiusY_p_true,theta_p_true,coord_i_true_x,coord_i_true_y,radiusX_i_true,radiusY_i_true,theta_i_true
121.9006060606061,77.81818181818183,10.58909090909091,10.58909090909091,-0.12,122.30787878787879,78.2157575757576,25.173333333333336,25.173333333333336,0.01
