coord_p_true_x,coord_p_true_y,radiusX_p_true,radiusY_p_true,theta_p_true,coord_i_true_x,coord_i_true_y,radiusX_i_true,radiusY_i_true,theta_i_true
110.46787878787875,76.97454545454545,8.397575757575758,8.397575757575758,-0.5,111.8739393939394,78.35151515151516,24.310303030303032,24.310303030303032,-0.1
