coord_p_true_x,coord_p_true_y,radiusX_p_true,radiusY_p_true,theta_p_true,coord_i_true_x,coord_i_true_y,radiusX_i_true,radiusY_i_true,theta_i_true
116.16000000000003,78.7490909090909,8.562424242424242,8.562424242424242,0.04,114.50181818181817,79.03999999999999,24.475151515151513,24.475151515151513,-0.05
