coord_p_true_x,coord_p_true_y,radiusX_p_true,radiusY_p_true,theta_p_true,coord_i_true_x,coord_i_true_y,radiusX_i_true,radiusY_i_true,theta_i_true
108.5575757575758,78.25454545454545,11.713939393939395,11.713939393939395,0.65,108.33454545454548,78.41939393939394,25.21212121212121,25.21212121212121,0.3
