coord_p_true_x,coord_p_true_y,radiusX_p_true,radiusY_p_true,theta_p_true,coord_i_true_x,coord_i_true_y,radiusX_i_true,radiusY_i_true,theta_i_true
108.36363636363636,76.36363636363636,12.373333333333333,12.373333333333333,0.68,107.19030303030306,76.68363636363635,25.39636363636364,25.357575757575756,0.35
