coord_p_true_x,coord_p_true_y,radiusX_p_true,radiusY_p_true,theta_p_true,coord_i_true_x,coord_i_true_y,radiusX_i_true,radiusY_i_true,theta_i_true
118.07999999999998,72.71757575757577,8.756363636363636,8.756363636363636,0.68,120.44606060606064,75.17090909090908,25.008484848484848,25.008484848484848,0.4
