coord_p_true_x,coord_p_true_y,radiusX_p_true,radiusY_p_true,theta_p_true,coord_i_true_x,coord_i_true_y,radiusX_i_true,radiusY_i_true,theta_i_true
111.1660606060606,77.129696969697,10.783030303030303,10.385454545454547,0.84,111.39878787878787,77.00363636363639,22.38060606060606,22.38060606060606,0.45
