coord_p_true_x,coord_p_true_y,radiusX_p_true,radiusY_p_true,theta_p_true,coord_i_true_x,coord_i_true_y,radiusX_i_true,radiusY_i_true,theta_i_true
115.52969696969696,77.84727272727271,10.443636363636363,10.443636363636363,0.82,114.51151515151513,76.39272727272724,22.45818181818182,22.45818181818182,0.34
