coord_p_true_x,coord_p_true_y,radiusX_p_true,radiusY_p_true,theta_p_true,coord_i_true_x,coord_i_true_y,radiusX_i_true,radiusY_i_true,theta_i_true
117.95393939393938,72.68848484848483,8.397575757575758,8.397575757575758,0.76,118.02181818181816,74.65696969696971,26.453333333333337,26.03636363636364,0.38
