coord_p_true_x,coord_p_true_y,radiusX_p_true,radiusY_p_true,theta_p_true,coord_i_true_x,coord_i_true_y,radiusX_i_true,radiusY_i_true,theta_i_true
120.94060606060609,73.82303030303031,8.087272727272728,8.087272727272728,0.96,121.4933333333333,73.22181818181818,23.941818181818185,24.106666666666666,0.4
