coord_p_true_x,coord_p_true_y,radiusX_p_true,radiusY_p_true,theta_p_true,coord_i_true_x,coord_i_true_y,radiusX_i_true,radiusY_i_true,theta_i_true
121.25090909090912,76.72242424242425,8.32969696969697,8.32969696969697,0.76,118.23515151515153,77.32363636363637,23.544242424242427,23.544242424242427,0.35
