coord_p_true_x,coord_p_true_y,radiusX_p_true,radiusY_p_true,theta_p_true,coord_i_true_x,coord_i_true_y,radiusX_i_true,radiusY_i_true,theta_i_true
104.34909090909092,77.44969696969697,15.253333333333334,15.253333333333334,0.74,102.7878787878788,78.11878787878788,22.652121212121212,22.652121212121212,0.37
