coord_p_true_x,coord_p_true_y,radiusX_p_true,radiusY_p_true,theta_p_true,coord_i_true_x,coord_i_true_y,radiusX_i_true,radiusY_i_true,theta_i_true
138.04606060606062,79.42787878787881,12.49939393939394,12.49939393939394,0.78,137.45454545454547,80.32,22.40969696969697,22.40969696969697,0.73
