coord_p_true_x,coord_p_true_y,radiusX_p_true,radiusY_p_true,theta_p_true,coord_i_true_x,coord_i_true_y,radiusX_i_true,radiusY_i_true,theta_i_true
135.39878787878789,77.98303030303032,12.673939393939394,12.673939393939394,0.86,137.46424242424243,79.04969696969695,21.236363636363635,21.236363636363635,0.52
