coord_p_true_x,coord_p_true_y,radiusX_p_true,radiusY_p_true,theta_p_true,coord_i_true_x,coord_i_true_y,radiusX_i_true,radiusY_i_true,theta_i_true
108.23757575757577,75.65575757575756,16.271515151515153,16.271515151515153,0.76,107.15151515151516,77.86666666666667,25.551515151515154,25.551515151515154,0.53
