coord_p_true_x,coord_p_true_y,radiusX_p_true,radiusY_p_true,theta_p_true,coord_i_true_x,coord_i_true_y,radiusX_i_true,radiusY_i_true,theta_i_true
115.91757575757578,79.30181818181816,10.928484848484848,10.928484848484848,0.7,116.53818181818183,78.08969696969694,24.32,24.32,0.33
