coord_p_true_x,coord_p_true_y,radiusX_p_true,radiusY_p_true,theta_p_true,coord_i_true_x,coord_i_true_y,radiusX_i_true,radiusY_i_true,theta_i_true
114.43393939393938,77.40121212121211,11.374545454545455,11.374545454545455,0.75,114.79272727272728,77.97333333333336,24.746666666666666,24.746666666666666,0.35
