coord_p_true_x,coord_p_true_y,radiusX_p_true,radiusY_p_true,theta_p_true,coord_i_true_x,coord_i_true_y,radiusX_i_true,radiusY_i_true,theta_i_true
113.18303030303034,75.72363636363634,9.464242424242425,9.464242424242425,0.7,111.94181818181818,77.129696969697,25.716363636363635,25.716363636363635,0.43
