coord_p_true_x,coord_p_true_y,radiusX_p_true,radiusY_p_true,theta_p_true,coord_i_true_x,coord_i_true_y,radiusX_i_true,radiusY_i_true,theta_i_true
116.22787878787881,77.83757575757575,10.734545454545454,10.734545454545454,0.92,117.45939393939393,77.76,26.172121212121212,26.172121212121212,0.44
