coord_p_true_x,coord_p_true_y,radiusX_p_true,radiusY_p_true,theta_p_true,coord_i_true_x,coord_i_true_y,radiusX_i_true,radiusY_i_true,theta_i_true
102.66181818181819,71.5830303030303,7.078787878787879,7.078787878787879,0.77,102.24484848484849,72.11636363636364,23.253333333333334,23.253333333333334,0.36
