coord_p_true_x,coord_p_true_y,radiusX_p_true,radiusY_p_true,theta_p_true,coord_i_true_x,coord_i_true_y,radiusX_i_true,radiusY_i_true,theta_i_true
103.03030303030303,73.6969696969697,7.806060606060607,7.806060606060607,1.24,103.04969696969695,74.86060606060605,24.649696969696972,24.649696969696972,0.59
