coord_p_true_x,coord_p_true_y,radiusX_p_true,radiusY_p_true,theta_p_true,coord_i_true_x,coord_i_true_y,radiusX_i_true,radiusY_i_true,theta_i_true
107.7721212121212,74.97696969696969,7.136969696969698,7.136969696969698,0.89,107.83999999999999,76.21818181818185,19.684848484848487,19.558787878787882,0.34
