coord_p_true_x,coord_p_true_y,radiusX_p_true,radiusY_p_true,theta_p_true,coord_i_true_x,coord_i_true_y,radiusX_i_true,radiusY_i_true,theta_i_true
103.11757575757579,75.36484848484851,6.390303030303031,6.390303030303031,1.04,104.38787878787876,76.19878787878787,19.704242424242427,20.043636363636367,0.52
