coord_p_true_x,coord_p_true_y,radiusX_p_true,radiusY_p_true,theta_p_true,coord_i_true_x,coord_i_true_y,radiusX_i_true,radiusY_i_true,theta_i_true
105.7745454545455,76.38303030303028,6.370909090909091,6.487272727272728,1.11,106.74424242424247,76.29575757575759,23.78666666666667,23.282424242424245,0.61
