coord_p_true_x,coord_p_true_y,radiusX_p_true,radiusY_p_true,theta_p_true,coord_i_true_x,coord_i_true_y,radiusX_i_true,radiusY_i_true,theta_i_true
108.34424242424244,77.26545454545456,6.09939393939394,6.109090909090909,0.83,107.98545454545456,77.33333333333333,21.76969696969697,24.106666666666666,-0.27
