coord_p_true_x,coord_p_true_y,radiusX_p_true,radiusY_p_true,theta_p_true,coord_i_true_x,coord_i_true_y,radiusX_i_true,radiusY_i_true,theta_i_true
113.51272727272722,79.75757575757576,7.883636363636365,7.883636363636365,0.5,113.4933333333333,81.85212121212123,23.534545454545455,23.534545454545455,0.47
