coord_p_true_x,coord_p_true_y,radiusX_p_true,radiusY_p_true,theta_p_true,coord_i_true_x,coord_i_true_y,radiusX_i_true,radiusY_i_true,theta_i_true
107.25818181818184,82.42424242424242,8.0,8.0,0.73,105.16363636363636,80.69818181818185,24.096969696969698,24.096969696969698,0.49
