coord_p_true_x,coord_p_true_y,radiusX_p_true,radiusY_p_true,theta_p_true,coord_i_true_x,coord_i_true_y,radiusX_i_true,radiusY_i_true,theta_i_true
113.07636363636365,76.50909090909089,6.943030303030303,6.952727272727273,0.77,113.08606060606061,76.92606060606059,20.431515151515153,20.431515151515153,0.52
