coord_p_true_x,coord_p_true_y,radiusX_p_true,radiusY_p_true,theta_p_true,coord_i_true_x,coord_i_true_y,radiusX_i_true,radiusY_i_true,theta_i_true
113.07636363636365,75.56848484848486,6.487272727272728,6.487272727272728,0.68,113.47393939393938,76.54787878787879,20.373333333333335,20.683636363636364,0.6
