coord_p_true_x,coord_p_true_y,radiusX_p_true,radiusY_p_true,theta_p_true,coord_i_true_x,coord_i_true_y,radiusX_i_true,radiusY_i_true,theta_i_true
123.88848484848484,79.35030303030301,9.852121212121213,9.852121212121213,0.76,123.29696969696968,79.30181818181816,24.504242424242424,24.581818181818186,0.8
