coord_p_true_x,coord_p_true_y,radiusX_p_true,radiusY_p_true,theta_p_true,coord_i_true_x,coord_i_true_y,radiusX_i_true,radiusY_i_true,theta_i_true
122.99636363636367,76.43151515151514,10.181818181818182,10.181818181818182,0.89,123.80121212121209,77.5466666666667,24.135757575757577,24.513939393939395,0.7
