coord_p_true_x,coord_p_true_y,radiusX_p_true,radiusY_p_true,theta_p_true,coord_i_true_x,coord_i_true_y,radiusX_i_true,radiusY_i_true,theta_i_true
107.65575757575756,73.22181818181818,12.751515151515152,12.363636363636363,0.69,107.84000000000003,73.96848484848482,24.552727272727275,24.552727272727275,0.27
