coord_p_true_x,coord_p_true_y,radiusX_p_true,radiusY_p_true,theta_p_true,coord_i_true_x,coord_i_true_y,radiusX_i_true,radiusY_i_true,theta_i_true
124.59636363636365,76.40242424242426,10.850909090909092,10.783030303030303,0.48,128.33939393939397,75.05454545454543,27.752727272727274,27.490909090909092,0.22
