coord_p_true_x,coord_p_true_y,radiusX_p_true,radiusY_p_true,theta_p_true,coord_i_true_x,coord_i_true_y,radiusX_i_true,radiusY_i_true,theta_i_true
125.93454545454546,79.09818181818181,10.463030303030303,10.414545454545456,0.85,124.17939393939395,80.33939393939396,27.432727272727274,26.763636363636365,0.56
