coord_p_true_x,coord_p_true_y,radiusX_p_true,radiusY_p_true,theta_p_true,coord_i_true_x,coord_i_true_y,radiusX_i_true,radiusY_i_true,theta_i_true
103.66060606060604,68.68363636363635,12.421818181818182,12.421818181818182,0.71,102.28363636363639,69.24606060606064,24.863030303030303,24.863030303030303,0.26
