coord_p_true_x,coord_p_true_y,radiusX_p_true,radiusY_p_true,theta_p_true,coord_i_true_x,coord_i_true_y,radiusX_i_true,radiusY_i_true,theta_i_true
104.14545454545453,80.98909090909089,11.48121212121212,11.48121212121212,0.05,103.96121212121216,80.7369696969697,21.071515151515154,20.82909090909091,-0.06
