coord_p_true_x,coord_p_true_y,radiusX_p_true,radiusY_p_true,theta_p_true,coord_i_true_x,coord_i_true_y,radiusX_i_true,radiusY_i_true,theta_i_true
103.81575757575759,78.45818181818184,10.753939393939394,10.753939393939394,-0.17,102.8266666666667,78.43878787878786,19.675151515151516,19.025454545454547,-0.34
