coord_p_true_x,coord_p_true_y,radiusX_p_true,radiusY_p_true,theta_p_true,coord_i_true_x,coord_i_true_y,radiusX_i_true,radiusY_i_true,theta_i_true
108.72242424242425,80.49454545454545,9.289696969696971,9.095757575757577,0.0,108.40242424242426,79.73818181818184,20.926060606060606,20.926060606060606,0.06
