coord_p_true_x,coord_p_true_y,radiusX_p_true,radiusY_p_true,theta_p_true,coord_i_true_x,coord_i_true_y,radiusX_i_true,radiusY_i_true,theta_i_true
107.60727272727276,79.38909090909091,9.764848484848486,9.764848484848486,0.0,107.93696969696964,79.68000000000002,20.81939393939394,20.81939393939394,-0.12
