coord_p_true_x,coord_p_true_y,radiusX_p_true,radiusY_p_true,theta_p_true,coord_i_true_x,coord_i_true_y,radiusX_i_true,radiusY_i_true,theta_i_true
119.15636363636364,77.2169696969697,6.778181818181818,6.778181818181818,-0.05,116.8387878787879,78.79757575757576,24.833939393939396,24.833939393939396,0.0
