coord_p_true_x,coord_p_true_y,radiusX_p_true,radiusY_p_true,theta_p_true,coord_i_true_x,coord_i_true_y,radiusX_i_true,radiusY_i_true,theta_i_true
117.63393939393934,75.84969696969699,6.836363636363636,6.836363636363636,-0.06,119.78666666666665,78.08969696969694,25.726060606060607,25.726060606060607,-0.06
