coord_p_true_x,coord_p_true_y,radiusX_p_true,radiusY_p_true,theta_p_true,coord_i_true_x,coord_i_true_y,radiusX_i_true,radiusY_i_true,theta_i_true
118.83636363636366,81.49333333333335,11.936969696969697,11.936969696969697,0.29,118.60363636363637,83.7721212121212,23.80606060606061,23.80606060606061,0.09
