coord_p_true_x,coord_p_true_y,radiusX_p_true,radiusY_p_true,theta_p_true,coord_i_true_x,coord_i_true_y,radiusX_i_true,radiusY_i_true,theta_i_true
105.38666666666663,76.33454545454548,10.947878787878787,10.947878787878787,-0.18,104.80484848484853,77.48848484848487,22.293333333333333,22.293333333333333,-0.07
