coord_p_true_x,coord_p_true_y,radiusX_p_true,radiusY_p_true,theta_p_true,coord_i_true_x,coord_i_true_y,radiusX_i_true,radiusY_i_true,theta_i_true
116.69333333333337,84.63515151515149,11.093333333333334,11.093333333333334,0.14,117.57575757575758,87.07878787878789,24.387878787878787,24.077575757575758,0.25
