coord_p_true_x,coord_p_true_y,radiusX_p_true,radiusY_p_true,theta_p_true,coord_i_true_x,coord_i_true_y,radiusX_i_true,radiusY_i_true,theta_i_true
113.30909090909094,75.17090909090908,10.356363636363636,10.356363636363636,-0.08,112.92121212121211,75.09333333333333,21.401212121212122,21.401212121212122,0.02
