coord_p_true_x,coord_p_true_y,radiusX_p_true,radiusY_p_true,theta_p_true,coord_i_true_x,coord_i_true_y,radiusX_i_true,radiusY_i_true,theta_i_true
123.33575757575763,76.33454545454548,6.700606060606061,6.700606060606061,-0.17,124.37333333333333,79.22424242424242,29.672727272727276,29.672727272727276,0.09
