coord_p_true_x,coord_p_true_y,radiusX_p_true,radiusY_p_true,theta_p_true,coord_i_true_x,coord_i_true_y,radiusX_i_true,radiusY_i_true,theta_i_true
115.46181818181817,77.41090909090907,7.883636363636365,8.02909090909091,-0.17,115.86909090909091,76.82909090909092,23.776969696969697,23.776969696969697,-0.08
