coord_p_true_x,coord_p_true_y,radiusX_p_true,radiusY_p_true,theta_p_true,coord_i_true_x,coord_i_true_y,radiusX_i_true,radiusY_i_true,theta_i_true
107.61696969696972,78.02181818181816,5.818181818181818,5.818181818181818,-0.14,109.44969696969697,78.75878787878791,22.060606060606062,22.060606060606062,-0.08
