coord_p_true_x,coord_p_true_y,radiusX_p_true,radiusY_p_true,theta_p_true,coord_i_true_x,coord_i_true_y,radiusX_i_true,radiusY_i_true,theta_i_true
112.71757575757577,78.99151515151513,7.292121212121212,7.292121212121212,0.04,111.43757575757577,80.76606060606063,28.276363636363637,28.276363636363637,0.02
