coord_p_true_x,coord_p_true_y,radiusX_p_true,radiusY_p_true,theta_p_true,coord_i_true_x,coord_i_true_y,radiusX_i_true,radiusY_i_true,theta_i_true
115.65575757575756,78.87515151515149,9.202424242424243,9.202424242424243,0.06,116.46060606060608,78.20606060606059,24.116363636363637,24.116363636363637,0.04
