coord_p_true_x,coord_p_true_y,radiusX_p_true,radiusY_p_true,theta_p_true,coord_i_true_x,coord_i_true_y,radiusX_i_true,radiusY_i_true,theta_i_true
110.64242424242427,78.20606060606059,6.690909090909091,6.690909090909091,-0.03,109.23636363636362,77.5078787878788,22.613333333333333,22.613333333333333,-0.05
