coord_p_true_x,coord_p_true_y,radiusX_p_true,radiusY_p_true,theta_p_true,coord_i_true_x,coord_i_true_y,radiusX_i_true,radiusY_i_true,theta_i_true
95.26303030303032,79.4569696969697,11.132121212121213,14.535757575757577,0.15,96.31030303030303,81.28,21.401212121212122,27.132121212121213,-2.92
