coord_p_true_x,coord_p_true_y,radiusX_p_true,radiusY_p_true,theta_p_true,coord_i_true_x,coord_i_true_y,radiusX_i_true,radiusY_i_true,theta_i_true
99.88848484848484,80.10666666666668,11.267878787878788,13.16848484848485,0.11,99.76242424242425,81.09575757575757,25.086060606060606,29.77939393939394,0.21
