coord_p_true_x,coord_p_true_y,radiusX_p_true,radiusY_p_true,theta_p_true,coord_i_true_x,coord_i_true_y,radiusX_i_true,radiusY_i_true,theta_i_true
112.5042424242424,74.20121212121211,10.007272727272728,10.007272727272728,-0.03,110.92363636363635,75.80121212121215,23.040000000000003,23.040000000000003,-0.03
