coord_p_true_x,coord_p_true_y,radiusX_p_true,radiusY_p_true,theta_p_true,coord_i_true_x,coord_i_true_y,radiusX_i_true,radiusY_i_true,theta_i_true
112.96969696969697,73.16363636363636,11.849696969696971,11.849696969696971,-0.09,113.32848484848486,76.07272727272726,22.826666666666668,22.826666666666668,-0.1
