coord_p_true_x,coord_p_true_y,radiusX_p_true,radiusY_p_true,theta_p_true,coord_i_true_x,coord_i_true_y,radiusX_i_true,radiusY_i_true,theta_i_true
113.66787878787882,75.1418181818182,6.1478787878787875,6.1478787878787875,0.09,113.00848484848487,74.78303030303032,25.900606060606062,25.900606060606062,-0.13
