coord_p_true_x,coord_p_true_y,radiusX_p_true,radiusY_p_true,theta_p_true,coord_i_true_x,coord_i_true_y,radiusX_i_true,radiusY_i_true,theta_i_true
118.62303030303035,76.13090909090909,5.992727272727272,5.992727272727272,-0.11,119.73818181818184,75.53939393939392,25.67757575757576,25.67757575757576,-0.15
