coord_p_true_x,coord_p_true_y,radiusX_p_true,radiusY_p_true,theta_p_true,coord_i_true_x,coord_i_true_y,radiusX_i_true,radiusY_i_true,theta_i_true
109.7987878787879,76.24727272727273,10.802424242424243,10.802424242424243,0.01,108.48,76.79030303030304,23.12727272727273,23.12727272727273,-0.22
