coord_p_true_x,coord_p_true_y,radiusX_p_true,radiusY_p_true,theta_p_true,coord_i_true_x,coord_i_true_y,radiusX_i_true,radiusY_i_true,theta_i_true
113.9490909090909,74.95757575757577,10.366060606060605,10.366060606060605,-0.11,113.15393939393945,74.31757575757575,23.912727272727274,23.912727272727274,-0.05
