coord_p_true_x,coord_p_true_y,radiusX_p_true,radiusY_p_true,theta_p_true,coord_i_true_x,coord_i_true_y,radiusX_i_true,radiusY_i_true,theta_i_true
112.0775757575758,77.68242424242426,5.79878787878788,5.79878787878788,0.08,112.8145454545455,77.02303030303031,25.93939393939394,25.93939393939394,-0.2
