coord_p_true_x,coord_p_true_y,radiusX_p_true,radiusY_p_true,theta_p_true,coord_i_true_x,coord_i_true_y,radiusX_i_true,radiusY_i_true,theta_i_true
104.33939393939396,77.70181818181818,6.535757575757576,6.535757575757576,-0.3,103.31151515151518,79.63151515151516,24.775757575757577,23.4569696969697,-0.19
