coord_p_true_x,coord_p_true_y,radiusX_p_true,radiusY_p_true,theta_p_true,coord_i_true_x,coord_i_true_y,radiusX_i_true,radiusY_i_true,theta_i_true
109.05212121212125,80.36848484848484,6.865454545454546,6.865454545454546,-0.2,109.4690909090909,80.96969696969697,24.513939393939395,24.513939393939395,0.1
