coord_p_true_x,coord_p_true_y,radiusX_p_true,radiusY_p_true,theta_p_true,coord_i_true_x,coord_i_true_y,radiusX_i_true,radiusY_i_true,theta_i_true
111.4569696969697,77.04242424242423,5.847272727272728,5.847272727272728,0.16,108.8969696969697,77.35272727272725,26.259393939393938,26.259393939393938,0.0
