coord_p_true_x,coord_p_true_y,radiusX_p_true,radiusY_p_true,theta_p_true,coord_i_true_x,coord_i_true_y,radiusX_i_true,radiusY_i_true,theta_i_true
111.59272727272726,75.34545454545453,6.904242424242424,6.768484848484849,-0.45,112.11636363636364,73.97818181818184,23.68969696969697,23.68969696969697,-0.15
