coord_p_true_x,coord_p_true_y,radiusX_p_true,radiusY_p_true,theta_p_true,coord_i_true_x,coord_i_true_y,radiusX_i_true,radiusY_i_true,theta_i_true
102.00242424242424,75.71393939393938,14.40969696969697,14.700606060606061,0.78,100.01454545454544,76.72242424242425,31.94181818181818,31.94181818181818,0.08
