coord_p_true_x,coord_p_true_y,radiusX_p_true,radiusY_p_true,theta_p_true,coord_i_true_x,coord_i_true_y,radiusX_i_true,radiusY_i_true,theta_i_true
97.08606060606061,75.79151515151518,12.392727272727273,12.344242424242426,0.62,98.58909090909087,75.63636363636364,29.35272727272727,28.935757575757577,2.62
