coord_p_true_x,coord_p_true_y,radiusX_p_true,radiusY_p_true,theta_p_true,coord_i_true_x,coord_i_true_y,radiusX_i_true,radiusY_i_true,theta_i_true
107.70424242424248,74.16242424242427,7.214545454545455,7.136969696969698,-0.19,110.08969696969694,73.45454545454545,23.36969696969697,23.36969696969697,-0.32
