coord_p_true_x,coord_p_true_y,radiusX_p_true,radiusY_p_true,theta_p_true,coord_i_true_x,coord_i_true_y,radiusX_i_true,radiusY_i_true,theta_i_true
127.47636363636362,78.66181818181819,4.945454545454545,4.945454545454545,1.04,126.0509090909091,79.8739393939394,21.837575757575756,21.837575757575756,0.68
