coord_p_true_x,coord_p_true_y,radiusX_p_true,radiusY_p_true,theta_p_true,coord_i_true_x,coord_i_true_y,radiusX_i_true,radiusY_i_true,theta_i_true
118.75878787878791,81.84242424242423,8.416969696969696,8.843636363636364,0.96,118.09939393939396,82.27878787878791,24.436363636363637,24.174545454545456,0.8
