coord_p_true_x,coord_p_true_y,radiusX_p_true,radiusY_p_true,theta_p_true,coord_i_true_x,coord_i_true_y,radiusX_i_true,radiusY_i_true,theta_i_true
113.63878787878794,80.33939393939396,9.629090909090909,9.900606060606062,1.04,113.86181818181815,80.91151515151515,25.115151515151513,25.357575757575756,0.58
