coord_p_true_x,coord_p_true_y,radiusX_p_true,radiusY_p_true,theta_p_true,coord_i_true_x,coord_i_true_y,radiusX_i_true,radiusY_i_true,theta_i_true
116.20848484848489,78.45818181818184,5.944242424242424,5.944242424242424,1.02,116.90666666666662,79.73818181818184,21.847272727272728,21.847272727272728,0.73
