coord_p_true_x,coord_p_true_y,radiusX_p_true,radiusY_p_true,theta_p_true,coord_i_true_x,coord_i_true_y,radiusX_i_true,radiusY_i_true,theta_i_true
106.37575757575756,74.86060606060605,6.72,6.72,0.65,105.33818181818182,74.77333333333335,22.74909090909091,21.973333333333333,0.11
