coord_p_true_x,coord_p_true_y,radiusX_p_true,radiusY_p_true,theta_p_true,coord_i_true_x,coord_i_true_y,radiusX_i_true,radiusY_i_true,theta_i_true
126.07030303030302,78.96242424242425,13.498181818181818,13.207272727272727,0.6,122.38545454545458,80.11636363636364,24.436363636363637,24.436363636363637,0.56
