coord_p_true_x,coord_p_true_y,radiusX_p_true,radiusY_p_true,theta_p_true,coord_i_true_x,coord_i_true_y,radiusX_i_true,radiusY_i_true,theta_i_true
114.49212121212126,74.78303030303032,7.03030303030303,7.03030303030303,0.68,114.84121212121208,74.96727272727273,22.6230303030303,22.60363636363636,0.16
