coord_p_true_x,coord_p_true_y,radiusX_p_true,radiusY_p_true,theta_p_true,coord_i_true_x,coord_i_true_y,radiusX_i_true,radiusY_i_true,theta_i_true
124.05333333333334,80.7757575757576,12.218181818181819,11.985454545454544,0.8,120.93090909090907,82.31757575757575,24.174545454545456,24.174545454545456,0.75
