coord_p_true_x,coord_p_true_y,radiusX_p_true,radiusY_p_true,theta_p_true,coord_i_true_x,coord_i_true_y,radiusX_i_true,radiusY_i_true,theta_i_true
105.79393939393943,77.4690909090909,5.333333333333334,5.498181818181818,0.91,107.5975757575758,78.07030303030302,23.883636363636363,23.883636363636363,0.54
