coord_p_true_x,coord_p_true_y,radiusX_p_true,radiusY_p_true,theta_p_true,coord_i_true_x,coord_i_true_y,radiusX_i_true,radiusY_i_true,theta_i_true
119.34060606060606,75.4812121212121,5.304242424242424,5.052121212121212,0.47,118.3321212121212,76.68363636363635,23.64121212121212,23.64121212121212,0.64
