coord_p_true_x,coord_p_true_y,radiusX_p_true,radiusY_p_true,theta_p_true,coord_i_true_x,coord_i_true_y,radiusX_i_true,radiusY_i_true,theta_i_true
114.51151515151513,77.66303030303028,7.990303030303031,7.776969696969696,0.69,115.01575757575759,77.7212121212121,21.430303030303033,20.73212121212121,0.57
