coord_p_true_x,coord_p_true_y,radiusX_p_true,radiusY_p_true,theta_p_true,coord_i_true_x,coord_i_true_y,radiusX_i_true,radiusY_i_true,theta_i_true
106.0751515151515,76.77090909090911,7.8545454545454545,7.8545454545454545,0.92,108.12121212121212,79.08848484848485,19.810909090909092,19.810909090909092,0.35
