coord_p_true_x,coord_p_true_y,radiusX_p_true,radiusY_p_true,theta_p_true,coord_i_true_x,coord_i_true_y,radiusX_i_true,radiusY_i_true,theta_i_true
113.58060606060606,77.7212121212121,8.775757575757577,8.775757575757577,0.75,115.57818181818187,79.02060606060607,25.27030303030303,24.533333333333335,0.21
