coord_p_true_x,coord_p_true_y,radiusX_p_true,radiusY_p_true,theta_p_true,coord_i_true_x,coord_i_true_y,radiusX_i_true,radiusY_i_true,theta_i_true
107.28727272727272,79.47636363636362,8.155151515151516,8.155151515151516,0.83,106.64727272727275,80.42666666666666,26.637575757575757,26.637575757575757,0.15
