coord_p_true_x,coord_p_true_y,radiusX_p_true,radiusY_p_true,theta_p_true,coord_i_true_x,coord_i_true_y,radiusX_i_true,radiusY_i_true,theta_i_true
117.04242424242429,76.8969696969697,7.38909090909091,7.330909090909091,0.55,117.36242424242423,81.09575757575757,24.465454545454545,24.465454545454545,0.34
