coord_p_true_x,coord_p_true_y,radiusX_p_true,radiusY_p_true,theta_p_true,coord_i_true_x,coord_i_true_y,radiusX_i_true,radiusY_i_true,theta_i_true
116.22787878787881,77.64363636363636,7.010909090909092,7.224242424242425,0.95,112.0387878787879,80.19393939393939,24.126060606060605,24.126060606060605,0.23
