coord_p_true_x,coord_p_true_y,radiusX_p_true,radiusY_p_true,theta_p_true,coord_i_true_x,coord_i_true_y,radiusX_i_true,radiusY_i_true,theta_i_true
91.29696969696968,72.47515151515152,7.932121212121212,7.932121212121212,1.04,89.70666666666666,75.60727272727276,21.42060606060606,17.62909090909091,1.75
