coord_p_true_x,coord_p_true_y,radiusX_p_true,radiusY_p_true,theta_p_true,coord_i_true_x,coord_i_true_y,radiusX_i_true,radiusY_i_true,theta_i_true
118.60363636363637,76.36363636363636,8.979393939393939,8.979393939393939,1.03,117.32363636363638,79.05939393939391,23.68969696969697,23.224242424242423,0.45
