coord_p_true_x,coord_p_true_y,radiusX_p_true,radiusY_p_true,theta_p_true,coord_i_true_x,coord_i_true_y,radiusX_i_true,radiusY_i_true,theta_i_true
95.2921212121212,73.08606060606061,6.884848484848485,6.884848484848485,0.68,97.32848484848486,76.79030303030304,26.375757575757575,24.69818181818182,2.52
