coord_p_true_x,coord_p_true_y,radiusX_p_true,radiusY_p_true,theta_p_true,coord_i_true_x,coord_i_true_y,radiusX_i_true,radiusY_i_true,theta_i_true
124.15030303030301,75.49090909090911,6.642424242424243,6.72,0.93,125.27515151515158,77.58545454545454,23.71878787878788,21.042424242424243,0.3
