coord_p_true_x,coord_p_true_y,radiusX_p_true,radiusY_p_true,theta_p_true,coord_i_true_x,coord_i_true_y,radiusX_i_true,radiusY_i_true,theta_i_true
86.69090909090907,76.66424242424243,8.261818181818182,8.261818181818182,0.97,86.99151515151519,78.8460606060606,22.273939393939393,20.16,2.2
