coord_p_true_x,coord_p_true_y,radiusX_p_true,radiusY_p_true,theta_p_true,coord_i_true_x,coord_i_true_y,radiusX_i_true,radiusY_i_true,theta_i_true
98.16242424242427,74.69575757575755,5.343030303030303,5.343030303030303,0.91,97.59030303030302,75.73333333333336,27.713939393939395,26.812121212121212,0.0
