coord_p_true_x,coord_p_true_y,radiusX_p_true,radiusY_p_true,theta_p_true,coord_i_true_x,coord_i_true_y,radiusX_i_true,radiusY_i_true,theta_i_true
110.38060606060604,77.38181818181819,6.535757575757576,6.380606060606061,0.73,109.77939393939393,78.93333333333331,20.76121212121212,21.12969696969697,0.8
