coord_p_true_x,coord_p_true_y,radiusX_p_true,radiusY_p_true,theta_p_true,coord_i_true_x,coord_i_true_y,radiusX_i_true,radiusY_i_true,theta_i_true
110.32242424242423,79.98060606060608,6.215757575757576,6.341818181818182,1.01,111.02060606060607,80.75636363636362,21.19757575757576,21.19757575757576,0.79
