coord_p_true_x,coord_p_true_y,radiusX_p_true,radiusY_p_true,theta_p_true,coord_i_true_x,coord_i_true_y,radiusX_i_true,radiusY_i_true,theta_i_true
121.41575757575755,76.8,8.223030303030304,8.223030303030304,1.05,121.21212121212122,77.26545454545456,19.90787878787879,19.87878787878788,0.64
