coord_p_true_x,coord_p_true_y,radiusX_p_true,radiusY_p_true,theta_p_true,coord_i_true_x,coord_i_true_y,radiusX_i_true,radiusY_i_true,theta_i_true
109.2654545454545,79.38909090909091,12.926060606060606,12.926060606060606,0.27,109.70181818181818,79.22424242424242,23.02060606060606,23.02060606060606,0.05
