coord_p_true_x,coord_p_true_y,radiusX_p_true,radiusY_p_true,theta_p_true,coord_i_true_x,coord_i_true_y,radiusX_i_true,radiusY_i_true,theta_i_true
108.80969696969696,80.76606060606063,13.818181818181818,13.818181818181818,0.59,108.12121212121212,80.20363636363635,22.923636363636366,22.923636363636366,0.02
