coord_p_true_x,coord_p_true_y,radiusX_p_true,radiusY_p_true,theta_p_true,coord_i_true_x,coord_i_true_y,radiusX_i_true,radiusY_i_true,theta_i_true
120.28121212121209,70.03151515151518,6.816969696969697,6.652121212121212,1.48,123.6945454545454,75.90787878787876,18.831515151515152,20.48,0.05
