coord_p_true_x,coord_p_true_y,radiusX_p_true,radiusY_p_true,theta_p_true,coord_i_true_x,coord_i_true_y,radiusX_i_true,radiusY_i_true,theta_i_true
108.01454545454544,74.64727272727275,9.444848484848485,9.444848484848485,0.99,107.43272727272729,74.77333333333335,19.646060606060608,20.353939393939392,0.48
