coord_p_true_x,coord_p_true_y,radiusX_p_true,radiusY_p_true,theta_p_true,coord_i_true_x,coord_i_true_y,radiusX_i_true,radiusY_i_true,theta_i_true
102.16727272727275,76.00484848484848,10.036363636363637,10.036363636363637,0.93,103.06909090909087,77.18787878787882,20.8,20.673939393939396,0.63
