coord_p_true_x,coord_p_true_y,radiusX_p_true,radiusY_p_true,theta_p_true,coord_i_true_x,coord_i_true_y,radiusX_i_true,radiusY_i_true,theta_i_true
107.84969696969699,80.52363636363638,9.493333333333332,9.638787878787879,0.69,109.32363636363638,80.56242424242423,21.672727272727276,21.575757575757578,0.44
