coord_p_true_x,coord_p_true_y,radiusX_p_true,radiusY_p_true,theta_p_true,coord_i_true_x,coord_i_true_y,radiusX_i_true,radiusY_i_true,theta_i_true
106.24000000000001,80.70787878787881,9.483636363636363,9.464242424242425,0.97,105.49333333333335,80.79515151515152,22.19636363636364,22.42909090909091,0.62
