coord_p_true_x,coord_p_true_y,radiusX_p_true,radiusY_p_true,theta_p_true,coord_i_true_x,coord_i_true_y,radiusX_i_true,radiusY_i_true,theta_i_true
117.40121212121211,79.4569696969697,6.555151515151515,6.555151515151515,0.04,117.24606060606064,79.09818181818181,24.06787878787879,23.776969696969697,0.12
