coord_p_true_x,coord_p_true_y,radiusX_p_true,radiusY_p_true,theta_p_true,coord_i_true_x,coord_i_true_y,radiusX_i_true,radiusY_i_true,theta_i_true
121.61939393939396,87.35999999999999,8.242424242424242,8.242424242424242,-0.03,119.32121212121214,88.30060606060607,25.522424242424243,25.522424242424243,-0.01
