coord_p_true_x,coord_p_true_y,radiusX_p_true,radiusY_p_true,theta_p_true,coord_i_true_x,coord_i_true_y,radiusX_i_true,radiusY_i_true,theta_i_true
120.3587878787879,87.88363636363636,9.153939393939394,9.153939393939394,-0.22,122.70545454545451,90.23030303030305,27.277575757575757,27.277575757575757,0.1
