coord_p_true_x,coord_p_true_y,radiusX_p_true,radiusY_p_true,theta_p_true,coord_i_true_x,coord_i_true_y,radiusX_i_true,radiusY_i_true,theta_i_true
109.01333333333329,82.20121212121211,6.943030303030303,6.690909090909091,0.15,110.59393939393935,81.22181818181818,25.076363636363638,24.40727272727273,-0.08
