coord_p_true_x,coord_p_true_y,radiusX_p_true,radiusY_p_true,theta_p_true,coord_i_true_x,coord_i_true_y,radiusX_i_true,radiusY_i_true,theta_i_true
96.07757575757574,78.50666666666665,7.8545454545454545,7.8545454545454545,-0.16,94.07030303030302,79.64121212121212,21.866666666666667,21.866666666666667,-0.08
