coord_p_true_x,coord_p_true_y,radiusX_p_true,radiusY_p_true,theta_p_true,coord_i_true_x,coord_i_true_y,radiusX_i_true,radiusY_i_true,theta_i_true
99.18060606060604,78.8848484848485,7.864242424242424,7.864242424242424,-0.19,99.51030303030304,77.97333333333336,24.106666666666666,24.106666666666666,-0.2
