coord_p_true_x,coord_p_true_y,radiusX_p_true,radiusY_p_true,theta_p_true,coord_i_true_x,coord_i_true_y,radiusX_i_true,radiusY_i_true,theta_i_true
128.6109090909091,77.07151515151517,5.178181818181818,5.178181818181818,-0.07,127.11757575757579,79.94181818181818,18.773333333333333,19.170909090909092,0.0
