coord_p_true_x,coord_p_true_y,radiusX_p_true,radiusY_p_true,theta_p_true,coord_i_true_x,coord_i_true_y,radiusX_i_true,radiusY_i_true,theta_i_true
130.85090909090908,77.01333333333335,5.856969696969697,5.856969696969697,0.12,129.03757575757575,76.60606060606061,21.236363636363635,21.236363636363635,-0.06
