coord_p_true_x,coord_p_true_y,radiusX_p_true,radiusY_p_true,theta_p_true,coord_i_true_x,coord_i_true_y,radiusX_i_true,radiusY_i_true,theta_i_true
111.94181818181818,77.96363636363634,5.827878787878788,5.827878787878788,0.04,111.01090909090911,78.52606060606062,24.99878787878788,24.203636363636367,-0.15
