coord_p_true_x,coord_p_true_y,radiusX_p_true,radiusY_p_true,theta_p_true,coord_i_true_x,coord_i_true_y,radiusX_i_true,radiusY_i_true,theta_i_true
114.54060606060607,77.73090909090912,5.352727272727273,5.488484848484849,-0.19,115.53939393939392,78.30303030303031,25.095757575757574,25.095757575757574,-0.06
