coord_p_true_x,coord_p_true_y,radiusX_p_true,radiusY_p_true,theta_p_true,coord_i_true_x,coord_i_true_y,radiusX_i_true,radiusY_i_true,theta_i_true
118.8363636363636,74.9090909090909,9.376969696969697,9.376969696969697,-0.12,120.63030303030301,74.18181818181819,26.28848484848485,26.28848484848485,0.01
