coord_p_true_x,coord_p_true_y,radiusX_p_true,radiusY_p_true,theta_p_true,coord_i_true_x,coord_i_true_y,radiusX_i_true,radiusY_i_true,theta_i_true
118.92363636363635,75.35515151515149,7.961212121212122,7.961212121212122,-0.19,118.56484848484847,74.6860606060606,26.404848484848486,26.404848484848486,-0.1
