coord_p_true_x,coord_p_true_y,radiusX_p_true,radiusY_p_true,theta_p_true,coord_i_true_x,coord_i_true_y,radiusX_i_true,radiusY_i_true,theta_i_true
104.3781818181818,81.13454545454547,12.974545454545456,12.974545454545456,0.21,109.27515151515158,81.41575757575755,33.96848484848485,33.96848484848485,-0.13
