coord_p_true_x,coord_p_true_y,radiusX_p_true,radiusY_p_true,theta_p_true,coord_i_true_x,coord_i_true_y,radiusX_i_true,radiusY_i_true,theta_i_true
114.1139393939394,82.37575757575756,11.927272727272728,11.927272727272728,0.2,112.17454545454547,81.44484848484849,33.28969696969697,33.28969696969697,0.05
