coord_p_true_x,coord_p_true_y,radiusX_p_true,radiusY_p_true,theta_p_true,coord_i_true_x,coord_i_true_y,radiusX_i_true,radiusY_i_true,theta_i_true
95.89333333333332,76.96484848484849,10.404848484848486,10.404848484848486,-2.95,101.76000000000006,79.17575757575756,18.618181818181817,18.618181818181817,-3.11
