coord_p_true_x,coord_p_true_y,radiusX_p_true,radiusY_p_true,theta_p_true,coord_i_true_x,coord_i_true_y,radiusX_i_true,radiusY_i_true,theta_i_true
99.50060606060607,73.31878787878789,9.115151515151515,9.115151515151515,-0.4,101.22666666666666,75.18060606060604,20.54787878787879,20.54787878787879,-3.0
