coord_p_true_x,coord_p_true_y,radiusX_p_true,radiusY_p_true,theta_p_true,coord_i_true_x,coord_i_true_y,radiusX_i_true,radiusY_i_true,theta_i_true
109.6339393939394,77.66303030303028,6.196363636363636,6.196363636363636,-0.48,109.28484848484848,79.40848484848483,25.900606060606062,24.60121212121212,-0.13
