coord_p_true_x,coord_p_true_y,radiusX_p_true,radiusY_p_true,theta_p_true,coord_i_true_x,coord_i_true_y,radiusX_i_true,radiusY_i_true,theta_i_true
112.8145454545455,76.27636363636367,5.294545454545455,5.294545454545455,-0.54,114.30787878787879,78.63272727272725,24.795151515151517,24.795151515151517,-0.14
