coord_p_true_x,coord_p_true_y,radiusX_p_true,radiusY_p_true,theta_p_true,coord_i_true_x,coord_i_true_y,radiusX_i_true,radiusY_i_true,theta_i_true
113.12484848484851,68.95515151515153,13.905454545454546,13.905454545454546,-0.27,112.33939393939396,69.61454545454548,34.084848484848486,34.084848484848486,-0.09
