coord_p_true_x,coord_p_true_y,radiusX_p_true,radiusY_p_true,theta_p_true,coord_i_true_x,coord_i_true_y,radiusX_i_true,radiusY_i_true,theta_i_true
111.51515151515152,68.63515151515149,13.13939393939394,13.13939393939394,-0.29,112.77575757575754,68.90666666666667,34.04606060606061,34.04606060606061,-0.32
