coord_p_true_x,coord_p_true_y,radiusX_p_true,radiusY_p_true,theta_p_true,coord_i_true_x,coord_i_true_y,radiusX_i_true,radiusY_i_true,theta_i_true
102.65212121212123,78.93333333333331,9.503030303030304,9.503030303030304,-0.09,103.15636363636364,79.7478787878788,23.97090909090909,23.97090909090909,-0.1
