coord_p_true_x,coord_p_true_y,radiusX_p_true,radiusY_p_true,theta_p_true,coord_i_true_x,coord_i_true_y,radiusX_i_true,radiusY_i_true,theta_i_true
111.80606060606057,77.62424242424244,12.004848484848486,12.004848484848486,-0.16,112.28121212121209,79.05939393939391,23.864242424242423,23.864242424242423,-0.14
