coord_p_true_x,coord_p_true_y,radiusX_p_true,radiusY_p_true,theta_p_true,coord_i_true_x,coord_i_true_y,radiusX_i_true,radiusY_i_true,theta_i_true
111.81575757575759,77.65333333333332,7.932121212121212,7.932121212121212,0.04,110.83636363636366,79.36969696969699,24.484848484848484,23.36,-0.05
