coord_p_true_x,coord_p_true_y,radiusX_p_true,radiusY_p_true,theta_p_true,coord_i_true_x,coord_i_true_y,radiusX_i_true,radiusY_i_true,theta_i_true
111.88363636363636,78.1381818181818,7.0593939393939396,7.0593939393939396,-0.11,110.49696969696969,78.99151515151513,28.053333333333335,28.053333333333335,-0.07
