coord_p_true_x,coord_p_true_y,radiusX_p_true,radiusY_p_true,theta_p_true,coord_i_true_x,coord_i_true_y,radiusX_i_true,radiusY_i_true,theta_i_true
106.24969696969703,79.00121212121215,7.6024242424242425,7.6024242424242425,0.11,108.13090909090909,78.92363636363635,28.334545454545456,28.334545454545456,-0.09
