coord_p_true_x,coord_p_true_y,radiusX_p_true,radiusY_p_true,theta_p_true,coord_i_true_x,coord_i_true_y,radiusX_i_true,radiusY_i_true,theta_i_true
107.43272727272723,77.73090909090912,10.812121212121212,10.812121212121212,-0.08,107.76242424242425,78.27393939393943,22.991515151515152,22.991515151515152,-0.06
