coord_p_true_x,coord_p_true_y,radiusX_p_true,radiusY_p_true,theta_p_true,coord_i_true_x,coord_i_true_y,radiusX_i_true,radiusY_i_true,theta_i_true
105.62909090909092,76.18909090909091,10.647272727272728,10.647272727272728,-0.2,105.55151515151518,76.34424242424244,24.28121212121212,24.01939393939394,-0.1
