coord_p_true_x,coord_p_true_y,radiusX_p_true,radiusY_p_true,theta_p_true,coord_i_true_x,coord_i_true_y,radiusX_i_true,radiusY_i_true,theta_i_true
113.51272727272722,77.55636363636366,8.155151515151516,8.155151515151516,-0.1,114.24969696969703,78.37090909090908,23.76727272727273,23.204848484848487,-0.07
