coord_p_true_x,coord_p_true_y,radiusX_p_true,radiusY_p_true,theta_p_true,coord_i_true_x,coord_i_true_y,radiusX_i_true,radiusY_i_true,theta_i_true
110.37090909090914,74.32727272727271,8.475151515151516,8.30060606060606,-0.28,112.24242424242425,74.17212121212123,20.683636363636364,20.683636363636364,-0.16
