coord_p_true_x,coord_p_true_y,radiusX_p_true,radiusY_p_true,theta_p_true,coord_i_true_x,coord_i_true_y,radiusX_i_true,radiusY_i_true,theta_i_true
109.08121212121213,75.59757575757574,7.806060606060607,7.806060606060607,-0.45,108.3539393939394,75.49090909090911,21.304242424242425,21.304242424242425,-0.33
