coord_p_true_x,coord_p_true_y,radiusX_p_true,radiusY_p_true,theta_p_true,coord_i_true_x,coord_i_true_y,radiusX_i_true,radiusY_i_true,theta_i_true
114.6860606060606,81.46424242424241,9.832727272727274,9.784242424242425,-0.04,114.97696969696975,80.76606060606063,23.573333333333334,23.573333333333334,0.08
