coord_p_true_x,coord_p_true_y,radiusX_p_true,radiusY_p_true,theta_p_true,coord_i_true_x,coord_i_true_y,radiusX_i_true,radiusY_i_true,theta_i_true
118.15757575757578,80.47515151515152,9.357575757575757,9.357575757575757,-0.12,118.08969696969694,81.1151515151515,23.107878787878786,23.107878787878786,0.01
