coord_p_true_x,coord_p_true_y,radiusX_p_true,radiusY_p_true,theta_p_true,coord_i_true_x,coord_i_true_y,radiusX_i_true,radiusY_i_true,theta_i_true
118.75878787878791,78.62303030303029,6.758787878787879,6.758787878787879,-0.34,119.1660606060606,79.7090909090909,23.224242424242423,23.224242424242423,0.05
