coord_p_true_x,coord_p_true_y,radiusX_p_true,radiusY_p_true,theta_p_true,coord_i_true_x,coord_i_true_y,radiusX_i_true,radiusY_i_true,theta_i_true
108.59636363636365,78.3321212121212,6.943030303030303,6.943030303030303,-0.32,107.85939393939395,79.89333333333332,23.815757575757576,23.815757575757576,-0.03
