coord_p_true_x,coord_p_true_y,radiusX_p_true,radiusY_p_true,theta_p_true,coord_i_true_x,coord_i_true_y,radiusX_i_true,radiusY_i_true,theta_i_true
110.75878787878791,78.98181818181817,7.263030303030304,7.263030303030304,-0.04,109.06181818181821,80.34909090909092,20.130909090909093,20.130909090909093,0.07
