coord_p_true_x,coord_p_true_y,radiusX_p_true,radiusY_p_true,theta_p_true,coord_i_true_x,coord_i_true_y,radiusX_i_true,radiusY_i_true,theta_i_true
115.86909090909091,76.66424242424243,6.593939393939394,6.593939393939394,-0.21,114.24969696969697,76.80969696969696,23.583030303030306,23.583030303030306,-0.05
