coord_p_true_x,coord_p_true_y,radiusX_p_true,radiusY_p_true,theta_p_true,coord_i_true_x,coord_i_true_y,radiusX_i_true,radiusY_i_true,theta_i_true
108.07272727272732,77.82787878787879,14.002424242424242,14.002424242424242,0.08,109.2945454545455,78.24484848484849,25.047272727272727,25.047272727272727,-0.05
