coord_p_true_x,coord_p_true_y,radiusX_p_true,radiusY_p_true,theta_p_true,coord_i_true_x,coord_i_true_y,radiusX_i_true,radiusY_i_true,theta_i_true
115.71393939393944,75.99515151515152,5.663030303030303,5.663030303030303,-0.11,117.00363636363633,76.09212121212124,24.126060606060605,24.126060606060605,-0.07
