coord_p_true_x,coord_p_true_y,radiusX_p_true,radiusY_p_true,theta_p_true,coord_i_true_x,coord_i_true_y,radiusX_i_true,radiusY_i_true,theta_i_true
112.30060606060601,79.19515151515154,7.864242424242424,7.864242424242424,-0.15,112.83393939393942,79.73818181818184,21.527272727272727,21.527272727272727,-0.14
