coord_p_true_x,coord_p_true_y,radiusX_p_true,radiusY_p_true,theta_p_true,coord_i_true_x,coord_i_true_y,radiusX_i_true,radiusY_i_true,theta_i_true
112.52363636363638,77.70181818181818,13.362424242424241,13.362424242424241,0.05,110.53575757575759,77.07151515151517,25.89090909090909,25.89090909090909,-0.07
