coord_p_true_x,coord_p_true_y,radiusX_p_true,radiusY_p_true,theta_p_true,coord_i_true_x,coord_i_true_y,radiusX_i_true,radiusY_i_true,theta_i_true
124.58666666666669,79.03030303030303,5.178181818181818,5.178181818181818,0.22,124.90666666666662,79.66060606060604,16.174545454545456,21.692121212121215,0.14
