coord_p_true_x,coord_p_true_y,radiusX_p_true,radiusY_p_true,theta_p_true,coord_i_true_x,coord_i_true_y,radiusX_i_true,radiusY_i_true,theta_i_true
108.65454545454541,79.60242424242422,10.084848484848486,9.997575757575758,1.67,110.58424242424239,80.47515151515152,27.791515151515153,27.791515151515153,0.01
