coord_p_true_x,coord_p_true_y,radiusX_p_true,radiusY_p_true,theta_p_true,coord_i_true_x,coord_i_true_y,radiusX_i_true,radiusY_i_true,theta_i_true
119.75757575757576,79.32121212121213,9.221818181818183,9.503030303030304,1.69,118.93333333333331,79.00121212121215,28.51878787878788,28.51878787878788,-0.05
