coord_p_true_x,coord_p_true_y,radiusX_p_true,radiusY_p_true,theta_p_true,coord_i_true_x,coord_i_true_y,radiusX_i_true,radiusY_i_true,theta_i_true
132.08242424242422,77.43030303030305,6.458181818181819,6.458181818181819,-0.25,128.3587878787879,81.23151515151514,20.392727272727274,23.39878787878788,0.28
