coord_p_true_x,coord_p_true_y,radiusX_p_true,radiusY_p_true,theta_p_true,coord_i_true_x,coord_i_true_y,radiusX_i_true,radiusY_i_true,theta_i_true
109.44000000000001,75.62666666666668,6.923636363636364,6.923636363636364,0.04,110.0024242424243,77.7212121212121,25.813333333333336,25.32848484848485,-0.12
