coord_p_true_x,coord_p_true_y,radiusX_p_true,radiusY_p_true,theta_p_true,coord_i_true_x,coord_i_true_y,radiusX_i_true,radiusY_i_true,theta_i_true
114.3660606060606,75.73333333333336,7.03030303030303,7.03030303030303,0.01,111.98060606060608,76.3539393939394,25.580606060606062,26.162424242424244,-0.03
