coord_p_true_x,coord_p_true_y,radiusX_p_true,radiusY_p_true,theta_p_true,coord_i_true_x,coord_i_true_y,radiusX_i_true,radiusY_i_true,theta_i_true
128.13575757575757,80.01939393939392,6.244848484848485,6.244848484848485,0.42,128.02909090909088,79.38909090909091,23.534545454545455,23.534545454545455,0.09
