coord_p_true_x,coord_p_true_y,radiusX_p_true,radiusY_p_true,theta_p_true,coord_i_true_x,coord_i_true_y,radiusX_i_true,radiusY_i_true,theta_i_true
125.88606060606065,78.85575757575756,5.255757575757576,5.255757575757576,0.34,127.44727272727268,79.18545454545458,21.876363636363635,22.041212121212123,0.01
