coord_p_true_x,coord_p_true_y,radiusX_p_true,radiusY_p_true,theta_p_true,coord_i_true_x,coord_i_true_y,radiusX_i_true,radiusY_i_true,theta_i_true
111.77696969696969,78.43878787878786,9.270303030303031,9.270303030303031,0.04,110.84606060606062,79.52484848484848,26.385454545454547,26.385454545454547,0.0
