coord_p_true_x,coord_p_true_y,radiusX_p_true,radiusY_p_true,theta_p_true,coord_i_true_x,coord_i_true_y,radiusX_i_true,radiusY_i_true,theta_i_true
115.57818181818187,77.00363636363639,7.912727272727273,7.912727272727273,-0.24,116.48,77.40121212121211,27.52969696969697,27.52969696969697,-0.03
