coord_p_true_x,coord_p_true_y,radiusX_p_true,radiusY_p_true,theta_p_true,coord_i_true_x,coord_i_true_y,radiusX_i_true,radiusY_i_true,theta_i_true
102.16727272727275,77.34303030303029,6.584242424242425,6.584242424242425,-0.03,100.24727272727273,76.37333333333332,28.509090909090908,28.072727272727274,0.0
