coord_p_true_x,coord_p_true_y,radiusX_p_true,radiusY_p_true,theta_p_true,coord_i_true_x,coord_i_true_y,radiusX_i_true,radiusY_i_true,theta_i_true
107.42303030303027,80.11636363636364,6.002424242424243,6.002424242424243,-0.11,109.19757575757578,79.28242424242424,28.004848484848484,26.802424242424244,-0.18
