coord_p_true_x,coord_p_true_y,radiusX_p_true,radiusY_p_true,theta_p_true,coord_i_true_x,coord_i_true_y,radiusX_i_true,radiusY_i_true,theta_i_true
108.48,78.00242424242424,6.225454545454546,6.09939393939394,0.78,109.88606060606065,77.7987878787879,20.615757575757577,21.09090909090909,0.3
