coord_p_true_x,coord_p_true_y,radiusX_p_true,radiusY_p_true,theta_p_true,coord_i_true_x,coord_i_true_y,radiusX_i_true,radiusY_i_true,theta_i_true
112.85333333333334,76.92606060606059,6.215757575757576,6.215757575757576,0.93,112.23272727272729,77.75030303030304,21.18787878787879,21.18787878787879,0.45
