coord_p_true_x,coord_p_true_y,radiusX_p_true,radiusY_p_true,theta_p_true,coord_i_true_x,coord_i_true_y,radiusX_i_true,radiusY_i_true,theta_i_true
110.71999999999996,75.42303030303027,8.930909090909092,8.930909090909092,0.92,112.19393939393944,75.59757575757574,25.124848484848485,25.241212121212122,0.33
