coord_p_true_x,coord_p_true_y,radiusX_p_true,radiusY_p_true,theta_p_true,coord_i_true_x,coord_i_true_y,radiusX_i_true,radiusY_i_true,theta_i_true
120.81454545454544,77.47878787878786,9.61939393939394,9.61939393939394,0.81,119.56363636363638,78.54545454545455,24.164848484848488,23.80606060606061,0.29
