coord_p_true_x,coord_p_true_y,radiusX_p_true,radiusY_p_true,theta_p_true,coord_i_true_x,coord_i_true_y,radiusX_i_true,radiusY_i_true,theta_i_true
104.52363636363633,76.18909090909091,4.82909090909091,4.82909090909091,0.88,105.92000000000002,75.63636363636364,22.904242424242426,23.02060606060606,0.06
