coord_p_true_x,coord_p_true_y,radiusX_p_true,radiusY_p_true,theta_p_true,coord_i_true_x,coord_i_true_y,radiusX_i_true,radiusY_i_true,theta_i_true
107.13212121212123,74.56969696969695,5.168484848484849,5.168484848484849,0.44,107.06424242424245,74.6860606060606,23.282424242424245,23.728484848484847,0.0
