coord_p_true_x,coord_p_true_y,radiusX_p_true,radiusY_p_true,theta_p_true,coord_i_true_x,coord_i_true_y,radiusX_i_true,radiusY_i_true,theta_i_true
112.94060606060609,76.56727272727271,6.865454545454546,6.865454545454546,0.87,115.61696969696972,77.89575757575756,28.324848484848488,28.421818181818182,0.25
