coord_p_true_x,coord_p_true_y,radiusX_p_true,radiusY_p_true,theta_p_true,coord_i_true_x,coord_i_true_y,radiusX_i_true,radiusY_i_true,theta_i_true
111.92242424242426,78.57454545454543,9.968484848484849,9.968484848484849,0.6,111.06909090909093,78.20606060606059,31.544242424242427,31.63151515151515,0.27
