coord_p_true_x,coord_p_true_y,radiusX_p_true,radiusY_p_true,theta_p_true,coord_i_true_x,coord_i_true_y,radiusX_i_true,radiusY_i_true,theta_i_true
109.18787878787882,77.52727272727272,10.172121212121212,10.172121212121212,0.69,110.68121212121211,78.11878787878788,31.69939393939394,31.166060606060608,0.16
