coord_p_true_x,coord_p_true_y,radiusX_p_true,radiusY_p_true,theta_p_true,coord_i_true_x,coord_i_true_y,radiusX_i_true,radiusY_i_true,theta_i_true
107.91757575757578,73.14424242424244,7.941818181818181,7.941818181818181,0.38,108.5187878787879,77.13939393939395,21.313939393939396,19.94666666666667,0.16
