coord_p_true_x,coord_p_true_y,radiusX_p_true,radiusY_p_true,theta_p_true,coord_i_true_x,coord_i_true_y,radiusX_i_true,radiusY_i_true,theta_i_true
111.57333333333328,75.13212121212123,7.893333333333334,7.893333333333334,0.83,111.43757575757571,78.79757575757576,21.44,20.014545454545456,0.19
