coord_p_true_x,coord_p_true_y,radiusX_p_true,radiusY_p_true,theta_p_true,coord_i_true_x,coord_i_true_y,radiusX_i_true,radiusY_i_true,theta_i_true
106.0751515151515,79.35030303030301,17.687272727272727,17.687272727272727,0.79,105.83272727272727,78.98181818181817,25.63878787878788,25.386666666666667,0.4
