coord_p_true_x,coord_p_true_y,radiusX_p_true,radiusY_p_true,theta_p_true,coord_i_true_x,coord_i_true_y,radiusX_i_true,radiusY_i_true,theta_i_true
105.84242424242423,77.89575757575756,16.00969696969697,16.00969696969697,0.6,105.32848484848486,80.31030303030303,23.06909090909091,22.564848484848486,0.33
