coord_p_true_x,coord_p_true_y,radiusX_p_true,radiusY_p_true,theta_p_true,coord_i_true_x,coord_i_true_y,radiusX_i_true,radiusY_i_true,theta_i_true
114.86060606060606,77.19757575757578,7.04,7.04,0.64,114.03636363636366,80.06787878787878,28.324848484848488,27.791515151515153,0.42
