coord_p_true_x,coord_p_true_y,radiusX_p_true,radiusY_p_true,theta_p_true,coord_i_true_x,coord_i_true_y,radiusX_i_true,radiusY_i_true,theta_i_true
115.82060606060607,76.79030303030304,8.30060606060606,8.30060606060606,0.7,115.18060606060604,76.84848484848484,25.192727272727275,24.484848484848484,0.24
