coord_p_true_x,coord_p_true_y,radiusX_p_true,radiusY_p_true,theta_p_true,coord_i_true_x,coord_i_true_y,radiusX_i_true,radiusY_i_true,theta_i_true
110.92363636363635,80.74666666666666,9.89090909090909,11.19030303030303,0.3,110.71999999999996,81.34787878787877,25.832727272727276,24.901818181818182,0.23
