coord_p_true_x,coord_p_true_y,radiusX_p_true,radiusY_p_true,theta_p_true,coord_i_true_x,coord_i_true_y,radiusX_i_true,radiusY_i_true,theta_i_true
117.85696969696967,77.38181818181819,7.69939393939394,7.69939393939394,0.84,118.93333333333331,78.63272727272725,24.30060606060606,24.69818181818182,0.19
