coord_p_true_x,coord_p_true_y,radiusX_p_true,radiusY_p_true,theta_p_true,coord_i_true_x,coord_i_true_y,radiusX_i_true,radiusY_i_true,theta_i_true
104.24242424242425,80.99878787878785,10.288484848484849,11.616969696969697,0.33,103.85454545454547,82.55999999999999,25.667878787878788,25.832727272727276,0.26
