coord_p_true_x,coord_p_true_y,radiusX_p_true,radiusY_p_true,theta_p_true,coord_i_true_x,coord_i_true_y,radiusX_i_true,radiusY_i_true,theta_i_true
102.03151515151518,72.98909090909089,10.763636363636364,10.433939393939394,0.4,109.23636363636362,76.70303030303033,25.551515151515154,24.096969696969698,0.06
