coord_p_true_x,coord_p_true_y,radiusX_p_true,radiusY_p_true,theta_p_true,coord_i_true_x,coord_i_true_y,radiusX_i_true,radiusY_i_true,theta_i_true
106.41454545454546,72.66909090909091,10.181818181818182,10.181818181818182,0.88,108.00484848484848,74.8121212121212,26.618181818181817,24.572121212121214,0.19
