coord_p_true_x,coord_p_true_y,radiusX_p_true,radiusY_p_true,theta_p_true,coord_i_true_x,coord_i_true_y,radiusX_i_true,radiusY_i_true,theta_i_true
110.32242424242423,77.81818181818183,6.555151515151515,6.555151515151515,0.94,112.3781818181818,79.7090909090909,24.581818181818186,24.106666666666666,0.46
