coord_p_true_x,coord_p_true_y,radiusX_p_true,radiusY_p_true,theta_p_true,coord_i_true_x,coord_i_true_y,radiusX_i_true,radiusY_i_true,theta_i_true
112.80484848484848,78.86545454545453,6.4387878787878785,6.4387878787878785,0.74,112.27151515151513,79.21454545454546,23.922424242424245,23.922424242424245,0.4
