coord_p_true_x,coord_p_true_y,radiusX_p_true,radiusY_p_true,theta_p_true,coord_i_true_x,coord_i_true_y,radiusX_i_true,radiusY_i_true,theta_i_true
110.1381818181818,77.4690909090909,5.246060606060606,5.246060606060606,0.72,109.36242424242423,78.22545454545457,24.513939393939395,24.271515151515153,0.05
