coord_p_true_x,coord_p_true_y,radiusX_p_true,radiusY_p_true,theta_p_true,coord_i_true_x,coord_i_true_y,radiusX_i_true,radiusY_i_true,theta_i_true
115.67515151515148,76.42181818181818,4.693333333333333,4.693333333333333,0.86,115.95636363636368,78.1769696969697,24.68848484848485,22.943030303030305,0.26
