coord_p_true_x,coord_p_true_y,radiusX_p_true,radiusY_p_true,theta_p_true,coord_i_true_x,coord_i_true_y,radiusX_i_true,radiusY_i_true,theta_i_true
98.47272727272728,67.09333333333333,9.56121212121212,9.56121212121212,0.04,97.51272727272728,66.92848484848483,20.82909090909091,20.208484848484847,-0.2
