coord_p_true_x,coord_p_true_y,radiusX_p_true,radiusY_p_true,theta_p_true,coord_i_true_x,coord_i_true_y,radiusX_i_true,radiusY_i_true,theta_i_true
102.04121212121214,66.17212121212123,11.646060606060606,11.646060606060606,0.4,102.11878787878783,67.00606060606063,23.01090909090909,23.01090909090909,-0.01
