coord_p_true_x,coord_p_true_y,radiusX_p_true,radiusY_p_true,theta_p_true,coord_i_true_x,coord_i_true_y,radiusX_i_true,radiusY_i_true,theta_i_true
107.00606060606063,75.17090909090908,12.896969696969698,12.896969696969698,0.76,108.80000000000005,75.65575757575756,30.69090909090909,30.69090909090909,0.22
