coord_p_true_x,coord_p_true_y,radiusX_p_true,radiusY_p_true,theta_p_true,coord_i_true_x,coord_i_true_y,radiusX_i_true,radiusY_i_true,theta_i_true
112.38787878787876,75.74303030303032,11.966060606060607,11.966060606060607,0.71,111.42787878787881,75.45212121212121,31.40848484848485,31.224242424242426,0.36
