coord_p_true_x,coord_p_true_y,radiusX_p_true,radiusY_p_true,theta_p_true,coord_i_true_x,coord_i_true_y,radiusX_i_true,radiusY_i_true,theta_i_true
105.62909090909092,76.40242424242426,7.3987878787878785,7.3987878787878785,0.49,106.9478787878788,78.53575757575759,26.356363636363636,26.356363636363636,-0.04
