coord_p_true_x,coord_p_true_y,radiusX_p_true,radiusY_p_true,theta_p_true,coord_i_true_x,coord_i_true_y,radiusX_i_true,radiusY_i_true,theta_i_true
110.72969696969703,78.19636363636363,6.826666666666667,6.826666666666667,0.73,111.90303030303028,79.78666666666665,24.30060606060606,24.06787878787879,0.3
