coord_p_true_x,coord_p_true_y,radiusX_p_true,radiusY_p_true,theta_p_true,coord_i_true_x,coord_i_true_y,radiusX_i_true,radiusY_i_true,theta_i_true
121.50303030303026,72.13575757575757,6.429090909090909,6.0606060606060606,0.32,123.41333333333331,74.30787878787879,23.612121212121213,21.76969696969697,0.16
