coord_p_true_x,coord_p_true_y,radiusX_p_true,radiusY_p_true,theta_p_true,coord_i_true_x,coord_i_true_y,radiusX_i_true,radiusY_i_true,theta_i_true
118.98181818181817,72.69818181818185,5.760000000000001,5.711515151515151,0.83,116.87757575757574,72.78545454545456,22.080000000000002,22.477575757575757,0.09
