coord_p_true_x,coord_p_true_y,radiusX_p_true,radiusY_p_true,theta_p_true,coord_i_true_x,coord_i_true_y,radiusX_i_true,radiusY_i_true,theta_i_true
117.1781818181818,69.20727272727274,6.196363636363636,6.196363636363636,0.7,115.71393939393938,69.62424242424244,23.71878787878788,23.68969696969697,0.24
