coord_p_true_x,coord_p_true_y,radiusX_p_true,radiusY_p_true,theta_p_true,coord_i_true_x,coord_i_true_y,radiusX_i_true,radiusY_i_true,theta_i_true
118.4775757575757,72.55272727272727,6.962424242424242,6.962424242424242,0.61,119.9224242424242,73.58060606060606,24.64,24.04848484848485,0.4
