coord_p_true_x,coord_p_true_y,radiusX_p_true,radiusY_p_true,theta_p_true,coord_i_true_x,coord_i_true_y,radiusX_i_true,radiusY_i_true,theta_i_true
115.91757575757578,75.09333333333333,10.792727272727273,10.792727272727273,0.87,114.04606060606062,74.75393939393938,25.92969696969697,26.327272727272728,0.35
