coord_p_true_x,coord_p_true_y,radiusX_p_true,radiusY_p_true,theta_p_true,coord_i_true_x,coord_i_true_y,radiusX_i_true,radiusY_i_true,theta_i_true
114.06545454545454,75.63636363636364,9.56121212121212,9.56121212121212,0.78,116.04363636363632,74.50181818181817,26.201212121212123,26.492121212121212,0.29
