coord_p_true_x,coord_p_true_y,radiusX_p_true,radiusY_p_true,theta_p_true,coord_i_true_x,coord_i_true_y,radiusX_i_true,radiusY_i_true,theta_i_true
101.53696969696973,80.69818181818185,6.642424242424243,6.642424242424243,1.14,102.56484848484847,81.58060606060606,21.595151515151514,21.595151515151514,0.19
