coord_p_true_x,coord_p_true_y,radiusX_p_true,radiusY_p_true,theta_p_true,coord_i_true_x,coord_i_true_y,radiusX_i_true,radiusY_i_true,theta_i_true
100.8,78.11878787878788,7.321212121212121,7.321212121212121,0.7,99.49090909090911,79.7090909090909,20.906666666666666,20.94545454545455,0.22
