coord_p_true_x,coord_p_true_y,radiusX_p_true,radiusY_p_true,theta_p_true,coord_i_true_x,coord_i_true_y,radiusX_i_true,radiusY_i_true,theta_i_true
107.83999999999999,81.59030303030302,9.823030303030304,10.065454545454546,1.04,107.00606060606063,79.35030303030301,25.570909090909094,26.007272727272728,0.32
