coord_p_true_x,coord_p_true_y,radiusX_p_true,radiusY_p_true,theta_p_true,coord_i_true_x,coord_i_true_y,radiusX_i_true,radiusY_i_true,theta_i_true
108.15030303030301,79.83515151515151,9.774545454545455,9.61939393939394,0.95,108.57696969696973,78.30303030303031,24.40727272727273,24.892121212121214,0.33
