coord_p_true_x,coord_p_true_y,radiusX_p_true,radiusY_p_true,theta_p_true,coord_i_true_x,coord_i_true_y,radiusX_i_true,radiusY_i_true,theta_i_true
113.54181818181821,81.23151515151514,7.340606060606061,7.340606060606061,1.03,116.48,81.22181818181818,24.746666666666666,24.746666666666666,0.47
