coord_p_true_x,coord_p_true_y,radiusX_p_true,radiusY_p_true,theta_p_true,coord_i_true_x,coord_i_true_y,radiusX_i_true,radiusY_i_true,theta_i_true
122.87030303030302,78.99151515151513,7.553939393939395,7.553939393939395,0.8,123.71393939393938,80.74666666666666,25.425454545454546,25.425454545454546,0.26
