coord_p_true_x,coord_p_true_y,radiusX_p_true,radiusY_p_true,theta_p_true,coord_i_true_x,coord_i_true_y,radiusX_i_true,radiusY_i_true,theta_i_true
113.5709090909091,82.31757575757575,8.727272727272727,8.727272727272727,0.93,111.67030303030306,80.62060606060605,28.30545454545455,28.033939393939395,0.3
