coord_p_true_x,coord_p_true_y,radiusX_p_true,radiusY_p_true,theta_p_true,coord_i_true_x,coord_i_true_y,radiusX_i_true,radiusY_i_true,theta_i_true
111.90303030303028,81.28,9.503030303030304,9.503030303030304,0.69,111.71878787878792,80.34909090909092,28.82909090909091,28.85818181818182,0.31
