coord_p_true_x,coord_p_true_y,radiusX_p_true,radiusY_p_true,theta_p_true,coord_i_true_x,coord_i_true_y,radiusX_i_true,radiusY_i_true,theta_i_true
101.55636363636366,77.85696969696971,5.74060606060606,5.74060606060606,0.85,101.66303030303034,78.37090909090908,22.10909090909091,22.10909090909091,0.2
