coord_p_true_x,coord_p_true_y,radiusX_p_true,radiusY_p_true,theta_p_true,coord_i_true_x,coord_i_true_y,radiusX_i_true,radiusY_i_true,theta_i_true
96.35878787878788,79.07878787878789,5.304242424242424,5.304242424242424,0.79,96.80484848484848,80.60121212121213,21.323636363636364,21.323636363636364,-0.03
