coord_p_true_x,coord_p_true_y,radiusX_p_true,radiusY_p_true,theta_p_true,coord_i_true_x,coord_i_true_y,radiusX_i_true,radiusY_i_true,theta_i_true
118.2157575757576,80.74666666666666,8.562424242424242,8.562424242424242,0.77,118.29333333333335,80.57212121212119,23.40848484848485,23.40848484848485,0.4
