coord_p_true_x,coord_p_true_y,radiusX_p_true,radiusY_p_true,theta_p_true,coord_i_true_x,coord_i_true_y,radiusX_i_true,radiusY_i_true,theta_i_true
122.28848484848487,78.44848484848482,9.454545454545455,9.454545454545455,0.64,123.48121212121215,78.51636363636366,24.99878787878788,24.99878787878788,0.26
