coord_p_true_x,coord_p_true_y,radiusX_p_true,radiusY_p_true,theta_p_true,coord_i_true_x,coord_i_true_y,radiusX_i_true,radiusY_i_true,theta_i_true
125.82787878787879,82.35636363636364,8.164848484848484,8.164848484848484,0.84,123.74303030303032,81.48363636363634,24.436363636363637,24.911515151515154,0.85
