coord_p_true_x,coord_p_true_y,radiusX_p_true,radiusY_p_true,theta_p_true,coord_i_true_x,coord_i_true_y,radiusX_i_true,radiusY_i_true,theta_i_true
124.78060606060602,80.96969696969697,8.242424242424242,8.242424242424242,0.94,126.41939393939394,80.84363636363636,26.598787878787878,26.598787878787878,0.89
