coord_p_true_x,coord_p_true_y,radiusX_p_true,radiusY_p_true,theta_p_true,coord_i_true_x,coord_i_true_y,radiusX_i_true,radiusY_i_true,theta_i_true
107.90787878787876,79.14666666666668,9.357575757575757,9.357575757575757,0.71,107.44242424242425,79.53454545454544,24.184242424242427,24.184242424242427,0.1
