coord_p_true_x,coord_p_true_y,radiusX_p_true,radiusY_p_true,theta_p_true,coord_i_true_x,coord_i_true_y,radiusX_i_true,radiusY_i_true,theta_i_true
114.23999999999995,79.56363636363638,10.046060606060605,9.93939393939394,1.2,115.24848484848488,79.03030303030303,24.05818181818182,24.05818181818182,0.18
