coord_p_true_x,coord_p_true_y,radiusX_p_true,radiusY_p_true,theta_p_true,coord_i_true_x,coord_i_true_y,radiusX_i_true,radiusY_i_true,theta_i_true
103.30181818181816,74.05575757575758,6.981818181818182,6.981818181818182,1.14,104.47515151515152,74.88969696969698,24.290909090909093,24.290909090909093,0.2
