coord_p_true_x,coord_p_true_y,radiusX_p_true,radiusY_p_true,theta_p_true,coord_i_true_x,coord_i_true_y,radiusX_i_true,radiusY_i_true,theta_i_true
116.62545454545453,73.1927272727273,6.904242424242424,6.904242424242424,0.8,115.51030303030304,74.7636363636364,23.757575757575758,23.757575757575758,0.52
