coord_p_true_x,coord_p_true_y,radiusX_p_true,radiusY_p_true,theta_p_true,coord_i_true_x,coord_i_true_y,radiusX_i_true,radiusY_i_true,theta_i_true
108.80969696969701,81.31878787878789,4.82909090909091,4.82909090909091,-0.1,111.45696969696975,82.12363636363636,21.643636363636364,21.643636363636364,-0.04
