coord_p_true_x,coord_p_true_y,radiusX_p_true,radiusY_p_true,theta_p_true,coord_i_true_x,coord_i_true_y,radiusX_i_true,radiusY_i_true,theta_i_true
112.72727272727273,80.90181818181819,4.964848484848485,4.964848484848485,0.24,112.31030303030303,80.80484848484848,21.895757575757575,21.837575757575756,0.07
