coord_p_true_x,coord_p_true_y,radiusX_p_true,radiusY_p_true,theta_p_true,coord_i_true_x,coord_i_true_y,radiusX_i_true,radiusY_i_true,theta_i_true
113.5709090909091,79.2921212121212,10.26909090909091,10.26909090909091,0.04,112.96000000000001,79.90303030303028,24.60121212121212,24.60121212121212,0.0
