coord_p_true_x,coord_p_true_y,radiusX_p_true,radiusY_p_true,theta_p_true,coord_i_true_x,coord_i_true_y,radiusX_i_true,radiusY_i_true,theta_i_true
112.77575757575754,79.00121212121215,10.792727272727273,10.792727272727273,0.2,113.02787878787873,79.79636363636367,25.0569696969697,25.144242424242425,-0.1
