coord_p_true_x,coord_p_true_y,radiusX_p_true,radiusY_p_true,theta_p_true,coord_i_true_x,coord_i_true_y,radiusX_i_true,radiusY_i_true,theta_i_true
108.7612121212121,82.62787878787877,10.346666666666668,10.346666666666668,0.04,109.68242424242426,82.17212121212123,23.350303030303028,23.350303030303028,-0.03
