coord_p_true_x,coord_p_true_y,radiusX_p_true,radiusY_p_true,theta_p_true,coord_i_true_x,coord_i_true_y,radiusX_i_true,radiusY_i_true,theta_i_true
115.49090909090911,82.06545454545454,9.648484848484848,9.648484848484848,0.23,114.8121212121212,81.72606060606059,23.00121212121212,23.00121212121212,0.02
