coord_p_true_x,coord_p_true_y,radiusX_p_true,radiusY_p_true,theta_p_true,coord_i_true_x,coord_i_true_y,radiusX_i_true,radiusY_i_true,theta_i_true
115.37454545454547,77.24606060606064,8.32969696969697,8.32969696969697,0.05,113.3187878787879,79.98060606060608,30.661818181818184,30.632727272727273,0.08
