coord_p_true_x,coord_p_true_y,radiusX_p_true,radiusY_p_true,theta_p_true,coord_i_true_x,coord_i_true_y,radiusX_i_true,radiusY_i_true,theta_i_true
113.58060606060606,76.97454545454545,8.184242424242424,8.184242424242424,0.09,114.94787878787875,76.88727272727274,30.080000000000002,30.080000000000002,-0.21
