coord_p_true_x,coord_p_true_y,radiusX_p_true,radiusY_p_true,theta_p_true,coord_i_true_x,coord_i_true_y,radiusX_i_true,radiusY_i_true,theta_i_true
116.84848484848486,73.68727272727274,6.584242424242425,6.584242424242425,-0.02,115.01575757575759,74.05575757575758,25.63878787878788,25.63878787878788,0.07
