coord_p_true_x,coord_p_true_y,radiusX_p_true,radiusY_p_true,theta_p_true,coord_i_true_x,coord_i_true_y,radiusX_i_true,radiusY_i_true,theta_i_true
119.65090909090908,72.96000000000001,5.973333333333334,5.983030303030303,0.1,120.76606060606058,73.21212121212122,25.687272727272727,25.65818181818182,-0.1
