coord_p_true_x,coord_p_true_y,radiusX_p_true,radiusY_p_true,theta_p_true,coord_i_true_x,coord_i_true_y,radiusX_i_true,radiusY_i_true,theta_i_true
126.4290909090909,79.2436363636364,5.973333333333334,5.973333333333334,0.05,123.00606060606063,80.66909090909091,24.06787878787879,24.06787878787879,0.06
