coord_p_true_x,coord_p_true_y,radiusX_p_true,radiusY_p_true,theta_p_true,coord_i_true_x,coord_i_true_y,radiusX_i_true,radiusY_i_true,theta_i_true
112.51393939393937,77.84727272727271,6.3127272727272725,6.3127272727272725,-0.02,111.03030303030303,78.32242424242423,28.353939393939392,27.277575757575757,-0.08
