coord_p_true_x,coord_p_true_y,radiusX_p_true,radiusY_p_true,theta_p_true,coord_i_true_x,coord_i_true_y,radiusX_i_true,radiusY_i_true,theta_i_true
98.73454545454551,78.3418181818182,8.145454545454546,8.077575757575758,0.09,97.93939393939394,79.88363636363636,22.506666666666668,23.311515151515152,0.05
