coord_p_true_x,coord_p_true_y,radiusX_p_true,radiusY_p_true,theta_p_true,coord_i_true_x,coord_i_true_y,radiusX_i_true,radiusY_i_true,theta_i_true
100.47030303030304,78.96242424242425,7.776969696969696,8.087272727272728,0.2,97.88121212121212,79.84484848484847,21.11030303030303,22.273939393939393,0.13
