coord_p_true_x,coord_p_true_y,radiusX_p_true,radiusY_p_true,theta_p_true,coord_i_true_x,coord_i_true_y,radiusX_i_true,radiusY_i_true,theta_i_true
115.84969696969699,73.82303030303031,7.146666666666667,7.146666666666667,-0.11,116.13090909090909,73.89090909090908,22.613333333333333,22.613333333333333,-0.38
