coord_p_true_x,coord_p_true_y,radiusX_p_true,radiusY_p_true,theta_p_true,coord_i_true_x,coord_i_true_y,radiusX_i_true,radiusY_i_true,theta_i_true
112.7757575757576,75.20000000000002,7.292121212121212,7.292121212121212,0.22,112.57212121212119,75.79151515151518,21.5369696969697,21.343030303030304,0.0
