coord_p_true_x,coord_p_true_y,radiusX_p_true,radiusY_p_true,theta_p_true,coord_i_true_x,coord_i_true_y,radiusX_i_true,radiusY_i_true,theta_i_true
117.93454545454546,82.63757575757579,5.566060606060606,5.566060606060606,0.04,118.08969696969694,82.39515151515154,22.235151515151514,22.235151515151514,0.02
