coord_p_true_x,coord_p_true_y,radiusX_p_true,radiusY_p_true,theta_p_true,coord_i_true_x,coord_i_true_y,radiusX_i_true,radiusY_i_true,theta_i_true
114.04606060606062,81.74545454545456,5.372121212121212,5.372121212121212,0.22,114.24969696969697,82.92848484848483,23.253333333333334,23.253333333333334,0.05
