coord_p_true_x,coord_p_true_y,radiusX_p_true,radiusY_p_true,theta_p_true,coord_i_true_x,coord_i_true_y,radiusX_i_true,radiusY_i_true,theta_i_true
113.06666666666669,73.70666666666666,6.836363636363636,6.836363636363636,-0.13,110.66181818181819,74.47272727272728,24.581818181818186,24.581818181818186,-0.22
