coord_p_true_x,coord_p_true_y,radiusX_p_true,radiusY_p_true,theta_p_true,coord_i_true_x,coord_i_true_y,radiusX_i_true,radiusY_i_true,theta_i_true
107.5684848484848,74.9090909090909,7.544242424242425,7.544242424242425,-0.03,108.58666666666669,73.59030303030302,24.581818181818186,24.581818181818186,-0.24
