coord_p_true_x,coord_p_true_y,radiusX_p_true,radiusY_p_true,theta_p_true,coord_i_true_x,coord_i_true_y,radiusX_i_true,radiusY_i_true,theta_i_true
98.00727272727278,77.71151515151514,11.80121212121212,11.80121212121212,3.05,100.39272727272724,78.93333333333331,32.475151515151516,32.232727272727274,2.96
