coord_p_true_x,coord_p_true_y,radiusX_p_true,radiusY_p_true,theta_p_true,coord_i_true_x,coord_i_true_y,radiusX_i_true,radiusY_i_true,theta_i_true
97.66787878787882,72.94060606060609,12.092121212121214,11.936969696969697,-0.28,97.37696969696971,72.22303030303033,34.57939393939394,34.57939393939394,-0.37
