coord_p_true_x,coord_p_true_y,radiusX_p_true,radiusY_p_true,theta_p_true,coord_i_true_x,coord_i_true_y,radiusX_i_true,radiusY_i_true,theta_i_true
106.28848484848487,78.56484848484847,6.962424242424242,6.962424242424242,-0.13,105.54181818181821,77.5078787878788,21.886060606060607,21.740606060606062,-0.15
