coord_p_true_x,coord_p_true_y,radiusX_p_true,radiusY_p_true,theta_p_true,coord_i_true_x,coord_i_true_y,radiusX_i_true,radiusY_i_true,theta_i_true
108.56727272727271,78.07030303030302,6.652121212121212,6.652121212121212,0.04,107.99515151515152,79.12727272727275,21.983030303030304,21.983030303030304,-0.02
