coord_p_true_x,coord_p_true_y,radiusX_p_true,radiusY_p_true,theta_p_true,coord_i_true_x,coord_i_true_y,radiusX_i_true,radiusY_i_true,theta_i_true
115.05454545454543,77.5951515151515,11.238787878787878,11.238787878787878,0.24,114.42424242424242,77.99272727272728,25.444848484848485,25.444848484848485,0.0
