coord_p_true_x,coord_p_true_y,radiusX_p_true,radiusY_p_true,theta_p_true,coord_i_true_x,coord_i_true_y,radiusX_i_true,radiusY_i_true,theta_i_true
99.57818181818182,78.49696969696969,5.11030303030303,5.11030303030303,0.16,97.01818181818183,79.26303030303032,19.791515151515153,23.088484848484846,0.47
