coord_p_true_x,coord_p_true_y,radiusX_p_true,radiusY_p_true,theta_p_true,coord_i_true_x,coord_i_true_y,radiusX_i_true,radiusY_i_true,theta_i_true
118.83636363636366,72.96000000000001,11.19030303030303,11.19030303030303,0.21,118.50666666666665,73.42545454545457,31.592727272727274,31.893333333333334,-0.01
