coord_p_true_x,coord_p_true_y,radiusX_p_true,radiusY_p_true,theta_p_true,coord_i_true_x,coord_i_true_y,radiusX_i_true,radiusY_i_true,theta_i_true
92.03393939393936,79.68969696969698,4.8969696969696965,4.8969696969696965,-0.04,91.86909090909091,78.60363636363637,24.02909090909091,23.107878787878786,-0.43
