coord_p_true_x,coord_p_true_y,radiusX_p_true,radiusY_p_true,theta_p_true,coord_i_true_x,coord_i_true_y,radiusX_i_true,radiusY_i_true,theta_i_true
108.9357575757576,77.68242424242426,9.056969696969697,9.056969696969697,-0.07,109.90545454545457,78.02181818181816,22.05090909090909,22.05090909090909,-0.28
