coord_p_true_x,coord_p_true_y,radiusX_p_true,radiusY_p_true,theta_p_true,coord_i_true_x,coord_i_true_y,radiusX_i_true,radiusY_i_true,theta_i_true
115.78181818181817,78.36121212121212,12.81939393939394,12.81939393939394,0.01,116.32484848484852,78.36121212121212,26.472727272727273,26.472727272727273,-0.08
