coord_p_true_x,coord_p_true_y,radiusX_p_true,radiusY_p_true,theta_p_true,coord_i_true_x,coord_i_true_y,radiusX_i_true,radiusY_i_true,theta_i_true
114.6860606060606,71.35999999999997,11.151515151515152,11.151515151515152,0.11,115.92727272727268,71.02060606060607,32.368484848484854,32.368484848484854,-0.1
