coord_p_true_x,coord_p_true_y,radiusX_p_true,radiusY_p_true,theta_p_true,coord_i_true_x,coord_i_true_y,radiusX_i_true,radiusY_i_true,theta_i_true
111.8739393939394,76.68363636363635,9.163636363636364,9.163636363636364,0.09,111.38909090909091,76.92606060606059,22.303030303030305,22.303030303030305,-0.06
