coord_p_true_x,coord_p_true_y,radiusX_p_true,radiusY_p_true,theta_p_true,coord_i_true_x,coord_i_true_y,radiusX_i_true,radiusY_i_true,theta_i_true
113.25090909090906,78.07030303030302,9.89090909090909,9.57090909090909,0.1,115.03515151515151,78.59393939393941,24.39757575757576,24.39757575757576,0.01
