coord_p_true_x,coord_p_true_y,radiusX_p_true,radiusY_p_true,theta_p_true,coord_i_true_x,coord_i_true_y,radiusX_i_true,radiusY_i_true,theta_i_true
115.31636363636366,78.77818181818184,10.472727272727274,10.472727272727274,0.11,113.90060606060604,78.07030303030302,23.912727272727274,23.912727272727274,-0.08
