coord_p_true_x,coord_p_true_y,radiusX_p_true,radiusY_p_true,theta_p_true,coord_i_true_x,coord_i_true_y,radiusX_i_true,radiusY_i_true,theta_i_true
106.92848484848483,74.17212121212123,9.376969696969697,9.376969696969697,-0.02,108.82909090909094,73.49333333333335,25.06666666666667,25.06666666666667,-0.32
