coord_p_true_x,coord_p_true_y,radiusX_p_true,radiusY_p_true,theta_p_true,coord_i_true_x,coord_i_true_y,radiusX_i_true,radiusY_i_true,theta_i_true
112.52363636363633,73.41575757575755,5.0618181818181816,5.0618181818181816,-0.18,113.82303030303031,72.47515151515152,21.333333333333336,21.333333333333336,-0.21
