coord_p_true_x,coord_p_true_y,radiusX_p_true,radiusY_p_true,theta_p_true,coord_i_true_x,coord_i_true_y,radiusX_i_true,radiusY_i_true,theta_i_true
108.98424242424241,73.71636363636362,10.366060606060605,10.366060606060605,0.12,108.24727272727273,74.51151515151513,24.562424242424242,24.562424242424242,-0.19
