coord_p_true_x,coord_p_true_y,radiusX_p_true,radiusY_p_true,theta_p_true,coord_i_true_x,coord_i_true_y,radiusX_i_true,radiusY_i_true,theta_i_true
116.62545454545453,74.39515151515154,6.264242424242425,6.264242424242425,-0.16,115.2290909090909,75.4812121212121,20.12121212121212,20.12121212121212,-0.03
