coord_p_true_x,coord_p_true_y,radiusX_p_true,radiusY_p_true,theta_p_true,coord_i_true_x,coord_i_true_y,radiusX_i_true,radiusY_i_true,theta_i_true
120.79515151515152,77.22666666666666,5.653333333333333,5.653333333333333,0.22,119.66060606060604,78.64242424242427,22.836363636363636,22.836363636363636,0.0
