coord_p_true_x,coord_p_true_y,radiusX_p_true,radiusY_p_true,theta_p_true,coord_i_true_x,coord_i_true_y,radiusX_i_true,radiusY_i_true,theta_i_true
120.28121212121209,76.57696969696973,5.284848484848485,5.284848484848485,0.23,120.66909090909097,74.75393939393938,20.615757575757577,20.615757575757577,-0.11
