coord_p_true_x,coord_p_true_y,radiusX_p_true,radiusY_p_true,theta_p_true,coord_i_true_x,coord_i_true_y,radiusX_i_true,radiusY_i_true,theta_i_true
113.4933333333333,79.8739393939394,6.3127272727272725,6.3127272727272725,-0.16,116.07272727272732,81.12484848484851,26.89939393939394,26.579393939393942,-0.05
