coord_p_true_x,coord_p_true_y,radiusX_p_true,radiusY_p_true,theta_p_true,coord_i_true_x,coord_i_true_y,radiusX_i_true,radiusY_i_true,theta_i_true
115.43272727272729,77.41090909090907,6.09939393939394,6.09939393939394,-0.07,114.14303030303029,77.80848484848487,27.296969696969697,27.296969696969697,-0.21
