coord_p_true_x,coord_p_true_y,radiusX_p_true,radiusY_p_true,theta_p_true,coord_i_true_x,coord_i_true_y,radiusX_i_true,radiusY_i_true,theta_i_true
112.01939393939392,75.28727272727272,6.526060606060606,6.526060606060606,-0.17,110.50666666666665,77.61454545454548,25.774545454545454,25.774545454545454,-0.13
