coord_p_true_x,coord_p_true_y,radiusX_p_true,radiusY_p_true,theta_p_true,coord_i_true_x,coord_i_true_y,radiusX_i_true,radiusY_i_true,theta_i_true
109.71151515151514,76.67393939393939,6.816969696969697,6.816969696969697,-0.09,110.89454545454547,80.0387878787879,25.96848484848485,25.96848484848485,-0.02
