coord_p_true_x,coord_p_true_y,radiusX_p_true,radiusY_p_true,theta_p_true,coord_i_true_x,coord_i_true_y,radiusX_i_true,radiusY_i_true,theta_i_true
120.01939393939392,75.90787878787876,6.41939393939394,6.41939393939394,-0.03,118.35151515151517,76.8969696969697,23.36969696969697,23.36969696969697,0.04
