coord_p_true_x,coord_p_true_y,radiusX_p_true,radiusY_p_true,theta_p_true,coord_i_true_x,coord_i_true_y,radiusX_i_true,radiusY_i_true,theta_i_true
118.37090909090914,74.18181818181819,6.002424242424243,6.002424242424243,0.09,120.01939393939392,74.55999999999999,24.04848484848485,24.04848484848485,-0.02
