coord_p_true_x,coord_p_true_y,radiusX_p_true,radiusY_p_true,theta_p_true,coord_i_true_x,coord_i_true_y,radiusX_i_true,radiusY_i_true,theta_i_true
124.66424242424243,75.46181818181817,8.33939393939394,8.223030303030304,0.0,122.1139393939394,76.1018181818182,30.235151515151514,30.235151515151514,-0.02
