coord_p_true_x,coord_p_true_y,radiusX_p_true,radiusY_p_true,theta_p_true,coord_i_true_x,coord_i_true_y,radiusX_i_true,radiusY_i_true,theta_i_true
129.60969696969696,74.09454545454548,8.407272727272728,8.252121212121212,0.06,130.68606060606058,73.22181818181818,30.10909090909091,30.10909090909091,-0.16
