coord_p_true_x,coord_p_true_y,radiusX_p_true,radiusY_p_true,theta_p_true,coord_i_true_x,coord_i_true_y,radiusX_i_true,radiusY_i_true,theta_i_true
119.32121212121214,82.33696969696972,6.981818181818182,6.981818181818182,0.13,118.67151515151515,82.84121212121212,30.826666666666668,30.826666666666668,-0.02
