coord_p_true_x,coord_p_true_y,radiusX_p_true,radiusY_p_true,theta_p_true,coord_i_true_x,coord_i_true_y,radiusX_i_true,radiusY_i_true,theta_i_true
104.329696969697,83.1418181818182,8.30060606060606,8.30060606060606,0.09,105.85212121212119,83.17090909090908,30.400000000000002,28.94545454545455,0.09
