coord_p_true_x,coord_p_true_y,radiusX_p_true,radiusY_p_true,theta_p_true,coord_i_true_x,coord_i_true_y,radiusX_i_true,radiusY_i_true,theta_i_true
136.1260606060606,73.63878787878788,4.867878787878787,4.867878787878787,0.17,137.72606060606057,75.12242424242427,20.887272727272727,20.887272727272727,-0.08
