coord_p_true_x,coord_p_true_y,radiusX_p_true,radiusY_p_true,theta_p_true,coord_i_true_x,coord_i_true_y,radiusX_i_true,radiusY_i_true,theta_i_true
113.99757575757576,79.75757575757576,11.442424242424243,11.442424242424243,0.1,112.30060606060607,80.56242424242423,32.96,32.96,-0.1
