coord_p_true_x,coord_p_true_y,radiusX_p_true,radiusY_p_true,theta_p_true,coord_i_true_x,coord_i_true_y,radiusX_i_true,radiusY_i_true,theta_i_true
132.28606060606063,77.61454545454548,4.7709090909090905,4.7709090909090905,0.22,132.28606060606063,78.7490909090909,22.516363636363636,21.653333333333332,-0.02
