coord_p_true_x,coord_p_true_y,radiusX_p_true,radiusY_p_true,theta_p_true,coord_i_true_x,coord_i_true_y,radiusX_i_true,radiusY_i_true,theta_i_true
107.33575757575763,79.90303030303028,10.90909090909091,10.90909090909091,0.16,108.37333333333332,79.78666666666665,32.67878787878788,32.67878787878788,-0.17
