coord_p_true_x,coord_p_true_y,radiusX_p_true,radiusY_p_true,theta_p_true,coord_i_true_x,coord_i_true_y,radiusX_i_true,radiusY_i_true,theta_i_true
115.57818181818187,78.56484848484847,11.840000000000002,11.840000000000002,0.07,116.8872727272727,79.80606060606063,31.612121212121213,30.642424242424244,-0.16
