coord_p_true_x,coord_p_true_y,radiusX_p_true,radiusY_p_true,theta_p_true,coord_i_true_x,coord_i_true_y,radiusX_i_true,radiusY_i_true,theta_i_true
115.03515151515151,79.21454545454546,11.17090909090909,11.17090909090909,-0.08,113.54181818181816,80.62060606060605,31.46666666666667,28.906666666666666,-0.02
