coord_p_true_x,coord_p_true_y,radiusX_p_true,radiusY_p_true,theta_p_true,coord_i_true_x,coord_i_true_y,radiusX_i_true,radiusY_i_true,theta_i_true
109.57575757575758,75.67515151515154,7.001212121212121,7.001212121212121,-0.19,111.4957575757576,76.23757575757577,23.292121212121213,23.292121212121213,-0.16
