coord_p_true_x,coord_p_true_y,radiusX_p_true,radiusY_p_true,theta_p_true,coord_i_true_x,coord_i_true_y,radiusX_i_true,radiusY_i_true,theta_i_true
100.07272727272732,81.97818181818184,12.47030303030303,12.47030303030303,-0.07,102.75878787878791,82.7248484848485,31.350303030303028,30.78787878787879,2.94
