coord_p_true_x,coord_p_true_y,radiusX_p_true,radiusY_p_true,theta_p_true,coord_i_true_x,coord_i_true_y,radiusX_i_true,radiusY_i_true,theta_i_true
109.9248484848485,82.21090909090907,13.536969696969699,13.536969696969699,0.04,109.06181818181821,81.16363636363636,32.29090909090909,31.680000000000003,0.02
