coord_p_true_x,coord_p_true_y,radiusX_p_true,radiusY_p_true,theta_p_true,coord_i_true_x,coord_i_true_y,radiusX_i_true,radiusY_i_true,theta_i_true
109.38181818181819,71.5442424242424,12.315151515151515,12.315151515151515,-0.21,109.84727272727271,72.52363636363638,23.107878787878786,23.00121212121212,-0.38
