coord_p_true_x,coord_p_true_y,radiusX_p_true,radiusY_p_true,theta_p_true,coord_i_true_x,coord_i_true_y,radiusX_i_true,radiusY_i_true,theta_i_true
108.9357575757576,73.5709090909091,12.15030303030303,12.15030303030303,0.03,109.23636363636362,76.1018181818182,23.796363636363637,22.632727272727273,-0.02
