coord_p_true_x,coord_p_true_y,radiusX_p_true,radiusY_p_true,theta_p_true,coord_i_true_x,coord_i_true_y,radiusX_i_true,radiusY_i_true,theta_i_true
116.8387878787879,75.62666666666668,10.608484848484848,9.289696969696971,0.02,117.9248484848485,77.48848484848487,24.252121212121214,24.252121212121214,-0.17
