coord_p_true_x,coord_p_true_y,radiusX_p_true,radiusY_p_true,theta_p_true,coord_i_true_x,coord_i_true_y,radiusX_i_true,radiusY_i_true,theta_i_true
103.93212121212116,78.08969696969694,5.653333333333333,5.653333333333333,0.07,106.39515151515154,77.99272727272728,22.778181818181817,22.652121212121212,-0.24
