coord_p_true_x,coord_p_true_y,radiusX_p_true,radiusY_p_true,theta_p_true,coord_i_true_x,coord_i_true_y,radiusX_i_true,radiusY_i_true,theta_i_true
105.00848484848487,75.7721212121212,5.575757575757576,5.575757575757576,0.04,103.60242424242422,75.38424242424243,23.68969696969697,22.72969696969697,-0.31
