coord_p_true_x,coord_p_true_y,radiusX_p_true,radiusY_p_true,theta_p_true,coord_i_true_x,coord_i_true_y,radiusX_i_true,radiusY_i_true,theta_i_true
119.09818181818187,76.1018181818182,11.83030303030303,11.18060606060606,-0.01,122.67636363636363,76.41212121212122,24.416969696969698,24.416969696969698,-0.05
