coord_p_true_x,coord_p_true_y,radiusX_p_true,radiusY_p_true,theta_p_true,coord_i_true_x,coord_i_true_y,radiusX_i_true,radiusY_i_true,theta_i_true
108.76121212121215,78.83636363636364,8.736969696969696,8.736969696969696,-0.18,108.66424242424243,80.28121212121215,22.38060606060606,22.38060606060606,-0.42
