coord_p_true_x,coord_p_true_y,radiusX_p_true,radiusY_p_true,theta_p_true,coord_i_true_x,coord_i_true_y,radiusX_i_true,radiusY_i_true,theta_i_true
100.19878787878793,79.60242424242422,8.407272727272728,8.979393939393939,0.32,99.78181818181817,80.75636363636362,24.35878787878788,24.35878787878788,-0.11
