coord_p_true_x,coord_p_true_y,radiusX_p_true,radiusY_p_true,theta_p_true,coord_i_true_x,coord_i_true_y,radiusX_i_true,radiusY_i_true,theta_i_true
115.7721212121212,77.5466666666667,8.872727272727273,8.872727272727273,0.07,115.08363636363637,78.99151515151513,24.572121212121214,24.572121212121214,0.08
