coord_p_true_x,coord_p_true_y,radiusX_p_true,radiusY_p_true,theta_p_true,coord_i_true_x,coord_i_true_y,radiusX_i_true,radiusY_i_true,theta_i_true
119.2921212121212,77.64363636363636,9.532121212121213,9.532121212121213,0.08,120.80484848484853,76.95515151515153,25.124848484848485,25.124848484848485,-0.09
