coord_p_true_x,coord_p_true_y,radiusX_p_true,radiusY_p_true,theta_p_true,coord_i_true_x,coord_i_true_y,radiusX_i_true,radiusY_i_true,theta_i_true
110.22545454545457,73.92969696969698,9.270303030303031,9.270303030303031,0.01,109.02303030303031,74.43393939393938,22.671515151515152,22.671515151515152,-0.1
