coord_p_true_x,coord_p_true_y,radiusX_p_true,radiusY_p_true,theta_p_true,coord_i_true_x,coord_i_true_y,radiusX_i_true,radiusY_i_true,theta_i_true
118.01212121212126,78.57454545454543,14.128484848484849,14.128484848484849,-0.12,117.7212121212121,77.61454545454548,25.105454545454545,25.105454545454545,-0.03
