coord_p_true_x,coord_p_true_y,radiusX_p_true,radiusY_p_true,theta_p_true,coord_i_true_x,coord_i_true_y,radiusX_i_true,radiusY_i_true,theta_i_true
116.01454545454544,79.75757575757576,14.681212121212122,14.681212121212122,0.03,114.25939393939393,78.56484848484847,24.727272727272727,24.727272727272727,-0.02
