coord_p_true_x,coord_p_true_y,radiusX_p_true,radiusY_p_true,theta_p_true,coord_i_true_x,coord_i_true_y,radiusX_i_true,radiusY_i_true,theta_i_true
115.76242424242425,73.84242424242423,9.163636363636364,9.163636363636364,0.08,117.02303030303025,74.96727272727273,22.933333333333334,22.933333333333334,-0.07
