coord_p_true_x,coord_p_true_y,radiusX_p_true,radiusY_p_true,theta_p_true,coord_i_true_x,coord_i_true_y,radiusX_i_true,radiusY_i_true,theta_i_true
107.96606060606058,74.32727272727271,4.800000000000001,4.916363636363637,-0.09,108.16000000000003,74.55030303030303,24.106666666666666,23.06909090909091,-0.26
