coord_p_true_x,coord_p_true_y,radiusX_p_true,radiusY_p_true,theta_p_true,coord_i_true_x,coord_i_true_y,radiusX_i_true,radiusY_i_true,theta_i_true
111.7478787878788,75.00606060606063,4.567272727272727,4.3927272727272735,-0.52,113.13454545454542,75.51030303030304,24.184242424242427,24.184242424242427,-0.11
