coord_p_true_x,coord_p_true_y,radiusX_p_true,radiusY_p_true,theta_p_true,coord_i_true_x,coord_i_true_y,radiusX_i_true,radiusY_i_true,theta_i_true
108.61575757575757,77.15878787878788,6.448484848484849,6.448484848484849,0.04,109.82787878787879,79.1660606060606,25.687272727272727,25.687272727272727,-0.03
