coord_p_true_x,coord_p_true_y,radiusX_p_true,radiusY_p_true,theta_p_true,coord_i_true_x,coord_i_true_y,radiusX_i_true,radiusY_i_true,theta_i_true
112.74666666666666,77.36242424242421,7.961212121212122,7.961212121212122,0.05,112.61090909090909,78.67151515151515,24.106666666666666,24.106666666666666,-0.06
