coord_p_true_x,coord_p_true_y,radiusX_p_true,radiusY_p_true,theta_p_true,coord_i_true_x,coord_i_true_y,radiusX_i_true,radiusY_i_true,theta_i_true
102.84606060606062,78.55515151515151,6.361212121212121,6.361212121212121,-0.11,101.6339393939394,80.93090909090907,25.784242424242425,25.784242424242425,-0.09
