coord_p_true_x,coord_p_true_y,radiusX_p_true,radiusY_p_true,theta_p_true,coord_i_true_x,coord_i_true_y,radiusX_i_true,radiusY_i_true,theta_i_true
106.94787878787875,78.92363636363635,7.903030303030303,7.903030303030303,0.19,106.7636363636364,79.67030303030306,23.156363636363636,23.156363636363636,-0.07
