coord_p_true_x,coord_p_true_y,radiusX_p_true,radiusY_p_true,theta_p_true,coord_i_true_x,coord_i_true_y,radiusX_i_true,radiusY_i_true,theta_i_true
107.47151515151519,79.01090909090911,7.951515151515151,7.951515151515151,0.13,108.60606060606061,78.81696969696968,23.912727272727274,23.912727272727274,-0.08
