coord_p_true_x,coord_p_true_y,radiusX_p_true,radiusY_p_true,theta_p_true,coord_i_true_x,coord_i_true_y,radiusX_i_true,radiusY_i_true,theta_i_true
119.73818181818184,74.66666666666667,6.0218181818181815,6.0218181818181815,0.09,118.1381818181818,72.78545454545456,24.930909090909093,24.930909090909093,-0.13
