coord_p_true_x,coord_p_true_y,radiusX_p_true,radiusY_p_true,theta_p_true,coord_i_true_x,coord_i_true_y,radiusX_i_true,radiusY_i_true,theta_i_true
99.27757575757576,85.44000000000001,11.035151515151517,11.035151515151517,-0.08,100.17939393939389,84.26666666666665,31.059393939393942,31.059393939393942,2.95
