coord_p_true_x,coord_p_true_y,radiusX_p_true,radiusY_p_true,theta_p_true,coord_i_true_x,coord_i_true_y,radiusX_i_true,radiusY_i_true,theta_i_true
112.34909090909092,78.0509090909091,7.5636363636363635,7.5636363636363635,-0.01,111.01090909090911,77.97333333333336,24.387878787878787,24.387878787878787,-0.06
