coord_p_true_x,coord_p_true_y,radiusX_p_true,radiusY_p_true,theta_p_true,coord_i_true_x,coord_i_true_y,radiusX_i_true,radiusY_i_true,theta_i_true
114.55030303030303,76.72242424242425,5.343030303030303,5.1490909090909085,0.08,115.65575757575756,78.8848484848485,20.19878787878788,20.19878787878788,-0.05
