coord_p_true_x,coord_p_true_y,radiusX_p_true,radiusY_p_true,theta_p_true,coord_i_true_x,coord_i_true_y,radiusX_i_true,radiusY_i_true,theta_i_true
102.66181818181819,81.7357575757576,11.452121212121213,11.452121212121213,-0.03,101.69212121212122,78.2157575757576,31.166060606060608,31.71878787878788,-0.42
