coord_p_true_x,coord_p_true_y,radiusX_p_true,radiusY_p_true,theta_p_true,coord_i_true_x,coord_i_true_y,radiusX_i_true,radiusY_i_true,theta_i_true
114.20121212121211,72.98909090909089,5.401212121212121,5.294545454545455,-0.24,115.5684848484848,73.05696969696967,23.873939393939395,23.873939393939395,-0.28
