coord_p_true_x,coord_p_true_y,radiusX_p_true,radiusY_p_true,theta_p_true,coord_i_true_x,coord_i_true_y,radiusX_i_true,radiusY_i_true,theta_i_true
118.23515151515153,77.65333333333332,5.498181818181818,5.362424242424243,0.09,118.00242424242424,77.69212121212122,20.18909090909091,20.18909090909091,0.02
