coord_p_true_x,coord_p_true_y,radiusX_p_true,radiusY_p_true,theta_p_true,coord_i_true_x,coord_i_true_y,radiusX_i_true,radiusY_i_true,theta_i_true
108.1018181818182,76.48,7.747878787878788,7.747878787878788,-0.15,108.12121212121212,76.95515151515153,22.138181818181817,22.138181818181817,0.0
