coord_p_true_x,coord_p_true_y,radiusX_p_true,radiusY_p_true,theta_p_true,coord_i_true_x,coord_i_true_y,radiusX_i_true,radiusY_i_true,theta_i_true
111.93212121212116,74.78303030303032,7.195151515151515,7.195151515151515,-0.41,112.70787878787881,75.56848484848486,22.632727272727273,22.632727272727273,-0.27
