coord_p_true_x,coord_p_true_y,radiusX_p_true,radiusY_p_true,theta_p_true,coord_i_true_x,coord_i_true_y,radiusX_i_true,radiusY_i_true,theta_i_true
112.67878787878787,75.6848484848485,14.74909090909091,14.74909090909091,0.04,112.48484848484848,75.44242424242425,28.703030303030307,28.703030303030307,-0.13
