coord_p_true_x,coord_p_true_y,radiusX_p_true,radiusY_p_true,theta_p_true,coord_i_true_x,coord_i_true_y,radiusX_i_true,radiusY_i_true,theta_i_true
108.98424242424241,76.29575757575759,14.787878787878789,14.787878787878789,0.06,110.4290909090909,75.91757575757578,28.78060606060606,28.78060606060606,-0.05
