coord_p_true_x,coord_p_true_y,radiusX_p_true,radiusY_p_true,theta_p_true,coord_i_true_x,coord_i_true_y,radiusX_i_true,radiusY_i_true,theta_i_true
104.46545454545456,80.22303030303033,7.796363636363636,7.660606060606061,0.14,106.04606060606062,77.83757575757575,32.82424242424243,32.82424242424243,-0.15
