coord_p_true_x,coord_p_true_y,radiusX_p_true,radiusY_p_true,theta_p_true,coord_i_true_x,coord_i_true_y,radiusX_i_true,radiusY_i_true,theta_i_true
102.1381818181818,77.96363636363634,7.6896969696969695,7.6896969696969695,0.11,100.5187878787879,78.40969696969698,19.820606060606064,19.820606060606064,-0.08
