coord_p_true_x,coord_p_true_y,radiusX_p_true,radiusY_p_true,theta_p_true,coord_i_true_x,coord_i_true_y,radiusX_i_true,radiusY_i_true,theta_i_true
97.93939393939394,78.61333333333333,7.553939393939395,7.553939393939395,0.14,98.69575757575755,79.48606060606063,20.56727272727273,20.295757575757577,0.07
