coord_p_true_x,coord_p_true_y,radiusX_p_true,radiusY_p_true,theta_p_true,coord_i_true_x,coord_i_true_y,radiusX_i_true,radiusY_i_true,theta_i_true
119.60242424242428,74.23030303030305,13.527272727272727,13.090909090909092,-0.17,120.72727272727273,73.56121212121214,26.375757575757575,26.375757575757575,-0.21
