coord_p_true_x,coord_p_true_y,radiusX_p_true,radiusY_p_true,theta_p_true,coord_i_true_x,coord_i_true_y,radiusX_i_true,radiusY_i_true,theta_i_true
114.8509090909091,80.35878787878788,6.933333333333334,6.933333333333334,0.14,114.51151515151513,80.78545454545456,31.00121212121212,31.00121212121212,0.0
