coord_p_true_x,coord_p_true_y,radiusX_p_true,radiusY_p_true,theta_p_true,coord_i_true_x,coord_i_true_y,radiusX_i_true,radiusY_i_true,theta_i_true
120.46545454545456,74.20121212121211,15.893333333333334,16.155151515151516,-0.18,120.4557575757576,72.33939393939396,30.1769696969697,30.1769696969697,-0.11
