coord_p_true_x,coord_p_true_y,radiusX_p_true,radiusY_p_true,theta_p_true,coord_i_true_x,coord_i_true_y,radiusX_i_true,radiusY_i_true,theta_i_true
107.52969696969696,73.93939393939394,8.523636363636363,8.523636363636363,-0.12,108.86787878787878,73.45454545454545,25.406060606060606,25.406060606060606,-0.26
