coord_p_true_x,coord_p_true_y,radiusX_p_true,radiusY_p_true,theta_p_true,coord_i_true_x,coord_i_true_y,radiusX_i_true,radiusY_i_true,theta_i_true
116.15030303030301,79.84484848484847,10.317575757575758,10.317575757575758,0.21,117.68242424242426,80.51393939393937,24.833939393939396,25.134545454545457,0.05
