coord_p_true_x,coord_p_true_y,radiusX_p_true,radiusY_p_true,theta_p_true,coord_i_true_x,coord_i_true_y,radiusX_i_true,radiusY_i_true,theta_i_true
115.41333333333331,80.71757575757577,10.433939393939394,10.433939393939394,0.11,114.93818181818179,81.23151515151514,24.901818181818182,24.901818181818182,-0.05
