coord_p_true_x,coord_p_true_y,radiusX_p_true,radiusY_p_true,theta_p_true,coord_i_true_x,coord_i_true_y,radiusX_i_true,radiusY_i_true,theta_i_true
106.16242424242427,72.84363636363636,7.6896969696969695,7.6896969696969695,0.03,104.65939393939395,73.29939393939392,24.484848484848484,24.484848484848484,-0.29
