coord_p_true_x,coord_p_true_y,radiusX_p_true,radiusY_p_true,theta_p_true,coord_i_true_x,coord_i_true_y,radiusX_i_true,radiusY_i_true,theta_i_true
106.4048484848485,74.75393939393938,7.4763636363636365,7.4763636363636365,-0.31,106.88969696969698,79.05939393939391,26.967272727272725,26.152727272727272,-0.04
