coord_p_true_x,coord_p_true_y,radiusX_p_true,radiusY_p_true,theta_p_true,coord_i_true_x,coord_i_true_y,radiusX_i_true,radiusY_i_true,theta_i_true
111.25333333333336,78.390303030303,7.107878787878788,7.107878787878788,-0.33,111.7478787878788,79.34060606060605,26.89939393939394,25.87151515151515,-0.08
