coord_p_true_x,coord_p_true_y,radiusX_p_true,radiusY_p_true,theta_p_true,coord_i_true_x,coord_i_true_y,radiusX_i_true,radiusY_i_true,theta_i_true
108.62545454545453,76.01454545454544,11.20969696969697,11.20969696969697,0.08,108.94545454545457,76.77090909090911,25.115151515151513,25.115151515151513,0.04
