coord_p_true_x,coord_p_true_y,radiusX_p_true,radiusY_p_true,theta_p_true,coord_i_true_x,coord_i_true_y,radiusX_i_true,radiusY_i_true,theta_i_true
107.90787878787876,77.03272727272727,10.59878787878788,10.59878787878788,-0.27,106.82181818181816,79.94181818181818,25.61939393939394,25.61939393939394,2.99
