coord_p_true_x,coord_p_true_y,radiusX_p_true,radiusY_p_true,theta_p_true,coord_i_true_x,coord_i_true_y,radiusX_i_true,radiusY_i_true,theta_i_true
111.61212121212124,71.60242424242422,12.072727272727272,12.024242424242425,-0.69,113.37696969696967,73.10545454545453,21.953939393939397,21.953939393939397,-0.32
