coord_p_true_x,coord_p_true_y,radiusX_p_true,radiusY_p_true,theta_p_true,coord_i_true_x,coord_i_true_y,radiusX_i_true,radiusY_i_true,theta_i_true
117.00363636363633,76.29575757575759,6.526060606060606,6.526060606060606,-0.03,119.2436363636364,75.4812121212121,23.495757575757576,23.495757575757576,-0.11
