coord_p_true_x,coord_p_true_y,radiusX_p_true,radiusY_p_true,theta_p_true,coord_i_true_x,coord_i_true_y,radiusX_i_true,radiusY_i_true,theta_i_true
103.93212121212116,78.35151515151516,7.224242424242425,7.224242424242425,-0.04,104.62060606060605,80.13575757575757,29.12,29.12,-0.05
