coord_p_true_x,coord_p_true_y,radiusX_p_true,radiusY_p_true,theta_p_true,coord_i_true_x,coord_i_true_y,radiusX_i_true,radiusY_i_true,theta_i_true
113.5709090909091,71.75757575757576,12.17939393939394,12.17939393939394,-0.02,113.08606060606061,72.82424242424244,21.39151515151515,21.39151515151515,-0.08
