coord_p_true_x,coord_p_true_y,radiusX_p_true,radiusY_p_true,theta_p_true,coord_i_true_x,coord_i_true_y,radiusX_i_true,radiusY_i_true,theta_i_true
105.51272727272728,75.36484848484851,6.972121212121213,6.972121212121213,0.02,103.7090909090909,78.3418181818182,27.87878787878788,27.87878787878788,-0.03
