coord_p_true_x,coord_p_true_y,radiusX_p_true,radiusY_p_true,theta_p_true,coord_i_true_x,coord_i_true_y,radiusX_i_true,radiusY_i_true,theta_i_true
118.02181818181816,81.89090909090908,10.22060606060606,10.22060606060606,0.35,117.33333333333334,82.98666666666665,25.92,25.92,0.12
