coord_p_true_x,coord_p_true_y,radiusX_p_true,radiusY_p_true,theta_p_true,coord_i_true_x,coord_i_true_y,radiusX_i_true,radiusY_i_true,theta_i_true
105.41575757575761,76.53818181818183,9.047272727272727,9.047272727272727,0.13,108.21818181818185,77.06181818181821,24.290909090909093,24.290909090909093,-0.21
