coord_p_true_x,coord_p_true_y,radiusX_p_true,radiusY_p_true,theta_p_true,coord_i_true_x,coord_i_true_y,radiusX_i_true,radiusY_i_true,theta_i_true
109.05212121212125,77.62424242424244,11.578181818181818,11.578181818181818,0.12,109.03272727272733,78.72969696969697,25.202424242424243,25.202424242424243,-0.06
