coord_p_true_x,coord_p_true_y,radiusX_p_true,radiusY_p_true,theta_p_true,coord_i_true_x,coord_i_true_y,radiusX_i_true,radiusY_i_true,theta_i_true
112.15515151515154,76.20848484848483,8.853333333333333,8.853333333333333,0.1,110.48727272727272,76.22787878787881,24.94060606060606,24.94060606060606,-0.2
