coord_p_true_x,coord_p_true_y,radiusX_p_true,radiusY_p_true,theta_p_true,coord_i_true_x,coord_i_true_y,radiusX_i_true,radiusY_i_true,theta_i_true
115.84969696969699,80.78545454545456,5.478787878787879,5.420606060606061,0.82,115.31636363636366,81.5321212121212,24.94060606060606,23.573333333333334,0.23
