coord_p_true_x,coord_p_true_y,radiusX_p_true,radiusY_p_true,theta_p_true,coord_i_true_x,coord_i_true_y,radiusX_i_true,radiusY_i_true,theta_i_true
120.01939393939392,82.16242424242427,5.343030303030303,5.12969696969697,0.62,121.53212121212125,82.06545454545454,26.210909090909094,25.183030303030304,0.26
