coord_p_true_x,coord_p_true_y,radiusX_p_true,radiusY_p_true,theta_p_true,coord_i_true_x,coord_i_true_y,radiusX_i_true,radiusY_i_true,theta_i_true
114.94787878787875,81.03757575757575,6.913939393939394,6.690909090909091,0.51,117.00363636363633,79.2436363636364,27.85939393939394,28.082424242424246,0.26
