coord_p_true_x,coord_p_true_y,radiusX_p_true,radiusY_p_true,theta_p_true,coord_i_true_x,coord_i_true_y,radiusX_i_true,radiusY_i_true,theta_i_true
109.37212121212123,73.81333333333335,7.4763636363636365,7.04,0.29,108.66424242424243,76.47030303030304,25.25090909090909,23.12727272727273,0.13
